  0
SECTION
  2
HEADER
  9
$ACADVER
  1
AC1014
  9
$ACADMAINTVER
 70
     9
  9
$DWGCODEPAGE
  3
ANSI_1252
  9
$INSBASE
 10
0.0
 20
0.0
 30
0.0
  9
$EXTMIN
 10
1.000000000000000E+20
 20
1.000000000000000E+20
 30
1.000000000000000E+20
  9
$EXTMAX
 10
-1.000000000000000E+20
 20
-1.000000000000000E+20
 30
-1.000000000000000E+20
  9
$LIMMIN
 10
0.0
 20
0.0
  9
$LIMMAX
 10
420.0
 20
297.0
  9
$ORTHOMODE
 70
     0
  9
$REGENMODE
 70
     1
  9
$FILLMODE
 70
     1
  9
$QTEXTMODE
 70
     0
  9
$MIRRTEXT
 70
     1
  9
$DRAGMODE
 70
     2
  9
$LTSCALE
 40
1.0
  9
$OSMODE
 70
    37
  9
$ATTMODE
 70
     1
  9
$TEXTSIZE
 40
2.5
  9
$TRACEWID
 40
1.0
  9
$TEXTSTYLE
  7
STANDARD
  9
$CLAYER
  8
0
  9
$CELTYPE
  6
BYLAYER
  9
$CECOLOR
 62
   256
  9
$CELTSCALE
 40
1.0
  9
$DELOBJ
 70
     1
  9
$DISPSILH
 70
     0
  9
$DIMSCALE
 40
1.0
  9
$DIMASZ
 40
2.5
  9
$DIMEXO
 40
0.625
  9
$DIMDLI
 40
3.75
  9
$DIMRND
 40
0.0
  9
$DIMDLE
 40
0.0
  9
$DIMEXE
 40
1.25
  9
$DIMTP
 40
0.0
  9
$DIMTM
 40
0.0
  9
$DIMTXT
 40
2.5
  9
$DIMCEN
 40
2.5
  9
$DIMTSZ
 40
0.0
  9
$DIMTOL
 70
     0
  9
$DIMLIM
 70
     0
  9
$DIMTIH
 70
     0
  9
$DIMTOH
 70
     0
  9
$DIMSE1
 70
     0
  9
$DIMSE2
 70
     0
  9
$DIMTAD
 70
     1
  9
$DIMZIN
 70
     8
  9
$DIMBLK
  1

  9
$DIMASO
 70
     1
  9
$DIMSHO
 70
     1
  9
$DIMPOST
  1

  9
$DIMAPOST
  1

  9
$DIMALT
 70
     0
  9
$DIMALTD
 70
     3
  9
$DIMALTF
 40
0.03937007874016
  9
$DIMLFAC
 40
1.0
  9
$DIMTOFL
 70
     1
  9
$DIMTVP
 40
0.0
  9
$DIMTIX
 70
     0
  9
$DIMSOXD
 70
     0
  9
$DIMSAH
 70
     0
  9
$DIMBLK1
  1

  9
$DIMBLK2
  1

  9
$DIMSTYLE
  2
ISO-25
  9
$DIMCLRD
 70
     0
  9
$DIMCLRE
 70
     0
  9
$DIMCLRT
 70
     0
  9
$DIMTFAC
 40
1.0
  9
$DIMGAP
 40
0.625
  9
$DIMJUST
 70
     0
  9
$DIMSD1
 70
     0
  9
$DIMSD2
 70
     0
  9
$DIMTOLJ
 70
     0
  9
$DIMTZIN
 70
     8
  9
$DIMALTZ
 70
     0
  9
$DIMALTTZ
 70
     0
  9
$DIMFIT
 70
     3
  9
$DIMUPT
 70
     0
  9
$DIMUNIT
 70
     2
  9
$DIMDEC
 70
     2
  9
$DIMTDEC
 70
     2
  9
$DIMALTU
 70
     2
  9
$DIMALTTD
 70
     3
  9
$DIMTXSTY
  7
STANDARD
  9
$DIMAUNIT
 70
     0
  9
$LUNITS
 70
     2
  9
$LUPREC
 70
     4
  9
$SKETCHINC
 40
1.0
  9
$FILLETRAD
 40
0.0
  9
$AUNITS
 70
     0
  9
$AUPREC
 70
     0
  9
$MENU
  1
.
  9
$ELEVATION
 40
0.0
  9
$PELEVATION
 40
0.0
  9
$THICKNESS
 40
0.0
  9
$LIMCHECK
 70
     0
  9
$CHAMFERA
 40
0.0
  9
$CHAMFERB
 40
0.0
  9
$CHAMFERC
 40
0.0
  9
$CHAMFERD
 40
0.0
  9
$SKPOLY
 70
     0
  9
$TDCREATE
 40
2461260.925765162
  9
$TDUPDATE
 40
2461260.925765336
  9
$TDINDWG
 40
0.0000000116
  9
$TDUSRTIMER
 40
0.0000000116
  9
$USRTIMER
 70
     1
  9
$ANGBASE
 50
0.0
  9
$ANGDIR
 70
     0
  9
$PDMODE
 70
     0
  9
$PDSIZE
 40
0.0
  9
$PLINEWID
 40
0.0
  9
$COORDS
 70
     1
  9
$SPLFRAME
 70
     0
  9
$SPLINETYPE
 70
     6
  9
$SPLINESEGS
 70
     8
  9
$ATTDIA
 70
     0
  9
$ATTREQ
 70
     1
  9
$HANDLING
 70
     1
  9
$HANDSEED
  5
10000B43
  9
$SURFTAB1
 70
     6
  9
$SURFTAB2
 70
     6
  9
$SURFTYPE
 70
     6
  9
$SURFU
 70
     6
  9
$SURFV
 70
     6
  9
$UCSNAME
  2

  9
$UCSORG
 10
0.0
 20
0.0
 30
0.0
  9
$UCSXDIR
 10
1.0
 20
0.0
 30
0.0
  9
$UCSYDIR
 10
0.0
 20
1.0
 30
0.0
  9
$PUCSNAME
  2

  9
$PUCSORG
 10
0.0
 20
0.0
 30
0.0
  9
$PUCSXDIR
 10
1.0
 20
0.0
 30
0.0
  9
$PUCSYDIR
 10
0.0
 20
1.0
 30
0.0
  9
$USERI1
 70
     0
  9
$USERI2
 70
     0
  9
$USERI3
 70
     0
  9
$USERI4
 70
     0
  9
$USERI5
 70
     0
  9
$USERR1
 40
0.0
  9
$USERR2
 40
0.0
  9
$USERR3
 40
0.0
  9
$USERR4
 40
0.0
  9
$USERR5
 40
0.0
  9
$WORLDVIEW
 70
     1
  9
$SHADEDGE
 70
     3
  9
$SHADEDIF
 70
    70
  9
$TILEMODE
 70
     1
  9
$MAXACTVP
 70
    64
  9
$PINSBASE
 10
0.0
 20
0.0
 30
0.0
  9
$PLIMCHECK
 70
     0
  9
$PEXTMIN
 10
1.000000000000000E+20
 20
1.000000000000000E+20
 30
1.000000000000000E+20
  9
$PEXTMAX
 10
-1.000000000000000E+20
 20
-1.000000000000000E+20
 30
-1.000000000000000E+20
  9
$PLIMMIN
 10
0.0
 20
0.0
  9
$PLIMMAX
 10
420.0
 20
297.0
  9
$UNITMODE
 70
     0
  9
$VISRETAIN
 70
     1
  9
$PLINEGEN
 70
     0
  9
$PSLTSCALE
 70
     1
  9
$TREEDEPTH
 70
  3020
  9
$PICKSTYLE
 70
     1
  9
$CMLSTYLE
  2
STANDARD
  9
$CMLJUST
 70
     0
  9
$CMLSCALE
 40
20.0
  9
$PROXYGRAPHICS
 70
     1
  9
$MEASUREMENT
 70
     1
  0
ENDSEC
  0
SECTION
  2
CLASSES
  0
CLASS
  1
ACDBDICTIONARYWDFLT
  2
AcDbDictionaryWithDefault
  3
ObjectDBX Classes
 90
        0
280
     0
281
     0
  0
CLASS
  1
VISUALSTYLE
  2
AcDbVisualStyle
  3
ObjectDBX Classes
 90
     4095
280
     0
281
     0
  0
CLASS
  1
MATERIAL
  2
AcDbMaterial
  3
ObjectDBX Classes
 90
     1153
280
     0
281
     0
  0
CLASS
  1
SCALE
  2
AcDbScale
  3
ObjectDBX Classes
 90
     1153
280
     0
281
     0
  0
CLASS
  1
TABLESTYLE
  2
AcDbTableStyle
  3
ObjectDBX Classes
 90
     4095
280
     0
281
     0
  0
CLASS
  1
MLEADERSTYLE
  2
AcDbMLeaderStyle
  3
ACDB_MLEADERSTYLE_CLASS
 90
     4095
280
     0
281
     0
  0
CLASS
  1
SUN
  2
AcDbSun
  3
SCENEOE
 90
     1153
280
     0
281
     0
  0
CLASS
  1
SORTENTSTABLE
  2
AcDbSortentsTable
  3
ObjectDBX Classes
 90
        0
280
     0
281
     0
  0
CLASS
  1
DICTIONARYVAR
  2
AcDbDictionaryVar
  3
ObjectDBX Classes
 90
        0
280
     0
281
     0
  0
CLASS
  1
XRECORD
  2
AcDbXrecord
  3
ObjectDBX Classes
 90
        0
280
     0
281
     0
  0
CLASS
  1
LWPOLYLINE
  2
AcDbPolyline
  3
ObjectDBX Classes
 90
        0
280
     0
281
     1
  0
CLASS
  1
HATCH
  2
AcDbHatch
  3
ObjectDBX Classes
 90
        0
280
     0
281
     1
  0
CLASS
  1
ACDBPLACEHOLDER
  2
AcDbPlaceHolder
  3
ObjectDBX Classes
 90
        0
280
     0
281
     0
  0
CLASS
  1
LAYOUT
  2
AcDbLayout
  3
ObjectDBX Classes
 90
        0
280
     0
281
     0
  0
ENDSEC
  0
SECTION
  2
TABLES
  0
TABLE
  2
VPORT
  5
8
102
{ACAD_XDICTIONARY
360
10000B38
102
}
330
0
100
AcDbSymbolTable
 70
     1
  0
VPORT
  5
29
330
8
100
AcDbSymbolTableRecord
100
AcDbViewportTableRecord
  2
*ACTIVE
 70
     0
 10
0.0
 20
0.0
 11
1.0
 21
1.0
 12
344.1869158878504
 22
148.5
 13
0.0
 23
0.0
 14
10.0
 24
10.0
 15
10.0
 25
10.0
 16
0.0
 26
0.0
 36
1.0
 17
0.0
 27
0.0
 37
0.0
 40
297.0
 41
1.972972972850329
 42
50.0
 43
0.0
 44
0.0
 50
0.0
 51
0.0
 71
     0
 72
   100
 73
     1
 74
     3
 75
     0
 76
     0
 77
     0
 78
     0
  0
ENDTAB
  0
TABLE
  2
LTYPE
  5
5
330
0
100
AcDbSymbolTable
 70
     7
  0
LTYPE
  5
14
330
5
100
AcDbSymbolTableRecord
100
AcDbLinetypeTableRecord
  2
BYBLOCK
 70
     0
  3

 72
    65
 73
     0
 40
0.0
  0
LTYPE
  5
15
330
5
100
AcDbSymbolTableRecord
100
AcDbLinetypeTableRecord
  2
BYLAYER
 70
     0
  3

 72
    65
 73
     0
 40
0.0
  0
LTYPE
  5
16
330
5
100
AcDbSymbolTableRecord
100
AcDbLinetypeTableRecord
  2
CONTINUOUS
 70
     0
  3
Solid line
 72
    65
 73
     0
 40
0.0
  0
LTYPE
  5
10000024
330
5
100
AcDbSymbolTableRecord
100
AcDbLinetypeTableRecord
  2
ONS_PHANTOM
 70
     0
  3
Onshape Phantom line ______ __ __ ______
 72
    65
 73
     6
 40
0.4999999999999999
 49
0.25
 74
     0
 49
-0.05
 74
     0
 49
0.05
 74
     0
 49
-0.05
 74
     0
 49
0.05
 74
     0
 49
-0.05
 74
     0
  0
LTYPE
  5
10000025
330
5
100
AcDbSymbolTableRecord
100
AcDbLinetypeTableRecord
  2
CENTER
 70
     0
  3
Center line ____ _ ____ _ ____ _
 72
    65
 73
     4
 40
0.7874015748031495
 49
0.4921259842519685
 74
     0
 49
-0.0984251968503937
 74
     0
 49
0.0984251968503937
 74
     0
 49
-0.0984251968503937
 74
     0
  0
LTYPE
  5
10000026
330
5
100
AcDbSymbolTableRecord
100
AcDbLinetypeTableRecord
  2
DASHED
 70
     0
  3
Dashed line __ __ __ __ __
 72
    65
 73
     2
 40
0.75
 49
0.5
 74
     0
 49
-0.25
 74
     0
  0
LTYPE
  5
10000027
330
5
100
AcDbSymbolTableRecord
100
AcDbLinetypeTableRecord
  2
ONS_DASHDOT
 70
     0
  3
Onshape Dashed with Dot _ . ____ . ____
 72
    65
 73
     4
 40
0.71
 49
0.5
 74
     0
 49
-0.1
 74
     0
 49
0.01
 74
     0
 49
-0.1
 74
     0
  0
LTYPE
  5
10000028
330
5
100
AcDbSymbolTableRecord
100
AcDbLinetypeTableRecord
  2
ONS_DOTTED
 70
     0
  3
Onshape Dotted line . . . . . . .
 72
    65
 73
     2
 40
0.11
 49
0.01
 74
     0
 49
-0.1
 74
     0
  0
LTYPE
  5
10000029
330
5
100
AcDbSymbolTableRecord
100
AcDbLinetypeTableRecord
  2
HIDDEN
 70
     0
  3
Hidden line ____ ____ ____ ____ 
 72
    65
 73
     2
 40
0.15
 49
0.1
 74
     0
 49
-0.05
 74
     0
  0
ENDTAB
  0
TABLE
  2
LAYER
  5
2
330
0
100
AcDbSymbolTable
 70
    48
  0
LAYER
  5
10
330
2
100
AcDbSymbolTableRecord
100
AcDbLayerTableRecord
  2
0
 70
     0
 62
     7
  6
CONTINUOUS
  0
LAYER
  5
1000002A
330
2
100
AcDbSymbolTableRecord
100
AcDbLayerTableRecord
  2
SECTION_CUTTING_LINE
 70
     0
 62
     7
  6
ONS_DASHDOT
  0
LAYER
  5
1000002B
330
2
100
AcDbSymbolTableRecord
100
AcDbLayerTableRecord
  2
DETAIL_VIEW_BORDER
 70
     0
 62
     7
  6
CONTINUOUS
  0
LAYER
  5
1000002C
330
2
100
AcDbSymbolTableRecord
100
AcDbLayerTableRecord
  2
DETAIL_VIEW_PARENT_BORDER
 70
     0
 62
     7
  6
ONS_PHANTOM
  0
LAYER
  5
1000002D
330
2
100
AcDbSymbolTableRecord
100
AcDbLayerTableRecord
  2
TEXT
 70
     0
 62
     7
  6
CONTINUOUS
  0
LAYER
  5
1000002E
330
2
100
AcDbSymbolTableRecord
100
AcDbLayerTableRecord
  2
SKETCHED_GEOMETRY
 70
     0
 62
    -7
  6
CONTINUOUS
  0
LAYER
  5
1000002F
330
2
100
AcDbSymbolTableRecord
100
AcDbLayerTableRecord
  2
VIRTUAL_SHARPS
 70
     0
 62
    -7
  6
CONTINUOUS
  0
LAYER
  5
10000030
330
2
100
AcDbSymbolTableRecord
100
AcDbLayerTableRecord
  2
CENTERLINES
 70
     0
 62
    -7
  6
CENTER
  0
LAYER
  5
10000031
330
2
100
AcDbSymbolTableRecord
100
AcDbLayerTableRecord
  2
CENTERMARKS
 70
     0
 62
    -7
  6
CONTINUOUS
  0
LAYER
  5
10000032
330
2
100
AcDbSymbolTableRecord
100
AcDbLayerTableRecord
  2
TABLES
 70
     0
 62
     7
  6
CONTINUOUS
  0
LAYER
  5
10000033
330
2
100
AcDbSymbolTableRecord
100
AcDbLayerTableRecord
  2
IMAGES
 70
     0
 62
    -7
  6
CONTINUOUS
  0
LAYER
  5
10000034
330
2
100
AcDbSymbolTableRecord
100
AcDbLayerTableRecord
  2
ANNOTATION_LINES
 70
     0
 62
    -7
  6
CONTINUOUS
  0
LAYER
  5
10000035
330
2
100
AcDbSymbolTableRecord
100
AcDbLayerTableRecord
  2
ANNOTATION_TEXT
 70
     0
 62
    -7
  6
CONTINUOUS
  0
LAYER
  5
10000036
330
2
100
AcDbSymbolTableRecord
100
AcDbLayerTableRecord
  2
SIDE_THREAD_SYMBOLS
 70
     0
 62
     7
  6
CONTINUOUS
  0
LAYER
  5
10000037
330
2
100
AcDbSymbolTableRecord
100
AcDbLayerTableRecord
  2
SIDE_THREAD_SYMBOLS_HIDDEN
 70
     0
 62
    -7
  6
HIDDEN
  0
LAYER
  5
10000038
330
2
100
AcDbSymbolTableRecord
100
AcDbLayerTableRecord
  2
SURFACE_THREAD_SYMBOLS
 70
     0
 62
     7
  6
CONTINUOUS
  0
LAYER
  5
10000039
330
2
100
AcDbSymbolTableRecord
100
AcDbLayerTableRecord
  2
SURFACE_THREAD_SYMBOLS_ON_
 70
     0
 62
     7
  6
CONTINUOUS
  0
LAYER
  5
1000003A
330
2
100
AcDbSymbolTableRecord
100
AcDbLayerTableRecord
  2
SURFACE_THREAD_SYMBOLS_HID
 70
     0
 62
    -7
  6
HIDDEN
  0
LAYER
  5
1000003B
330
2
100
AcDbSymbolTableRecord
100
AcDbLayerTableRecord
  2
BLIND_THREAD_SYMBOLS
 70
     0
 62
     7
  6
CONTINUOUS
  0
LAYER
  5
1000003C
330
2
100
AcDbSymbolTableRecord
100
AcDbLayerTableRecord
  2
BLIND_THREAD_SYMBOLS_HIDDE
 70
     0
 62
    -7
  6
HIDDEN
  0
LAYER
  5
1000003D
330
2
100
AcDbSymbolTableRecord
100
AcDbLayerTableRecord
  2
EXPLODE_LINES
 70
     0
 62
     7
  6
ONS_PHANTOM
  0
LAYER
  5
1000003E
330
2
100
AcDbSymbolTableRecord
100
AcDbLayerTableRecord
  2
HIDDEN_EXPLODE_LINES
 70
     0
 62
    -7
  6
ONS_PHANTOM
  0
LAYER
  5
1000003F
330
2
100
AcDbSymbolTableRecord
100
AcDbLayerTableRecord
  2
BREAK_LINES
 70
     0
 62
    -7
  6
CONTINUOUS
  0
LAYER
  5
10000040
330
2
100
AcDbSymbolTableRecord
100
AcDbLayerTableRecord
  2
SHEETMETAL_BEND_LINES_UP
 70
     0
 62
     7
  6
CENTER
  0
LAYER
  5
10000041
330
2
100
AcDbSymbolTableRecord
100
AcDbLayerTableRecord
  2
SHEETMETAL_BEND_LINES_DOWN
 70
     0
 62
     7
  6
CENTER
  0
LAYER
  5
10000042
330
2
100
AcDbSymbolTableRecord
100
AcDbLayerTableRecord
  2
SHEETMETAL_BEND_TANGENT_LI
 70
     0
 62
     7
  6
CONTINUOUS
  0
LAYER
  5
10000043
330
2
100
AcDbSymbolTableRecord
100
AcDbLayerTableRecord
  2
SHEETMETAL_CUT_LINES
 70
     0
 62
     7
  6
CONTINUOUS
  0
LAYER
  5
10000044
330
2
100
AcDbSymbolTableRecord
100
AcDbLayerTableRecord
  2
SHEETMETAL_CBORE_CSINK_UP
 70
     0
 62
     7
  6
CONTINUOUS
  0
LAYER
  5
10000045
330
2
100
AcDbSymbolTableRecord
100
AcDbLayerTableRecord
  2
SHEETMETAL_CBORE_CSINK_DOW
 70
     0
 62
     7
  6
CONTINUOUS
  0
LAYER
  5
10000046
330
2
100
AcDbSymbolTableRecord
100
AcDbLayerTableRecord
  2
SHEETMETAL_CBORE_CSINK_UP_
 70
     0
 62
    -7
  6
HIDDEN
  0
LAYER
  5
10000047
330
2
100
AcDbSymbolTableRecord
100
AcDbLayerTableRecord
  2
SHEETMETAL_CBORE_CSINK_DO0
 70
     0
 62
    -7
  6
HIDDEN
  0
LAYER
  5
10000048
330
2
100
AcDbSymbolTableRecord
100
AcDbLayerTableRecord
  2
SHEETMETAL_FORM_TEAR
 70
     0
 62
     7
  6
CONTINUOUS
  0
LAYER
  5
10000049
330
2
100
AcDbSymbolTableRecord
100
AcDbLayerTableRecord
  2
SHEETMETAL_FORM_UP
 70
     0
 62
     7
  6
CENTER
  0
LAYER
  5
1000004A
330
2
100
AcDbSymbolTableRecord
100
AcDbLayerTableRecord
  2
SHEETMETAL_FORM_DOWN
 70
     0
 62
     7
  6
CENTER
  0
LAYER
  5
1000004B
330
2
100
AcDbSymbolTableRecord
100
AcDbLayerTableRecord
  2
SHEETMETAL_FORM_CENTERMARK
 70
     0
 62
     7
  6
CENTER
  0
LAYER
  5
1000004C
330
2
100
AcDbSymbolTableRecord
100
AcDbLayerTableRecord
  2
REGION_ASSOC_POINTS
 70
     0
 62
    -7
  6
CONTINUOUS
  0
LAYER
  5
1000004D
330
2
100
AcDbSymbolTableRecord
100
AcDbLayerTableRecord
  2
PATTERN_CENTERLINES
 70
     1
 62
    -7
  6
CENTER
  0
LAYER
  5
1000004E
330
2
100
AcDbSymbolTableRecord
100
AcDbLayerTableRecord
  2
HIDDEN
 70
     0
 62
    -7
  6
HIDDEN
  0
LAYER
  5
1000004F
330
2
100
AcDbSymbolTableRecord
100
AcDbLayerTableRecord
  2
VISIBLE
 70
     0
 62
     7
  6
CONTINUOUS
  0
LAYER
  5
10000050
330
2
100
AcDbSymbolTableRecord
100
AcDbLayerTableRecord
  2
MODELSKETCH_VISIBLE
 70
     0
 62
     7
  6
CONTINUOUS
  0
LAYER
  5
10000051
330
2
100
AcDbSymbolTableRecord
100
AcDbLayerTableRecord
  2
MODELSKETCH_POINT
 70
     0
 62
     7
  6
CONTINUOUS
  0
LAYER
  5
10000052
330
2
100
AcDbSymbolTableRecord
100
AcDbLayerTableRecord
  2
MODELSKETCH_CONSTRUCTION
 70
     0
 62
    -7
  6
CENTER
  0
LAYER
  5
10000053
330
2
100
AcDbSymbolTableRecord
100
AcDbLayerTableRecord
  2
HIDDEN_BASE_VIEW
 70
     0
 62
     7
  6
CONTINUOUS
  0
LAYER
  5
10000054
330
2
100
AcDbSymbolTableRecord
100
AcDbLayerTableRecord
  2
TANGENT_LINES
 70
     0
 62
    -7
  6
CONTINUOUS
  0
LAYER
  5
10000055
330
2
100
AcDbSymbolTableRecord
100
AcDbLayerTableRecord
  2
TANGENT_HIDDEN
 70
     0
 62
    -7
  6
HIDDEN
  0
LAYER
  5
10000056
330
2
100
AcDbSymbolTableRecord
100
AcDbLayerTableRecord
  2
INVISIBLE_LINES
 70
     0
 62
    -7
  6
CONTINUOUS
  0
LAYER
  5
10000057
330
2
100
AcDbSymbolTableRecord
100
AcDbLayerTableRecord
  2
VIEW_HATCHES
 70
     0
 62
    -7
  6
CONTINUOUS
  0
LAYER
  5
10000058
330
2
100
AcDbSymbolTableRecord
100
AcDbLayerTableRecord
  2
SECTION_JOG_LINES
 70
     0
 62
    -7
  6
CONTINUOUS
  0
ENDTAB
  0
TABLE
  2
STYLE
  5
3
330
0
100
AcDbSymbolTable
 70
     2
  0
STYLE
  5
11
330
3
100
AcDbSymbolTableRecord
100
AcDbTextStyleTableRecord
  2
STANDARD
 70
     0
 40
0.0
 41
1.0
 50
0.0
 71
     0
 42
2.5
  3
txt
  4

  0
STYLE
  5
10000004
330
3
100
AcDbSymbolTableRecord
100
AcDbTextStyleTableRecord
  2
TTFSTYLE
 70
     0
 40
0.0
 41
1.0
 50
0.0
 71
     0
 42
2.5
  3

  4

1001
ACAD
1000
Verdana
1071
       34
  0
ENDTAB
  0
TABLE
  2
VIEW
  5
6
330
0
100
AcDbSymbolTable
 70
     0
  0
ENDTAB
  0
TABLE
  2
UCS
  5
7
330
0
100
AcDbSymbolTable
 70
     0
  0
ENDTAB
  0
TABLE
  2
APPID
  5
9
330
0
100
AcDbSymbolTable
 70
     2
  0
APPID
  5
12
330
9
100
AcDbSymbolTableRecord
100
AcDbRegAppTableRecord
  2
ACAD
 70
     0
  0
APPID
  5
10000B42
330
9
100
AcDbSymbolTableRecord
100
AcDbRegAppTableRecord
  2
ACAD_MLEADERVER
 70
     0
  0
ENDTAB
  0
TABLE
  2
DIMSTYLE
  5
A
330
0
100
AcDbSymbolTable
 70
     1
  0
DIMSTYLE
105
27
330
A
100
AcDbSymbolTableRecord
100
AcDbDimStyleTableRecord
  2
ISO-25
 70
     0
  3

  4

  5

  6

  7

 40
1.0
 41
2.5
 42
0.625
 43
3.75
 44
1.25
 45
0.0
 46
0.0
 47
0.0
 48
0.0
140
2.5
141
2.5
142
0.0
143
0.03937007874016
144
1.0
145
0.0
146
1.0
147
0.625
 71
     0
 72
     0
 73
     0
 74
     0
 75
     0
 76
     0
 77
     1
 78
     8
170
     0
171
     3
172
     1
173
     0
174
     0
175
     0
176
     0
177
     0
178
     0
270
     2
271
     2
272
     2
273
     2
274
     3
340
11
275
     0
280
     0
281
     0
282
     0
283
     0
284
     8
285
     0
286
     0
287
     3
288
     0
  0
ENDTAB
  0
TABLE
  2
BLOCK_RECORD
  5
1
330
0
100
AcDbSymbolTable
 70
     0
  0
BLOCK_RECORD
  5
1F
102
{ACAD_XDICTIONARY
360
10000B09
102
}
330
1
100
AcDbSymbolTableRecord
100
AcDbBlockTableRecord
  2
*MODEL_SPACE
  0
BLOCK_RECORD
  5
1B
330
1
100
AcDbSymbolTableRecord
100
AcDbBlockTableRecord
  2
*PAPER_SPACE
  0
ENDTAB
  0
ENDSEC
  0
SECTION
  2
BLOCKS
  0
BLOCK
  5
20
330
1F
100
AcDbEntity
  8
0
100
AcDbBlockBegin
  2
*MODEL_SPACE
 70
     0
 10
0.0
 20
0.0
 30
0.0
  3
*MODEL_SPACE
  1

  0
ENDBLK
  5
21
330
1F
100
AcDbEntity
  8
0
100
AcDbBlockEnd
  0
BLOCK
  5
1C
330
1B
100
AcDbEntity
 67
     1
  8
0
100
AcDbBlockBegin
  2
*PAPER_SPACE
 70
     0
 10
0.0
 20
0.0
 30
0.0
  3
*PAPER_SPACE
  1

  0
ENDBLK
  5
1D
330
1B
100
AcDbEntity
 67
     1
  8
0
100
AcDbBlockEnd
  0
ENDSEC
  0
SECTION
  2
ENTITIES
  0
LINE
  5
10000059
102
{ACAD_XDICTIONARY
360
1000005A
102
}
330
1F
100
AcDbEntity
  8
MODELSKETCH_VISIBLE
100
AcDbLine
 10
6.787346661227913
 20
181.1504353239013
 30
0.0
 11
9.03906107095008
 21
181.1504353239013
 31
0.0
  0
SPLINE
  5
1000005D
102
{ACAD_XDICTIONARY
360
1000005E
102
}
330
1F
100
AcDbEntity
  8
MODELSKETCH_VISIBLE
100
AcDbSpline
210
0.0
220
0.0
230
1.0
 70
     8
 71
     3
 72
     8
 73
     4
 74
     0
 42
0.0000000001
 43
0.00000001
 40
22.0
 40
22.0
 40
22.0
 40
22.0
 40
23.0
 40
23.0
 40
23.0
 40
23.0
 10
6.626460702026382
 20
181.0033297466443
 30
0.0
 10
6.626460702026382
 20
181.1015149679985
 30
0.0
 10
6.685371834838884
 20
181.1504353239013
 30
0.0
 10
6.787346661227913
 20
181.1504353239013
 30
0.0
  0
LINE
  5
10000061
102
{ACAD_XDICTIONARY
360
10000062
102
}
330
1F
100
AcDbEntity
  8
MODELSKETCH_VISIBLE
100
AcDbLine
 10
6.626460702026382
 20
177.8648477587972
 30
0.0
 11
6.626460702026385
 21
181.0033297466444
 31
0.0
  0
SPLINE
  5
10000065
102
{ACAD_XDICTIONARY
360
10000066
102
}
330
1F
100
AcDbEntity
  8
MODELSKETCH_VISIBLE
100
AcDbSpline
210
0.0
220
0.0
230
1.0
 70
     8
 71
     3
 72
     8
 73
     4
 74
     0
 42
0.0000000001
 43
0.00000001
 40
20.0
 40
20.0
 40
20.0
 40
20.0
 40
21.0
 40
21.0
 40
21.0
 40
21.0
 10
6.787346661227913
 20
177.7177421815402
 30
0.0
 10
6.685371834838884
 20
177.7177421815402
 30
0.0
 10
6.626460702026382
 20
177.7718301806722
 30
0.0
 10
6.626460702026382
 20
177.8648477587972
 30
0.0
  0
LINE
  5
10000069
102
{ACAD_XDICTIONARY
360
1000006A
102
}
330
1F
100
AcDbEntity
  8
MODELSKETCH_VISIBLE
100
AcDbLine
 10
9.039061070950083
 20
177.7177421815402
 30
0.0
 11
6.787346661227913
 21
177.7177421815402
 31
0.0
  0
SPLINE
  5
1000006D
102
{ACAD_XDICTIONARY
360
1000006E
102
}
330
1F
100
AcDbEntity
  8
MODELSKETCH_VISIBLE
100
AcDbSpline
210
0.0
220
0.0
230
1.0
 70
     8
 71
     3
 72
     8
 73
     4
 74
     0
 42
0.0000000001
 43
0.00000001
 40
18.0
 40
18.0
 40
18.0
 40
18.0
 40
19.0
 40
19.0
 40
19.0
 40
19.0
 10
9.199947030151392
 20
177.8648477587972
 30
0.0
 10
9.199947030151392
 20
177.7670070469916
 30
0.0
 10
9.14654805011668
 20
177.7177421815402
 30
0.0
 10
9.039061070950087
 20
177.7177421815402
 30
0.0
  0
LINE
  5
10000071
102
{ACAD_XDICTIONARY
360
10000072
102
}
330
1F
100
AcDbEntity
  8
MODELSKETCH_VISIBLE
100
AcDbLine
 10
9.199947030151392
 20
178.4143404888319
 30
0.0
 11
9.199947030151392
 21
177.8648477587972
 31
0.0
  0
SPLINE
  5
10000075
102
{ACAD_XDICTIONARY
360
10000076
102
}
330
1F
100
AcDbEntity
  8
MODELSKETCH_VISIBLE
100
AcDbSpline
210
0.0
220
0.0
230
1.0
 70
     8
 71
     3
 72
     8
 73
     4
 74
     0
 42
0.0000000001
 43
0.00000001
 40
16.0
 40
16.0
 40
16.0
 40
16.0
 40
17.0
 40
17.0
 40
17.0
 40
17.0
 10
9.039061070950083
 20
178.5614460660888
 30
0.0
 10
9.146548050116676
 20
178.5614460660888
 30
0.0
 10
9.199947030151389
 20
178.5121812006374
 30
0.0
 10
9.199947030151389
 20
178.4143404888319
 30
0.0
  0
LINE
  5
10000079
102
{ACAD_XDICTIONARY
360
1000007A
102
}
330
1F
100
AcDbEntity
  8
MODELSKETCH_VISIBLE
100
AcDbLine
 10
7.741638110880703
 20
178.5614460660888
 30
0.0
 11
9.039061070950083
 21
178.5614460660888
 31
0.0
  0
SPLINE
  5
1000007D
102
{ACAD_XDICTIONARY
360
1000007E
102
}
330
1F
100
AcDbEntity
  8
MODELSKETCH_VISIBLE
100
AcDbSpline
210
0.0
220
0.0
230
1.0
 70
     8
 71
     3
 72
     8
 73
     4
 74
     0
 42
0.0000000001
 43
0.00000001
 40
14.0
 40
14.0
 40
14.0
 40
14.0
 40
15.0
 40
15.0
 40
15.0
 40
15.0
 10
7.580752151679173
 20
178.7085516433458
 30
0.0
 10
7.580752151679173
 20
178.6151895556722
 30
0.0
 10
7.639663284491674
 20
178.5614460660888
 30
0.0
 10
7.741638110880703
 20
178.5614460660888
 30
0.0
  0
LINE
  5
10000081
102
{ACAD_XDICTIONARY
360
10000082
102
}
330
1F
100
AcDbEntity
  8
MODELSKETCH_VISIBLE
100
AcDbLine
 10
7.580752151679173
 20
178.8653034879638
 30
0.0
 11
7.580752151679173
 21
178.7085516433457
 31
0.0
  0
SPLINE
  5
10000085
102
{ACAD_XDICTIONARY
360
10000086
102
}
330
1F
100
AcDbEntity
  8
MODELSKETCH_VISIBLE
100
AcDbSpline
210
0.0
220
0.0
230
1.0
 70
     8
 71
     3
 72
     8
 73
     4
 74
     0
 42
0.0000000001
 43
0.00000001
 40
12.0
 40
12.0
 40
12.0
 40
12.0
 40
13.0
 40
13.0
 40
13.0
 40
13.0
 10
7.741638110880703
 20
179.0124090652208
 30
0.0
 10
7.639663284491674
 20
179.0124090652208
 30
0.0
 10
7.580752151679173
 20
178.963488709318
 30
0.0
 10
7.580752151679173
 20
178.8653034879638
 30
0.0
  0
LINE
  5
10000089
102
{ACAD_XDICTIONARY
360
1000008A
102
}
330
1F
100
AcDbEntity
  8
MODELSKETCH_VISIBLE
100
AcDbLine
 10
8.572595142130705
 20
179.0124090652208
 30
0.0
 11
7.741638110880703
 21
179.0124090652208
 31
0.0
  0
SPLINE
  5
1000008D
102
{ACAD_XDICTIONARY
360
1000008E
102
}
330
1F
100
AcDbEntity
  8
MODELSKETCH_VISIBLE
100
AcDbSpline
210
0.0
220
0.0
230
1.0
 70
     8
 71
     3
 72
     8
 73
     4
 74
     0
 42
0.0000000001
 43
0.00000001
 40
10.0
 40
10.0
 40
10.0
 40
10.0
 40
11.0
 40
11.0
 40
11.0
 40
11.0
 10
8.733481101331964
 20
179.1595146424777
 30
0.0
 10
8.733481101331964
 20
179.0664970643527
 30
0.0
 10
8.680082121297298
 20
179.0124090652207
 30
0.0
 10
8.572595142130705
 20
179.0124090652207
 30
0.0
  0
LINE
  5
10000091
102
{ACAD_XDICTIONARY
360
10000092
102
}
330
1F
100
AcDbEntity
  8
MODELSKETCH_VISIBLE
100
AcDbLine
 10
8.733481101331964
 20
179.7086628629638
 30
0.0
 11
8.733481101331964
 21
179.1595146424777
 31
0.0
  0
SPLINE
  5
10000095
102
{ACAD_XDICTIONARY
360
10000096
102
}
330
1F
100
AcDbEntity
  8
MODELSKETCH_VISIBLE
100
AcDbSpline
210
0.0
220
0.0
230
1.0
 70
     8
 71
     3
 72
     8
 73
     4
 74
     0
 42
0.0000000001
 43
0.00000001
 40
8.0
 40
8.0
 40
8.0
 40
8.0
 40
9.0
 40
9.0
 40
9.0
 40
9.0
 10
8.572595142130705
 20
179.8557684402208
 30
0.0
 10
8.680082121297298
 20
179.8557684402208
 30
0.0
 10
8.733481101331964
 20
179.806848084318
 30
0.0
 10
8.733481101331964
 20
179.7086628629638
 30
0.0
  0
LINE
  5
10000099
102
{ACAD_XDICTIONARY
360
1000009A
102
}
330
1F
100
AcDbEntity
  8
MODELSKETCH_VISIBLE
100
AcDbLine
 10
7.741638110880703
 20
179.8557684402208
 30
0.0
 11
8.572595142130705
 21
179.8557684402208
 31
0.0
  0
SPLINE
  5
1000009D
102
{ACAD_XDICTIONARY
360
1000009E
102
}
330
1F
100
AcDbEntity
  8
MODELSKETCH_VISIBLE
100
AcDbSpline
210
0.0
220
0.0
230
1.0
 70
     8
 71
     3
 72
     8
 73
     4
 74
     0
 42
0.0000000001
 43
0.00000001
 40
6.0
 40
6.0
 40
6.0
 40
6.0
 40
7.0
 40
7.0
 40
7.0
 40
7.0
 10
7.580752151679173
 20
180.0028740174777
 30
0.0
 10
7.580752151679173
 20
179.9098564393528
 30
0.0
 10
7.639663284491674
 20
179.8557684402208
 30
0.0
 10
7.741638110880703
 20
179.8557684402208
 30
0.0
  0
LINE
  5
100000A1
102
{ACAD_XDICTIONARY
360
100000A2
102
}
330
1F
100
AcDbEntity
  8
MODELSKETCH_VISIBLE
100
AcDbLine
 10
7.580752151679173
 20
180.1599703716444
 30
0.0
 11
7.580752151679173
 21
180.0028740174778
 31
0.0
  0
SPLINE
  5
100000A5
102
{ACAD_XDICTIONARY
360
100000A6
102
}
330
1F
100
AcDbEntity
  8
MODELSKETCH_VISIBLE
100
AcDbSpline
210
0.0
220
0.0
230
1.0
 70
     8
 71
     3
 72
     8
 73
     4
 74
     0
 42
0.0000000001
 43
0.00000001
 40
4.0
 40
4.0
 40
4.0
 40
4.0
 40
5.0
 40
5.0
 40
5.0
 40
5.0
 10
7.741638110880703
 20
180.3070759489014
 30
0.0
 10
7.639663284491674
 20
180.3070759489014
 30
0.0
 10
7.580752151679173
 20
180.2581555929986
 30
0.0
 10
7.580752151679173
 20
180.1599703716444
 30
0.0
  0
LINE
  5
100000A9
102
{ACAD_XDICTIONARY
360
100000AA
102
}
330
1F
100
AcDbEntity
  8
MODELSKETCH_VISIBLE
100
AcDbLine
 10
9.039061070950076
 20
180.3070759489015
 30
0.0
 11
7.741638110880699
 21
180.3070759489015
 31
0.0
  0
SPLINE
  5
100000AD
102
{ACAD_XDICTIONARY
360
100000AE
102
}
330
1F
100
AcDbEntity
  8
MODELSKETCH_VISIBLE
100
AcDbSpline
210
0.0
220
0.0
230
1.0
 70
     8
 71
     3
 72
     8
 73
     4
 74
     0
 42
0.0000000001
 43
0.00000001
 40
2.0
 40
2.0
 40
2.0
 40
2.0
 40
3.0
 40
3.0
 40
3.0
 40
3.0
 10
9.199947030151389
 20
180.4541815261582
 30
0.0
 10
9.199947030151389
 20
180.3611639480332
 30
0.0
 10
9.14654805011668
 20
180.3070759489012
 30
0.0
 10
9.039061070950087
 20
180.3070759489012
 30
0.0
  0
LINE
  5
100000B1
102
{ACAD_XDICTIONARY
360
100000B2
102
}
330
1F
100
AcDbEntity
  8
MODELSKETCH_VISIBLE
100
AcDbLine
 10
9.199947030151392
 20
181.0033297466445
 30
0.0
 11
9.199947030151392
 21
180.4541815261583
 31
0.0
  0
SPLINE
  5
100000B5
102
{ACAD_XDICTIONARY
360
100000B6
102
}
330
1F
100
AcDbEntity
  8
MODELSKETCH_VISIBLE
100
AcDbSpline
210
0.0
220
0.0
230
1.0
 70
     8
 71
     3
 72
     8
 73
     4
 74
     0
 42
0.0000000001
 43
0.00000001
 40
0.0
 40
0.0
 40
0.0
 40
0.0
 40
1.0
 40
1.0
 40
1.0
 40
1.0
 10
9.039061070950087
 20
181.1504353239013
 30
0.0
 10
9.14654805011668
 20
181.1504353239013
 30
0.0
 10
9.199947030151396
 20
181.1015149679986
 30
0.0
 10
9.199947030151396
 20
181.0033297466444
 30
0.0
  0
LINE
  5
100000B9
102
{ACAD_XDICTIONARY
360
100000BA
102
}
330
1F
100
AcDbEntity
  8
MODELSKETCH_VISIBLE
100
AcDbLine
 10
2.540577455498828
 20
181.1504353239013
 30
0.0
 11
3.650242711575085
 21
181.1504353239013
 31
0.0
  0
SPLINE
  5
100000BD
102
{ACAD_XDICTIONARY
360
100000BE
102
}
330
1F
100
AcDbEntity
  8
MODELSKETCH_VISIBLE
100
AcDbSpline
210
0.0
220
0.0
230
1.0
 70
     8
 71
     3
 72
     8
 73
     4
 74
     0
 42
0.0000000001
 43
0.00000001
 40
24.0
 40
24.0
 40
24.0
 40
24.0
 40
25.0
 40
25.0
 40
25.0
 40
25.0
 10
2.379691496297298
 20
181.0033297466443
 30
0.0
 10
2.379691496297298
 20
181.1015149679985
 30
0.0
 10
2.433434985880705
 20
181.1504353239013
 30
0.0
 10
2.540577455498828
 20
181.1504353239013
 30
0.0
  0
LINE
  5
100000C1
102
{ACAD_XDICTIONARY
360
100000C2
102
}
330
1F
100
AcDbEntity
  8
MODELSKETCH_VISIBLE
100
AcDbLine
 10
2.379691496297298
 20
177.8648477587972
 30
0.0
 11
2.379691496297298
 21
181.0033297466444
 31
0.0
  0
SPLINE
  5
100000C5
102
{ACAD_XDICTIONARY
360
100000C6
102
}
330
1F
100
AcDbEntity
  8
MODELSKETCH_VISIBLE
100
AcDbSpline
210
0.0
220
0.0
230
1.0
 70
     8
 71
     3
 72
     8
 73
     4
 74
     0
 42
0.0000000001
 43
0.00000001
 40
22.0
 40
22.0
 40
22.0
 40
22.0
 40
23.0
 40
23.0
 40
23.0
 40
23.0
 10
2.540577455498828
 20
177.7177421815402
 30
0.0
 10
2.433434985880705
 20
177.7177421815402
 30
0.0
 10
2.379691496297298
 20
177.7718301806722
 30
0.0
 10
2.379691496297298
 20
177.8648477587972
 30
0.0
  0
LINE
  5
100000C9
102
{ACAD_XDICTIONARY
360
100000CA
102
}
330
1F
100
AcDbEntity
  8
MODELSKETCH_VISIBLE
100
AcDbLine
 10
3.141057598727917
 20
177.7177421815402
 30
0.0
 11
2.540577455498828
 21
177.7177421815402
 31
0.0
  0
SPLINE
  5
100000CD
102
{ACAD_XDICTIONARY
360
100000CE
102
}
330
1F
100
AcDbEntity
  8
MODELSKETCH_VISIBLE
100
AcDbSpline
210
0.0
220
0.0
230
1.0
 70
     8
 71
     3
 72
     8
 73
     4
 74
     0
 42
0.0000000001
 43
0.00000001
 40
20.0
 40
20.0
 40
20.0
 40
20.0
 40
21.0
 40
21.0
 40
21.0
 40
21.0
 10
3.301943557929177
 20
177.8648477587972
 30
0.0
 10
3.301943557929177
 20
177.7718301806722
 30
0.0
 10
3.248200068345995
 20
177.7177421815402
 30
0.0
 10
3.141057598727921
 20
177.7177421815402
 30
0.0
  0
LINE
  5
100000D1
102
{ACAD_XDICTIONARY
360
100000D2
102
}
330
1F
100
AcDbEntity
  8
MODELSKETCH_VISIBLE
100
AcDbLine
 10
3.301943557929177
 20
179.7972018169569
 30
0.0
 11
3.301943557929177
 21
177.8648477587972
 31
0.0
  0
SPLINE
  5
100000D5
102
{ACAD_XDICTIONARY
360
100000D6
102
}
330
1F
100
AcDbEntity
  8
MODELSKETCH_VISIBLE
100
AcDbSpline
210
0.0
220
0.0
230
1.0
 70
     8
 71
     3
 72
     8
 73
     4
 74
     0
 42
0.0000000001
 43
0.00000001
 40
18.0
 40
18.0
 40
18.0
 40
18.0
 40
19.0
 40
19.0
 40
19.0
 40
19.0
 10
3.360854690741676
 20
179.8020249506375
 30
0.0
 10
3.350174894734797
 20
179.8364759054986
 30
0.0
 10
3.301943557929177
 20
179.8313082622695
 30
0.0
 10
3.301943557929177
 20
179.7972018169569
 30
0.0
  0
LINE
  5
100000D9
102
{ACAD_XDICTIONARY
360
100000DA
102
}
330
1F
100
AcDbEntity
  8
MODELSKETCH_VISIBLE
100
AcDbLine
 10
3.881064109144461
 20
177.8452107145263
 30
0.0
 11
3.360854690741669
 21
179.8020249506374
 31
0.0
  0
SPLINE
  5
100000DD
102
{ACAD_XDICTIONARY
360
100000DE
102
}
330
1F
100
AcDbEntity
  8
MODELSKETCH_VISIBLE
100
AcDbSpline
210
0.0
220
0.0
230
1.0
 70
     8
 71
     3
 72
     8
 73
     4
 74
     0
 42
0.0000000001
 43
0.00000001
 40
16.0
 40
16.0
 40
16.0
 40
16.0
 40
17.0
 40
17.0
 40
17.0
 40
17.0
 10
4.057797507581965
 20
177.7177421815402
 30
0.0
 10
3.961334833970997
 20
177.7177421815402
 30
0.0
 10
3.902423701158495
 20
177.7618394037625
 30
0.0
 10
3.881064109144464
 20
177.8452107145264
 30
0.0
  0
LINE
  5
100000E1
102
{ACAD_XDICTIONARY
360
100000E2
102
}
330
1F
100
AcDbEntity
  8
MODELSKETCH_VISIBLE
100
AcDbLine
 10
4.411608814005707
 20
177.7177421815402
 30
0.0
 11
4.057797507581965
 21
177.7177421815402
 31
0.0
  0
SPLINE
  5
100000E5
102
{ACAD_XDICTIONARY
360
100000E6
102
}
330
1F
100
AcDbEntity
  8
MODELSKETCH_VISIBLE
100
AcDbSpline
210
0.0
220
0.0
230
1.0
 70
     8
 71
     3
 72
     8
 73
     4
 74
     0
 42
0.0000000001
 43
0.00000001
 40
14.0
 40
14.0
 40
14.0
 40
14.0
 40
15.0
 40
15.0
 40
15.0
 40
15.0
 10
4.588686721991676
 20
177.8452107145263
 30
0.0
 10
4.567327129977921
 20
177.7618394037624
 30
0.0
 10
4.508071487616679
 20
177.7177421815402
 30
0.0
 10
4.411608814005707
 20
177.7177421815402
 30
0.0
  0
LINE
  5
100000E9
102
{ACAD_XDICTIONARY
360
100000EA
102
}
330
1F
100
AcDbEntity
  8
MODELSKETCH_VISIBLE
100
AcDbLine
 10
5.108551630845993
 20
179.8020249506375
 30
0.0
 11
4.58868672199168
 21
177.8452107145264
 31
0.0
  0
SPLINE
  5
100000ED
102
{ACAD_XDICTIONARY
360
100000EE
102
}
330
1F
100
AcDbEntity
  8
MODELSKETCH_VISIBLE
100
AcDbSpline
210
0.0
220
0.0
230
1.0
 70
     8
 71
     3
 72
     8
 73
     4
 74
     0
 42
0.0000000001
 43
0.00000001
 40
12.0
 40
12.0
 40
12.0
 40
12.0
 40
13.0
 40
13.0
 40
13.0
 40
13.0
 10
5.167807273206961
 20
179.7972018169569
 30
0.0
 10
5.167807273206961
 20
179.8313082622694
 30
0.0
 10
5.119575936401388
 20
179.8364759054986
 30
0.0
 10
5.108551630845989
 20
179.8020249506375
 30
0.0
  0
LINE
  5
100000F1
102
{ACAD_XDICTIONARY
360
100000F2
102
}
330
1F
100
AcDbEntity
  8
MODELSKETCH_VISIBLE
100
AcDbLine
 10
5.167807273206961
 20
177.8648477587972
 30
0.0
 11
5.167807273206961
 21
179.7972018169569
 31
0.0
  0
SPLINE
  5
100000F5
102
{ACAD_XDICTIONARY
360
100000F6
102
}
330
1F
100
AcDbEntity
  8
MODELSKETCH_VISIBLE
100
AcDbSpline
210
0.0
220
0.0
230
1.0
 70
     8
 71
     3
 72
     8
 73
     4
 74
     0
 42
0.0000000001
 43
0.00000001
 40
10.0
 40
10.0
 40
10.0
 40
10.0
 40
11.0
 40
11.0
 40
11.0
 40
11.0
 10
5.328693232408491
 20
177.7177421815402
 30
0.0
 10
5.226718406019462
 20
177.7177421815402
 30
0.0
 10
5.167807273206961
 20
177.7718301806722
 30
0.0
 10
5.167807273206961
 20
177.8648477587972
 30
0.0
  0
LINE
  5
100000F9
102
{ACAD_XDICTIONARY
360
100000FA
102
}
330
1F
100
AcDbEntity
  8
MODELSKETCH_VISIBLE
100
AcDbLine
 10
5.928828866088885
 20
177.7177421815402
 30
0.0
 11
5.328693232408491
 21
177.7177421815402
 31
0.0
  0
SPLINE
  5
100000FD
102
{ACAD_XDICTIONARY
360
100000FE
102
}
330
1F
100
AcDbEntity
  8
MODELSKETCH_VISIBLE
100
AcDbSpline
210
0.0
220
0.0
230
1.0
 70
     8
 71
     3
 72
     8
 73
     4
 74
     0
 42
0.0000000001
 43
0.00000001
 40
8.0
 40
8.0
 40
8.0
 40
8.0
 40
9.0
 40
9.0
 40
9.0
 40
9.0
 10
6.089714825290415
 20
177.8648477587972
 30
0.0
 10
6.089714825290415
 20
177.7718301806722
 30
0.0
 10
6.036315845255703
 20
177.7177421815402
 30
0.0
 10
5.928828866088885
 20
177.7177421815402
 30
0.0
  0
LINE
  5
10000101
102
{ACAD_XDICTIONARY
360
10000102
102
}
330
1F
100
AcDbEntity
  8
MODELSKETCH_VISIBLE
100
AcDbLine
 10
6.089714825290415
 20
181.0033297466443
 30
0.0
 11
6.089714825290415
 21
177.8648477587971
 31
0.0
  0
SPLINE
  5
10000105
102
{ACAD_XDICTIONARY
360
10000106
102
}
330
1F
100
AcDbEntity
  8
MODELSKETCH_VISIBLE
100
AcDbSpline
210
0.0
220
0.0
230
1.0
 70
     8
 71
     3
 72
     8
 73
     4
 74
     0
 42
0.0000000001
 43
0.00000001
 40
6.0
 40
6.0
 40
6.0
 40
6.0
 40
7.0
 40
7.0
 40
7.0
 40
7.0
 10
5.928828866088885
 20
181.1504353239013
 30
0.0
 10
6.036315845255706
 20
181.1504353239013
 30
0.0
 10
6.089714825290415
 20
181.1015149679985
 30
0.0
 10
6.089714825290415
 20
181.0033297466443
 30
0.0
  0
LINE
  5
10000109
102
{ACAD_XDICTIONARY
360
1000010A
102
}
330
1F
100
AcDbEntity
  8
MODELSKETCH_VISIBLE
100
AcDbLine
 10
4.819163610012583
 20
181.1504353239013
 30
0.0
 11
5.928828866088885
 21
181.1504353239013
 31
0.0
  0
SPLINE
  5
1000010D
102
{ACAD_XDICTIONARY
360
1000010E
102
}
330
1F
100
AcDbEntity
  8
MODELSKETCH_VISIBLE
100
AcDbSpline
210
0.0
220
0.0
230
1.0
 70
     8
 71
     3
 72
     8
 73
     4
 74
     0
 42
0.0000000001
 43
0.00000001
 40
4.0
 40
4.0
 40
4.0
 40
4.0
 40
5.0
 40
5.0
 40
5.0
 40
5.0
 10
4.647597854804175
 20
181.0181436572347
 30
0.0
 10
4.668957446818202
 20
181.1015149679985
 30
0.0
 10
4.72270093640139
 20
181.1504353239013
 30
0.0
 10
4.819163610012583
 20
181.1504353239013
 30
0.0
  0
LINE
  5
10000111
102
{ACAD_XDICTIONARY
360
10000112
102
}
330
1F
100
AcDbEntity
  8
MODELSKETCH_VISIBLE
100
AcDbLine
 10
4.266914803588893
 20
179.5911851068875
 30
0.0
 11
4.647597854804182
 21
181.0181436572348
 31
0.0
  0
SPLINE
  5
10000115
102
{ACAD_XDICTIONARY
360
10000116
102
}
330
1F
100
AcDbEntity
  8
MODELSKETCH_VISIBLE
100
AcDbSpline
210
0.0
220
0.0
230
1.0
 70
     8
 71
     3
 72
     8
 73
     4
 74
     0
 42
0.0000000001
 43
0.00000001
 40
2.0
 40
2.0
 40
2.0
 40
2.0
 40
3.0
 40
3.0
 40
3.0
 40
3.0
 10
4.202491517998827
 20
179.5911851068875
 30
0.0
 10
4.213171314005712
 20
179.5419202414361
 30
0.0
 10
4.256235007581967
 20
179.5419202414361
 30
0.0
 10
4.266914803588893
 20
179.5911851068875
 30
0.0
  0
LINE
  5
10000119
102
{ACAD_XDICTIONARY
360
1000011A
102
}
330
1F
100
AcDbEntity
  8
MODELSKETCH_VISIBLE
100
AcDbLine
 10
3.821808466783493
 20
181.0181436572348
 30
0.0
 11
4.202491517998831
 21
179.5911851068875
 31
0.0
  0
SPLINE
  5
1000011D
102
{ACAD_XDICTIONARY
360
1000011E
102
}
330
1F
100
AcDbEntity
  8
MODELSKETCH_VISIBLE
100
AcDbSpline
210
0.0
220
0.0
230
1.0
 70
     8
 71
     3
 72
     8
 73
     4
 74
     0
 42
0.0000000001
 43
0.00000001
 40
0.0
 40
0.0
 40
0.0
 40
0.0
 40
1.0
 40
1.0
 40
1.0
 40
1.0
 10
3.650242711575085
 20
181.1504353239013
 30
0.0
 10
3.747049894734796
 20
181.1504353239013
 30
0.0
 10
3.800448874769463
 20
181.1015149679986
 30
0.0
 10
3.82180846678349
 20
181.0181436572347
 30
0.0
  0
LINE
  5
10000121
102
{ACAD_XDICTIONARY
360
10000122
102
}
330
1F
100
AcDbEntity
  8
MODELSKETCH_VISIBLE
100
AcDbLine
 10
-0.6550931174180361
 20
181.1504353239013
 30
0.0
 11
-0.0546129741889473
 21
181.1504353239013
 31
0.0
  0
SPLINE
  5
10000125
102
{ACAD_XDICTIONARY
360
10000126
102
}
330
1F
100
AcDbEntity
  8
MODELSKETCH_VISIBLE
100
AcDbSpline
210
0.0
220
0.0
230
1.0
 70
     8
 71
     3
 72
     8
 73
     4
 74
     0
 42
0.0000000001
 43
0.00000001
 40
12.0
 40
12.0
 40
12.0
 40
12.0
 40
13.0
 40
13.0
 40
13.0
 40
13.0
 10
-0.8159790766192956
 20
181.0033297466443
 30
0.0
 10
-0.8159790766192956
 20
181.1015149679985
 30
0.0
 10
-0.7570679438067968
 20
181.1504353239013
 30
0.0
 10
-0.6550931174180361
 20
181.1504353239013
 30
0.0
  0
LINE
  5
10000129
102
{ACAD_XDICTIONARY
360
1000012A
102
}
330
1F
100
AcDbEntity
  8
MODELSKETCH_VISIBLE
100
AcDbLine
 10
-0.8159790766192956
 20
178.8212062657416
 30
0.0
 11
-0.8159790766192956
 21
181.0033297466443
 31
0.0
  0
SPLINE
  5
1000012D
102
{ACAD_XDICTIONARY
360
1000012E
102
}
330
1F
100
AcDbEntity
  8
MODELSKETCH_VISIBLE
100
AcDbSpline
210
0.0
220
0.0
230
1.0
 70
     8
 71
     3
 72
    11
 73
     7
 74
     0
 42
0.0000000001
 43
0.00000001
 40
9.0
 40
9.0
 40
9.0
 40
9.0
 40
10.0
 40
10.0
 40
10.0
 40
11.0
 40
11.0
 40
11.0
 40
11.0
 10
1.875329517130698
 20
178.8212062657416
 30
0.0
 10
1.875329517130698
 20
178.4977117995958
 30
0.0
 10
1.80022643553349
 20
177.6295477370958
 30
0.0
 10
0.5296752202556994
 20
177.6295477370958
 30
0.0
 10
-0.740875995022084
 20
177.6295477370958
 30
0.0
 10
-0.8159790766192921
 20
178.4977117995958
 30
0.0
 10
-0.8159790766192921
 20
178.8212062657416
 30
0.0
  0
LINE
  5
10000131
102
{ACAD_XDICTIONARY
360
10000132
102
}
330
1F
100
AcDbEntity
  8
MODELSKETCH_VISIBLE
100
AcDbLine
 10
1.875329517130701
 20
181.0033297466443
 30
0.0
 11
1.875329517130701
 21
178.8212062657416
 31
0.0
  0
SPLINE
  5
10000135
102
{ACAD_XDICTIONARY
360
10000136
102
}
330
1F
100
AcDbEntity
  8
MODELSKETCH_VISIBLE
100
AcDbSpline
210
0.0
220
0.0
230
1.0
 70
     8
 71
     3
 72
     8
 73
     4
 74
     0
 42
0.0000000001
 43
0.00000001
 40
7.0
 40
7.0
 40
7.0
 40
7.0
 40
8.0
 40
8.0
 40
8.0
 40
8.0
 10
1.714443557929178
 20
181.1504353239013
 30
0.0
 10
1.821586027547298
 20
181.1504353239013
 30
0.0
 10
1.875329517130708
 20
181.1015149679985
 30
0.0
 10
1.875329517130708
 20
181.0033297466443
 30
0.0
  0
LINE
  5
10000139
102
{ACAD_XDICTIONARY
360
1000013A
102
}
330
1F
100
AcDbEntity
  8
MODELSKETCH_VISIBLE
100
AcDbLine
 10
1.113963414700082
 20
181.1504353239013
 30
0.0
 11
1.714443557929178
 21
181.1504353239013
 31
0.0
  0
SPLINE
  5
1000013D
102
{ACAD_XDICTIONARY
360
1000013E
102
}
330
1F
100
AcDbEntity
  8
MODELSKETCH_VISIBLE
100
AcDbSpline
210
0.0
220
0.0
230
1.0
 70
     8
 71
     3
 72
     8
 73
     4
 74
     0
 42
0.0000000001
 43
0.00000001
 40
4.0
 40
4.0
 40
4.0
 40
4.0
 40
5.0
 40
5.0
 40
5.0
 40
5.0
 10
-1.277621871758318
 20
178.5614460660888
 30
0.0
 10
-1.170479402140198
 20
178.5614460660888
 30
0.0
 10
-1.116735912556788
 20
178.5121812006374
 30
0.0
 10
-1.116735912556788
 20
178.4143404888319
 30
0.0
  0
LINE
  5
10000141
102
{ACAD_XDICTIONARY
360
10000142
102
}
330
1F
100
AcDbEntity
  8
MODELSKETCH_VISIBLE
100
AcDbLine
 10
-2.47307000543942
 20
178.5614460660888
 30
0.0
 11
-1.277621871758787
 21
178.5614460660897
 31
0.0
  0
SPLINE
  5
10000145
102
{ACAD_XDICTIONARY
360
10000146
102
}
330
1F
100
AcDbEntity
  8
MODELSKETCH_VISIBLE
100
AcDbSpline
210
0.0
220
0.0
230
1.0
 70
     8
 71
     3
 72
     8
 73
     4
 74
     0
 42
0.0000000001
 43
0.00000001
 40
2.0
 40
2.0
 40
2.0
 40
2.0
 40
3.0
 40
3.0
 40
3.0
 40
3.0
 10
-2.633955964640198
 20
178.7085516433457
 30
0.0
 10
-2.633955964640198
 20
178.6151895556722
 30
0.0
 10
-2.575044831827706
 20
178.5614460660888
 30
0.0
 10
-2.473070005438952
 20
178.5614460660888
 30
0.0
  0
LINE
  5
10000149
102
{ACAD_XDICTIONARY
360
1000014A
102
}
330
1F
100
AcDbEntity
  8
MODELSKETCH_VISIBLE
100
AcDbLine
 10
-2.633955964640212
 20
181.0033297466443
 30
0.0
 11
-2.633955964640212
 21
178.7085516433457
 31
0.0
  0
SPLINE
  5
1000014D
102
{ACAD_XDICTIONARY
360
1000014E
102
}
330
1F
100
AcDbEntity
  8
MODELSKETCH_VISIBLE
100
AcDbSpline
210
0.0
220
0.0
230
1.0
 70
     8
 71
     3
 72
     8
 73
     4
 74
     0
 42
0.0000000001
 43
0.00000001
 40
0.0
 40
0.0
 40
0.0
 40
0.0
 40
1.0
 40
1.0
 40
1.0
 40
1.0
 10
-2.794841923842074
 20
181.150435323901
 30
0.0
 10
-2.687699454224197
 20
181.1504353239011
 30
0.0
 10
-2.633955964640574
 20
181.1015149679983
 30
0.0
 10
-2.633955964640228
 20
181.0033297466441
 30
0.0
  0
LINE
  5
10000151
102
{ACAD_XDICTIONARY
360
10000152
102
}
330
1F
100
AcDbEntity
  8
MODELSKETCH_VISIBLE
100
AcDbLine
 10
-4.038865903876449
 20
180.0473157492486
 30
0.0
 11
-4.038865903876449
 21
178.8212062657416
 31
0.0
  0
SPLINE
  5
10000155
102
{ACAD_XDICTIONARY
360
10000156
102
}
330
1F
100
AcDbEntity
  8
MODELSKETCH_VISIBLE
100
AcDbSpline
210
0.0
220
0.0
230
1.0
 70
     8
 71
     3
 72
    11
 73
     7
 74
     0
 42
0.0000000001
 43
0.00000001
 40
3.0
 40
3.0
 40
3.0
 40
3.0
 40
4.0
 40
4.0
 40
4.0
 40
5.0
 40
5.0
 40
5.0
 40
5.0
 10
-6.730519007174918
 20
180.0473157492486
 30
0.0
 10
-6.730519007174918
 20
180.3708102153944
 30
0.0
 10
-6.655415925577709
 20
181.2389742778944
 30
0.0
 10
-5.384520200751447
 20
181.2389742778944
 30
0.0
 10
-4.113968985473615
 20
181.2389742778944
 30
0.0
 10
-4.038865903876456
 20
180.3708102153944
 30
0.0
 10
-4.038865903876456
 20
180.0473157492486
 30
0.0
  0
LINE
  5
10000159
102
{ACAD_XDICTIONARY
360
1000015A
102
}
330
1F
100
AcDbEntity
  8
MODELSKETCH_VISIBLE
100
AcDbLine
 10
-6.730519007174925
 20
178.8212062657416
 30
0.0
 11
-6.730519007174969
 21
180.0473157492486
 31
0.0
  0
SPLINE
  5
1000015D
102
{ACAD_XDICTIONARY
360
1000015E
102
}
330
1F
100
AcDbEntity
  8
MODELSKETCH_VISIBLE
100
AcDbSpline
210
0.0
220
0.0
230
1.0
 70
     8
 71
     3
 72
    11
 73
     7
 74
     0
 42
0.0000000001
 43
0.00000001
 40
0.0
 40
0.0
 40
0.0
 40
0.0
 40
1.0
 40
1.0
 40
1.0
 40
2.0
 40
2.0
 40
2.0
 40
2.0
 10
-4.038865903876449
 20
178.8212062657416
 30
0.0
 10
-4.038865903876449
 20
178.4977117995958
 30
0.0
 10
-4.113968985473615
 20
177.6295477370958
 30
0.0
 10
-5.384520200751447
 20
177.6295477370958
 30
0.0
 10
-6.655415925577709
 20
177.6295477370958
 30
0.0
 10
-6.730519007174918
 20
178.4977117995958
 30
0.0
 10
-6.730519007174918
 20
178.8212062657416
 30
0.0
  0
LINE
  5
10000161
102
{ACAD_XDICTIONARY
360
10000162
102
}
330
1F
100
AcDbEntity
  8
MODELSKETCH_VISIBLE
100
AcDbLine
 10
-4.961117965508327
 20
179.0809664653944
 30
0.0
 11
-4.961117965508327
 21
179.7872110400472
 31
0.0
  0
SPLINE
  5
10000165
102
{ACAD_XDICTIONARY
360
10000166
102
}
330
1F
100
AcDbEntity
  8
MODELSKETCH_VISIBLE
100
AcDbSpline
210
0.0
220
0.0
230
1.0
 70
     8
 71
     3
 72
    11
 73
     7
 74
     0
 42
0.0000000001
 43
0.00000001
 40
3.0
 40
3.0
 40
3.0
 40
3.0
 40
4.0
 40
4.0
 40
4.0
 40
5.0
 40
5.0
 40
5.0
 40
5.0
 10
-5.808266945543039
 20
179.0809664653943
 30
0.0
 10
-5.808266945543039
 20
178.7033840001165
 30
0.0
 10
-5.781395200751175
 20
178.4729071120957
 30
0.0
 10
-5.384520200751447
 20
178.4729071120957
 30
0.0
 10
-4.987989710299921
 20
178.4729071120957
 30
0.0
 10
-4.961117965508334
 20
178.7033840001165
 30
0.0
 10
-4.961117965508334
 20
179.0809664653943
 30
0.0
  0
LINE
  5
10000169
102
{ACAD_XDICTIONARY
360
1000016A
102
}
330
1F
100
AcDbEntity
  8
MODELSKETCH_VISIBLE
100
AcDbLine
 10
-5.808266945542909
 20
179.7872110400469
 30
0.0
 11
-5.808266945542966
 21
179.0809664653942
 31
0.0
  0
SPLINE
  5
1000016D
102
{ACAD_XDICTIONARY
360
1000016E
102
}
330
1F
100
AcDbEntity
  8
MODELSKETCH_VISIBLE
100
AcDbSpline
210
0.0
220
0.0
230
1.0
 70
     8
 71
     3
 72
    11
 73
     7
 74
     0
 42
0.0000000001
 43
0.00000001
 40
0.0
 40
0.0
 40
0.0
 40
0.0
 40
1.0
 40
1.0
 40
1.0
 40
2.0
 40
2.0
 40
2.0
 40
2.0
 10
-4.961117965508327
 20
179.7872110400472
 30
0.0
 10
-4.961117965508327
 20
180.164793505325
 30
0.0
 10
-4.987989710299915
 20
180.3952703933458
 30
0.0
 10
-5.384520200751447
 20
180.3952703933458
 30
0.0
 10
-5.781395200751181
 20
180.3952703933458
 30
0.0
 10
-5.808266945543046
 20
180.164793505325
 30
0.0
 10
-5.808266945543046
 20
179.7872110400472
 30
0.0
  0
LINE
  5
10000171
102
{ACAD_XDICTIONARY
360
10000172
102
}
330
1F
100
AcDbEntity
  8
MODELSKETCH_VISIBLE
100
AcDbLine
 10
-9.738431876098616
 20
181.1504353239013
 30
0.0
 11
-9.100400192070826
 21
181.1504353239013
 31
0.0
  0
SPLINE
  5
10000175
102
{ACAD_XDICTIONARY
360
10000176
102
}
330
1F
100
AcDbEntity
  8
MODELSKETCH_VISIBLE
100
AcDbSpline
210
0.0
220
0.0
230
1.0
 70
     8
 71
     3
 72
     8
 73
     4
 74
     0
 42
0.0000000001
 43
0.00000001
 40
12.0
 40
12.0
 40
12.0
 40
12.0
 40
13.0
 40
13.0
 40
13.0
 40
13.0
 10
-9.87795824328612
 20
180.9888603456027
 30
0.0
 10
-9.904829988077706
 20
181.0918687006374
 30
0.0
 10
-9.851086498494304
 20
181.1504353239013
 30
0.0
 10
-9.738431876098623
 20
181.1504353239013
 30
0.0
  0
LINE
  5
10000179
102
{ACAD_XDICTIONARY
360
1000017A
102
}
330
1F
100
AcDbEntity
  8
MODELSKETCH_VISIBLE
100
AcDbLine
 10
-9.09523254884173
 20
177.8452107145263
 30
0.0
 11
-9.877958243286113
 21
180.9888603456027
 31
0.0
  0
SPLINE
  5
1000017D
102
{ACAD_XDICTIONARY
360
1000017E
102
}
330
1F
100
AcDbEntity
  8
MODELSKETCH_VISIBLE
100
AcDbSpline
210
0.0
220
0.0
230
1.0
 70
     8
 71
     3
 72
     8
 73
     4
 74
     0
 42
0.0000000001
 43
0.00000001
 40
10.0
 40
10.0
 40
10.0
 40
10.0
 40
11.0
 40
11.0
 40
11.0
 40
11.0
 10
-8.918154640855548
 20
177.7177421815402
 30
0.0
 10
-9.014617314466518
 20
177.7177421815402
 30
0.0
 10
-9.07387295682771
 20
177.7618394037625
 30
0.0
 10
-9.095232548841745
 20
177.8452107145264
 30
0.0
  0
LINE
  5
10000181
102
{ACAD_XDICTIONARY
360
10000182
102
}
330
1F
100
AcDbEntity
  8
MODELSKETCH_VISIBLE
100
AcDbLine
 10
-7.921144007174918
 20
177.7177421815402
 30
0.0
 11
-8.91815464085554
 21
177.7177421815402
 31
0.0
  0
SPLINE
  5
10000185
102
{ACAD_XDICTIONARY
360
10000186
102
}
330
1F
100
AcDbEntity
  8
MODELSKETCH_VISIBLE
100
AcDbSpline
210
0.0
220
0.0
230
1.0
 70
     8
 71
     3
 72
     8
 73
     4
 74
     0
 42
0.0000000001
 43
0.00000001
 40
8.0
 40
8.0
 40
8.0
 40
8.0
 40
9.0
 40
9.0
 40
9.0
 40
9.0
 10
-7.744066099188943
 20
177.8452107145263
 30
0.0
 10
-7.765425691202699
 20
177.7618394037624
 30
0.0
 10
-7.824336824015191
 20
177.7177421815402
 30
0.0
 10
-7.921144007174904
 20
177.7177421815402
 30
0.0
  0
LINE
  5
10000189
102
{ACAD_XDICTIONARY
360
1000018A
102
}
330
1F
100
AcDbEntity
  8
MODELSKETCH_VISIBLE
100
AcDbLine
 10
-6.961340404744304
 20
180.9888603456027
 30
0.0
 11
-7.74406609918895
 21
177.8452107145263
 31
0.0
  0
SPLINE
  5
1000018D
102
{ACAD_XDICTIONARY
360
1000018E
102
}
330
1F
100
AcDbEntity
  8
MODELSKETCH_VISIBLE
100
AcDbSpline
210
0.0
220
0.0
230
1.0
 70
     8
 71
     3
 72
     8
 73
     4
 74
     0
 42
0.0000000001
 43
0.00000001
 40
14.0
 40
14.0
 40
14.0
 40
14.0
 40
15.0
 40
15.0
 40
15.0
 40
15.0
 10
18.60328431590198
 20
76.00628063949021
 30
0.0
 10
18.60328431590198
 20
76.02591768376104
 30
0.0
 10
18.60328431590198
 20
76.04555472803187
 30
0.0
 10
18.59260451989505
 20
76.06519177230273
 30
0.0
  0
LINE
  5
10000191
102
{ACAD_XDICTIONARY
360
10000192
102
}
330
1F
100
AcDbEntity
  8
MODELSKETCH_VISIBLE
100
AcDbLine
 10
18.60328431590198
 20
74.91280733219854
 30
0.0
 11
18.60328431590198
 21
76.00628063949021
 31
0.0
  0
SPLINE
  5
10000195
102
{ACAD_XDICTIONARY
360
10000196
102
}
330
1F
100
AcDbEntity
  8
MODELSKETCH_VISIBLE
100
AcDbSpline
210
0.0
220
0.0
230
1.0
 70
     8
 71
     3
 72
     8
 73
     4
 74
     0
 42
0.0000000001
 43
0.00000001
 40
12.0
 40
12.0
 40
12.0
 40
12.0
 40
13.0
 40
13.0
 40
13.0
 40
13.0
 10
18.76417027510324
 20
74.76570175494157
 30
0.0
 10
18.66219544871447
 20
74.76570175494157
 30
0.0
 10
18.60328431590198
 20
74.81944524452491
 30
0.0
 10
18.60328431590198
 20
74.91280733219854
 30
0.0
  0
LINE
  5
10000199
102
{ACAD_XDICTIONARY
360
1000019A
102
}
330
1F
100
AcDbEntity
  8
MODELSKETCH_VISIBLE
100
AcDbLine
 10
19.51485658152698
 20
74.76570175494157
 30
0.0
 11
18.76417027510324
 21
74.76570175494157
 31
0.0
  0
LINE
  5
1000019D
102
{ACAD_XDICTIONARY
360
1000019E
102
}
330
1F
100
AcDbEntity
  8
MODELSKETCH_VISIBLE
100
AcDbLine
 10
19.67574254072824
 20
76.00628063949021
 30
0.0
 11
19.67574254072824
 21
74.91280733219854
 31
0.0
  0
SPLINE
  5
100001A1
102
{ACAD_XDICTIONARY
360
100001A2
102
}
330
1F
100
AcDbEntity
  8
MODELSKETCH_VISIBLE
100
AcDbSpline
210
0.0
220
0.0
230
1.0
 70
     8
 71
     3
 72
     8
 73
     4
 74
     0
 42
0.0000000001
 43
0.00000001
 40
10.0
 40
10.0
 40
10.0
 40
10.0
 40
11.0
 40
11.0
 40
11.0
 40
11.0
 10
19.67574254072824
 20
74.91280733219854
 30
0.0
 10
19.67574254072824
 20
74.81944524452491
 30
0.0
 10
19.62199905114505
 20
74.76570175494157
 30
0.0
 10
19.51485658152698
 20
74.76570175494157
 30
0.0
  0
LINE
  5
100001A5
102
{ACAD_XDICTIONARY
360
100001A6
102
}
330
1F
100
AcDbEntity
  8
MODELSKETCH_VISIBLE
100
AcDbLine
 10
18.59260451989505
 20
76.06519177230273
 30
0.0
 11
17.62763327423511
 21
78.02682914209437
 31
0.0
  0
SPLINE
  5
100001A9
102
{ACAD_XDICTIONARY
360
100001AA
102
}
330
1F
100
AcDbEntity
  8
MODELSKETCH_VISIBLE
100
AcDbSpline
210
0.0
220
0.0
230
1.0
 70
     8
 71
     3
 72
     8
 73
     4
 74
     0
 42
0.0000000001
 43
0.00000001
 40
16.0
 40
16.0
 40
16.0
 40
16.0
 40
17.0
 40
17.0
 40
17.0
 40
17.0
 10
17.62763327423511
 20
78.02682914209437
 30
0.0
 10
17.57388978465197
 20
78.12983749712906
 30
0.0
 10
17.62763327423512
 20
78.19839489730269
 30
0.0
 10
17.75096769263795
 20
78.19839489730269
 30
0.0
  0
LINE
  5
100001AD
102
{ACAD_XDICTIONARY
360
100001AE
102
}
330
1F
100
AcDbEntity
  8
MODELSKETCH_VISIBLE
100
AcDbLine
 10
17.75096769263795
 20
78.19839489730272
 30
0.0
 11
18.52301359107544
 21
78.19839489730272
 31
0.0
  0
SPLINE
  5
100001B1
102
{ACAD_XDICTIONARY
360
100001B2
102
}
330
1F
100
AcDbEntity
  8
MODELSKETCH_VISIBLE
100
AcDbSpline
210
0.0
220
0.0
230
1.0
 70
     8
 71
     3
 72
     8
 73
     4
 74
     0
 42
0.0000000001
 43
0.00000001
 40
0.0
 40
0.0
 40
0.0
 40
0.0
 40
1.0
 40
1.0
 40
1.0
 40
1.0
 10
-9.100400192070833
 20
181.1504353239014
 30
0.0
 10
-9.00393751845959
 20
181.1504353239014
 30
0.0
 10
-8.945026385647086
 20
181.1063381016791
 30
0.0
 10
-8.923666793633329
 20
181.0229667909153
 30
0.0
  0
LINE
  5
100001B5
102
{ACAD_XDICTIONARY
360
100001B6
102
}
330
1F
100
AcDbEntity
  8
MODELSKETCH_VISIBLE
100
AcDbLine
 10
-8.923666793633323
 20
181.0229667909153
 30
0.0
 11
-8.451688712036109
 21
179.1398775982069
 31
0.0
  0
SPLINE
  5
100001B9
102
{ACAD_XDICTIONARY
360
100001BA
102
}
330
1F
100
AcDbEntity
  8
MODELSKETCH_VISIBLE
100
AcDbSpline
210
0.0
220
0.0
230
1.0
 70
     8
 71
     3
 72
     8
 73
     4
 74
     0
 42
0.0000000001
 43
0.00000001
 40
2.0
 40
2.0
 40
2.0
 40
2.0
 40
3.0
 40
3.0
 40
3.0
 40
3.0
 10
-8.451688712036004
 20
179.1398775982068
 30
0.0
 10
-8.441008916028926
 20
179.0957803759845
 30
0.0
 10
-8.398289732001372
 20
179.0957803759844
 30
0.0
 10
-8.387609935994178
 20
179.1398775982065
 30
0.0
  0
LINE
  5
100001BD
102
{ACAD_XDICTIONARY
360
100001BE
102
}
330
1F
100
AcDbEntity
  8
MODELSKETCH_VISIBLE
100
AcDbLine
 10
-8.387609935994307
 20
179.1398775982069
 30
0.0
 11
-7.915631854397094
 21
181.0229667909152
 31
0.0
  0
SPLINE
  5
100001C1
102
{ACAD_XDICTIONARY
360
100001C2
102
}
330
1F
100
AcDbEntity
  8
MODELSKETCH_VISIBLE
100
AcDbSpline
210
0.0
220
0.0
230
1.0
 70
     8
 71
     3
 72
     8
 73
     4
 74
     0
 42
0.0000000001
 43
0.00000001
 40
4.0
 40
4.0
 40
4.0
 40
4.0
 40
5.0
 40
5.0
 40
5.0
 40
5.0
 10
-7.915631854397088
 20
181.0229667909152
 30
0.0
 10
-7.894272262383324
 20
181.1063381016791
 30
0.0
 10
-7.835361129570825
 20
181.1504353239013
 30
0.0
 10
-7.738553946411118
 20
181.1504353239013
 30
0.0
  0
LINE
  5
100001C5
102
{ACAD_XDICTIONARY
360
100001C6
102
}
330
1F
100
AcDbEntity
  8
MODELSKETCH_VISIBLE
100
AcDbLine
 10
-7.738553946411112
 20
181.1504353239013
 30
0.0
 11
-7.100522262383328
 21
181.1504353239013
 31
0.0
  0
SPLINE
  5
100001C9
102
{ACAD_XDICTIONARY
360
100001CA
102
}
330
1F
100
AcDbEntity
  8
MODELSKETCH_VISIBLE
100
AcDbSpline
210
0.0
220
0.0
230
1.0
 70
     8
 71
     3
 72
     8
 73
     4
 74
     0
 42
0.0000000001
 43
0.00000001
 40
6.0
 40
6.0
 40
6.0
 40
6.0
 40
7.0
 40
7.0
 40
7.0
 40
7.0
 10
-7.100522262383335
 20
181.1504353239013
 30
0.0
 10
-6.98821214953612
 20
181.1504353239013
 30
0.0
 10
-6.934468659952716
 20
181.0918687006374
 30
0.0
 10
-6.961340404744304
 20
180.9888603456027
 30
0.0
  0
LINE
  5
100001CD
102
{ACAD_XDICTIONARY
360
100001CE
102
}
330
1F
100
AcDbEntity
  8
MODELSKETCH_VISIBLE
100
AcDbLine
 10
-1.116735912556795
 20
178.4143404888319
 30
0.0
 11
-1.116735912556795
 21
177.8648477587972
 31
0.0
  0
SPLINE
  5
100001D1
102
{ACAD_XDICTIONARY
360
100001D2
102
}
330
1F
100
AcDbEntity
  8
MODELSKETCH_VISIBLE
100
AcDbSpline
210
0.0
220
0.0
230
1.0
 70
     8
 71
     3
 72
     8
 73
     4
 74
     0
 42
0.0000000001
 43
0.00000001
 40
6.0
 40
6.0
 40
6.0
 40
6.0
 40
7.0
 40
7.0
 40
7.0
 40
7.0
 10
-1.116735912556795
 20
177.8648477587972
 30
0.0
 10
-1.116735912556795
 20
177.7670070469916
 30
0.0
 10
-1.170479402140205
 20
177.7177421815402
 30
0.0
 10
-1.277621871758325
 20
177.7177421815402
 30
0.0
  0
LINE
  5
100001D5
102
{ACAD_XDICTIONARY
360
100001D6
102
}
330
1F
100
AcDbEntity
  8
MODELSKETCH_VISIBLE
100
AcDbLine
 10
-1.277621871758318
 20
177.7177421815402
 30
0.0
 11
-3.395322067070814
 21
177.7177421815402
 31
0.0
  0
SPLINE
  5
100001D9
102
{ACAD_XDICTIONARY
360
100001DA
102
}
330
1F
100
AcDbEntity
  8
MODELSKETCH_VISIBLE
100
AcDbSpline
210
0.0
220
0.0
230
1.0
 70
     8
 71
     3
 72
     8
 73
     4
 74
     0
 42
0.0000000001
 43
0.00000001
 40
8.0
 40
8.0
 40
8.0
 40
8.0
 40
9.0
 40
9.0
 40
9.0
 40
9.0
 10
-3.395322067070814
 20
177.7177421815402
 30
0.0
 10
-3.497296893459574
 20
177.7177421815402
 30
0.0
 10
-3.556208026272073
 20
177.7718301806722
 30
0.0
 10
-3.556208026272073
 20
177.8648477587972
 30
0.0
  0
LINE
  5
100001DD
102
{ACAD_XDICTIONARY
360
100001DE
102
}
330
1F
100
AcDbEntity
  8
MODELSKETCH_VISIBLE
100
AcDbLine
 10
-3.556208026272073
 20
177.8648477587972
 30
0.0
 11
-3.556208026272073
 21
181.0033297466444
 31
0.0
  0
SPLINE
  5
100001E1
102
{ACAD_XDICTIONARY
360
100001E2
102
}
330
1F
100
AcDbEntity
  8
MODELSKETCH_VISIBLE
100
AcDbSpline
210
0.0
220
0.0
230
1.0
 70
     8
 71
     3
 72
     8
 73
     4
 74
     0
 42
0.0000000001
 43
0.00000001
 40
10.0
 40
10.0
 40
10.0
 40
10.0
 40
11.0
 40
11.0
 40
11.0
 40
11.0
 10
-3.556208026272073
 20
181.0033297466443
 30
0.0
 10
-3.556208026272073
 20
181.1015149679985
 30
0.0
 10
-3.497296893459574
 20
181.1504353239013
 30
0.0
 10
-3.395322067070814
 20
181.1504353239013
 30
0.0
  0
LINE
  5
100001E5
102
{ACAD_XDICTIONARY
360
100001E6
102
}
330
1F
100
AcDbEntity
  8
MODELSKETCH_VISIBLE
100
AcDbLine
 10
-3.395322067070814
 20
181.1504353239013
 30
0.0
 11
-2.794841923841496
 21
181.1504353239013
 31
0.0
  0
SPLINE
  5
100001E9
102
{ACAD_XDICTIONARY
360
100001EA
102
}
330
1F
100
AcDbEntity
  8
MODELSKETCH_VISIBLE
100
AcDbSpline
210
0.0
220
0.0
230
1.0
 70
     8
 71
     3
 72
     8
 73
     4
 74
     0
 42
0.0000000001
 43
0.00000001
 40
0.0
 40
0.0
 40
0.0
 40
0.0
 40
1.0
 40
1.0
 40
1.0
 40
1.0
 10
-0.0546129741889577
 20
181.1504353239013
 30
0.0
 10
0.052529495429169
 20
181.1504353239013
 30
0.0
 10
0.1059284754638852
 20
181.1015149679986
 30
0.0
 10
0.1059284754638852
 20
181.0033297466444
 30
0.0
  0
LINE
  5
100001ED
102
{ACAD_XDICTIONARY
360
100001EE
102
}
330
1F
100
AcDbEntity
  8
MODELSKETCH_VISIBLE
100
AcDbLine
 10
0.1059284754638921
 20
181.0033297466443
 30
0.0
 11
0.1059284754638921
 21
179.0809664653943
 31
0.0
  0
SPLINE
  5
100001F1
102
{ACAD_XDICTIONARY
360
100001F2
102
}
330
1F
100
AcDbEntity
  8
MODELSKETCH_VISIBLE
100
AcDbSpline
210
0.0
220
0.0
230
1.0
 70
     8
 71
     3
 72
    11
 73
     7
 74
     0
 42
0.0000000001
 43
0.00000001
 40
2.0
 40
2.0
 40
2.0
 40
2.0
 40
3.0
 40
3.0
 40
3.0
 40
4.0
 40
4.0
 40
4.0
 40
4.0
 10
0.1059284754638201
 20
179.080966465395
 30
0.0
 10
0.1059284754638453
 20
178.7033840001172
 30
0.0
 10
0.1328002202556685
 20
178.4729071120964
 30
0.0
 10
0.5296752202556755
 20
178.4729071120965
 30
0.0
 10
0.9265502202556665
 20
178.472907112096
 30
0.0
 10
0.953077455498514
 20
178.7033840001165
 30
0.0
 10
0.953077455498504
 20
179.0809664653943
 30
0.0
  0
LINE
  5
100001F5
102
{ACAD_XDICTIONARY
360
100001F6
102
}
330
1F
100
AcDbEntity
  8
MODELSKETCH_VISIBLE
100
AcDbLine
 10
0.9530774554985522
 20
179.0809664653944
 30
0.0
 11
0.9530774554985522
 21
181.0033297466444
 31
0.0
  0
SPLINE
  5
100001F9
102
{ACAD_XDICTIONARY
360
100001FA
102
}
330
1F
100
AcDbEntity
  8
MODELSKETCH_VISIBLE
100
AcDbSpline
210
0.0
220
0.0
230
1.0
 70
     8
 71
     3
 72
     8
 73
     4
 74
     0
 42
0.0000000001
 43
0.00000001
 40
5.0
 40
5.0
 40
5.0
 40
5.0
 40
6.0
 40
6.0
 40
6.0
 40
6.0
 10
0.9530774554985522
 20
181.0033297466443
 30
0.0
 10
0.9530774554985522
 20
181.1015149679985
 30
0.0
 10
1.012333097859801
 20
181.1504353239013
 30
0.0
 10
1.113963414700089
 20
181.1504353239013
 30
0.0
  0
LINE
  5
100001FD
102
{ACAD_XDICTIONARY
360
100001FE
102
}
330
1F
100
AcDbEntity
  8
MODELSKETCH_VISIBLE
100
AcDbLine
 10
-152.4
 20
0.0
 30
0.0
 11
0.0000000000000139
 21
263.9645430734969
 31
0.0
  0
LINE
  5
10000201
102
{ACAD_XDICTIONARY
360
10000202
102
}
330
1F
100
AcDbEntity
  8
MODELSKETCH_VISIBLE
100
AcDbLine
 10
0.0000000000000278
 20
263.9645430734969
 30
0.0
 11
152.4
 21
-0.0000000000000555
 31
0.0
  0
LINE
  5
10000205
102
{ACAD_XDICTIONARY
360
10000206
102
}
330
1F
100
AcDbEntity
  8
MODELSKETCH_VISIBLE
100
AcDbLine
 10
152.4
 20
-0.0000000000000145
 30
0.0
 11
-152.4000000000001
 21
-0.0000000000000145
 31
0.0
  0
LINE
  5
10000209
102
{ACAD_XDICTIONARY
360
1000020A
102
}
330
1F
100
AcDbEntity
  8
MODELSKETCH_VISIBLE
100
AcDbLine
 10
-104.1400000000001
 20
-0.0000000000000347
 30
0.0
 11
-104.1400000000001
 21
67.97040000000001
 31
0.0
  0
LINE
  5
1000020D
102
{ACAD_XDICTIONARY
360
1000020E
102
}
330
1F
100
AcDbEntity
  8
MODELSKETCH_VISIBLE
100
AcDbLine
 10
-104.1400000000001
 20
67.97040000000001
 30
0.0
 11
-86.36000000000004
 21
67.97040000000001
 31
0.0
  0
LINE
  5
10000211
102
{ACAD_XDICTIONARY
360
10000212
102
}
330
1F
100
AcDbEntity
  8
MODELSKETCH_VISIBLE
100
AcDbLine
 10
-86.36000000000006
 20
67.97040000000003
 30
0.0
 11
-68.58000000000004
 21
67.97040000000003
 31
0.0
  0
LINE
  5
10000215
102
{ACAD_XDICTIONARY
360
10000216
102
}
330
1F
100
AcDbEntity
  8
MODELSKETCH_VISIBLE
100
AcDbLine
 10
-50.80000000000007
 20
67.97040000000004
 30
0.0
 11
-50.80000000000007
 21
0.0
 31
0.0
  0
LINE
  5
10000219
102
{ACAD_XDICTIONARY
360
1000021A
102
}
330
1F
100
AcDbEntity
  8
MODELSKETCH_VISIBLE
100
AcDbLine
 10
-68.58000000000006
 20
67.97040000000003
 30
0.0
 11
-50.80000000000004
 21
67.97040000000003
 31
0.0
  0
LINE
  5
1000021D
102
{ACAD_XDICTIONARY
360
1000021E
102
}
330
1F
100
AcDbEntity
  8
MODELSKETCH_VISIBLE
100
AcDbLine
 10
-50.80000000000005
 20
67.97040000000003
 30
0.0
 11
-33.02000000000004
 21
67.97040000000003
 31
0.0
  0
LINE
  5
10000221
102
{ACAD_XDICTIONARY
360
10000222
102
}
330
1F
100
AcDbEntity
  8
MODELSKETCH_VISIBLE
100
AcDbLine
 10
-33.02000000000005
 20
67.97040000000003
 30
0.0
 11
-15.24000000000003
 21
67.97040000000003
 31
0.0
  0
LINE
  5
10000225
102
{ACAD_XDICTIONARY
360
10000226
102
}
330
1F
100
AcDbEntity
  8
MODELSKETCH_VISIBLE
100
AcDbLine
 10
-33.0200000000001
 20
-0.0000000000000347
 30
0.0
 11
-33.0200000000001
 21
40.03040000000002
 31
0.0
  0
LINE
  5
10000229
102
{ACAD_XDICTIONARY
360
1000022A
102
}
330
1F
100
AcDbEntity
  8
MODELSKETCH_VISIBLE
100
AcDbLine
 10
-15.24000000000005
 20
67.97040000000004
 30
0.0
 11
2.539999999999973
 21
67.97040000000004
 31
0.0
  0
LINE
  5
1000022D
102
{ACAD_XDICTIONARY
360
1000022E
102
}
330
1F
100
AcDbEntity
  8
MODELSKETCH_VISIBLE
100
AcDbLine
 10
-15.24000000000011
 20
-0.0000000000000347
 30
0.0
 11
-15.24000000000011
 21
40.03040000000003
 31
0.0
  0
LINE
  5
10000231
102
{ACAD_XDICTIONARY
360
10000232
102
}
330
1F
100
AcDbEntity
  8
MODELSKETCH_VISIBLE
100
AcDbLine
 10
20.31999999999989
 20
67.97040000000004
 30
0.0
 11
20.3199999999999
 21
0.0
 31
0.0
  0
LINE
  5
10000235
102
{ACAD_XDICTIONARY
360
10000236
102
}
330
1F
100
AcDbEntity
  8
MODELSKETCH_VISIBLE
100
AcDbLine
 10
2.539999999999959
 20
67.97040000000004
 30
0.0
 11
20.31999999999998
 21
67.97040000000004
 31
0.0
  0
LINE
  5
10000239
102
{ACAD_XDICTIONARY
360
1000023A
102
}
330
1F
100
AcDbEntity
  8
MODELSKETCH_VISIBLE
100
AcDbLine
 10
2.539999999999876
 20
-0.0000000000000347
 30
0.0
 11
2.539999999999876
 21
40.03040000000003
 31
0.0
  0
LINE
  5
1000023D
102
{ACAD_XDICTIONARY
360
1000023E
102
}
330
1F
100
AcDbEntity
  8
MODELSKETCH_VISIBLE
100
AcDbLine
 10
38.09999999999988
 20
67.97040000000004
 30
0.0
 11
38.09999999999988
 21
0.0
 31
0.0
  0
LINE
  5
10000241
102
{ACAD_XDICTIONARY
360
10000242
102
}
330
1F
100
AcDbEntity
  8
MODELSKETCH_VISIBLE
100
AcDbLine
 10
20.31999999999996
 20
67.97040000000004
 30
0.0
 11
38.09999999999998
 21
67.97040000000004
 31
0.0
  0
LINE
  5
10000245
102
{ACAD_XDICTIONARY
360
10000246
102
}
330
1F
100
AcDbEntity
  8
MODELSKETCH_VISIBLE
100
AcDbLine
 10
20.31999999999988
 20
-0.0000000000000347
 30
0.0
 11
20.31999999999988
 21
67.97040000000001
 31
0.0
  0
LINE
  5
10000249
102
{ACAD_XDICTIONARY
360
1000024A
102
}
330
1F
100
AcDbEntity
  8
MODELSKETCH_VISIBLE
100
AcDbLine
 10
38.09999999999998
 20
-0.0000000000000145
 30
0.0
 11
108.1024
 21
-0.0000000000000145
 31
0.0
  0
LINE
  5
1000024D
102
{ACAD_XDICTIONARY
360
1000024E
102
}
330
1F
100
AcDbEntity
  8
MODELSKETCH_VISIBLE
100
AcDbLine
 10
51.62378353476517
 20
67.98252199292183
 30
0.0
 11
64.32378353476517
 21
67.98252199292183
 31
0.0
  0
LINE
  5
10000251
102
{ACAD_XDICTIONARY
360
10000252
102
}
330
1F
100
AcDbEntity
  8
MODELSKETCH_VISIBLE
100
AcDbLine
 10
51.62378353476517
 20
55.28252199292183
 30
0.0
 11
64.32378353476517
 21
55.28252199292183
 31
0.0
  0
LINE
  5
10000255
102
{ACAD_XDICTIONARY
360
10000256
102
}
330
1F
100
AcDbEntity
  8
MODELSKETCH_VISIBLE
100
AcDbLine
 10
51.62378353476517
 20
67.98252199292182
 30
0.0
 11
51.62378353476517
 21
55.28252199292182
 31
0.0
  0
LINE
  5
10000259
102
{ACAD_XDICTIONARY
360
1000025A
102
}
330
1F
100
AcDbEntity
  8
MODELSKETCH_VISIBLE
100
AcDbLine
 10
64.32378353476517
 20
67.98252199292182
 30
0.0
 11
64.32378353476517
 21
55.28252199292182
 31
0.0
  0
LINE
  5
1000025D
102
{ACAD_XDICTIONARY
360
1000025E
102
}
330
1F
100
AcDbEntity
  8
MODELSKETCH_VISIBLE
100
AcDbLine
 10
66.60978353476514
 20
67.98252199292183
 30
0.0
 11
79.30978353476515
 21
67.98252199292183
 31
0.0
  0
LINE
  5
10000261
102
{ACAD_XDICTIONARY
360
10000262
102
}
330
1F
100
AcDbEntity
  8
MODELSKETCH_VISIBLE
100
AcDbLine
 10
79.30978353476515
 20
67.98252199292182
 30
0.0
 11
79.30978353476515
 21
55.28252199292182
 31
0.0
  0
LINE
  5
10000265
102
{ACAD_XDICTIONARY
360
10000266
102
}
330
1F
100
AcDbEntity
  8
MODELSKETCH_VISIBLE
100
AcDbLine
 10
66.60978353476514
 20
55.28252199292183
 30
0.0
 11
79.30978353476515
 21
55.28252199292183
 31
0.0
  0
LINE
  5
10000269
102
{ACAD_XDICTIONARY
360
1000026A
102
}
330
1F
100
AcDbEntity
  8
MODELSKETCH_VISIBLE
100
AcDbLine
 10
66.60978353476514
 20
67.9825219929218
 30
0.0
 11
66.60978353476514
 21
55.28252199292182
 31
0.0
  0
LINE
  5
1000026D
102
{ACAD_XDICTIONARY
360
1000026E
102
}
330
1F
100
AcDbEntity
  8
MODELSKETCH_VISIBLE
100
AcDbLine
 10
81.59578353476512
 20
67.98252199292183
 30
0.0
 11
94.29578353476512
 21
67.98252199292183
 31
0.0
  0
LINE
  5
10000271
102
{ACAD_XDICTIONARY
360
10000272
102
}
330
1F
100
AcDbEntity
  8
MODELSKETCH_VISIBLE
100
AcDbLine
 10
94.29578353476512
 20
67.98252199292182
 30
0.0
 11
94.29578353476512
 21
55.28252199292182
 31
0.0
  0
LINE
  5
10000275
102
{ACAD_XDICTIONARY
360
10000276
102
}
330
1F
100
AcDbEntity
  8
MODELSKETCH_VISIBLE
100
AcDbLine
 10
81.59578353476512
 20
55.28252199292183
 30
0.0
 11
94.29578353476512
 21
55.28252199292183
 31
0.0
  0
LINE
  5
10000279
102
{ACAD_XDICTIONARY
360
1000027A
102
}
330
1F
100
AcDbEntity
  8
MODELSKETCH_VISIBLE
100
AcDbLine
 10
81.59578353476512
 20
67.98252199292182
 30
0.0
 11
81.59578353476512
 21
55.28252199292182
 31
0.0
  0
LINE
  5
1000027D
102
{ACAD_XDICTIONARY
360
1000027E
102
}
330
1F
100
AcDbEntity
  8
MODELSKETCH_VISIBLE
100
AcDbLine
 10
51.62378353476517
 20
52.99652199292182
 30
0.0
 11
64.32378353476517
 21
52.99652199292182
 31
0.0
  0
LINE
  5
10000281
102
{ACAD_XDICTIONARY
360
10000282
102
}
330
1F
100
AcDbEntity
  8
MODELSKETCH_VISIBLE
100
AcDbLine
 10
66.60978353476514
 20
52.99652199292182
 30
0.0
 11
79.30978353476515
 21
52.99652199292182
 31
0.0
  0
LINE
  5
10000285
102
{ACAD_XDICTIONARY
360
10000286
102
}
330
1F
100
AcDbEntity
  8
MODELSKETCH_VISIBLE
100
AcDbLine
 10
66.60978353476514
 20
38.01052199292182
 30
0.0
 11
79.30978353476515
 21
38.01052199292182
 31
0.0
  0
LINE
  5
10000289
102
{ACAD_XDICTIONARY
360
1000028A
102
}
330
1F
100
AcDbEntity
  8
MODELSKETCH_VISIBLE
100
AcDbLine
 10
66.60978353476516
 20
23.02452199292181
 30
0.0
 11
79.30978353476516
 21
23.02452199292181
 31
0.0
  0
LINE
  5
1000028D
102
{ACAD_XDICTIONARY
360
1000028E
102
}
330
1F
100
AcDbEntity
  8
MODELSKETCH_VISIBLE
100
AcDbLine
 10
81.59578353476512
 20
52.99652199292182
 30
0.0
 11
94.29578353476512
 21
52.99652199292182
 31
0.0
  0
LINE
  5
10000291
102
{ACAD_XDICTIONARY
360
10000292
102
}
330
1F
100
AcDbEntity
  8
MODELSKETCH_VISIBLE
100
AcDbLine
 10
81.59578353476513
 20
38.01052199292182
 30
0.0
 11
94.29578353476512
 21
38.01052199292182
 31
0.0
  0
LINE
  5
10000295
102
{ACAD_XDICTIONARY
360
10000296
102
}
330
1F
100
AcDbEntity
  8
MODELSKETCH_VISIBLE
100
AcDbLine
 10
64.32378353476517
 20
52.99652199292181
 30
0.0
 11
64.32378353476517
 21
40.29652199292181
 31
0.0
  0
LINE
  5
10000299
102
{ACAD_XDICTIONARY
360
1000029A
102
}
330
1F
100
AcDbEntity
  8
MODELSKETCH_VISIBLE
100
AcDbLine
 10
79.30978353476515
 20
52.99652199292181
 30
0.0
 11
79.30978353476515
 21
40.29652199292181
 31
0.0
  0
LINE
  5
1000029D
102
{ACAD_XDICTIONARY
360
1000029E
102
}
330
1F
100
AcDbEntity
  8
MODELSKETCH_VISIBLE
100
AcDbLine
 10
79.30978353476515
 20
38.0105219929218
 30
0.0
 11
79.30978353476515
 21
25.3105219929218
 31
0.0
  0
LINE
  5
100002A1
102
{ACAD_XDICTIONARY
360
100002A2
102
}
330
1F
100
AcDbEntity
  8
MODELSKETCH_VISIBLE
100
AcDbLine
 10
79.30978353476516
 20
23.02452199292178
 30
0.0
 11
79.30978353476516
 21
10.32452199292178
 31
0.0
  0
LINE
  5
100002A5
102
{ACAD_XDICTIONARY
360
100002A6
102
}
330
1F
100
AcDbEntity
  8
MODELSKETCH_VISIBLE
100
AcDbLine
 10
94.29578353476512
 20
52.99652199292181
 30
0.0
 11
94.29578353476512
 21
40.29652199292181
 31
0.0
  0
LINE
  5
100002A9
102
{ACAD_XDICTIONARY
360
100002AA
102
}
330
1F
100
AcDbEntity
  8
MODELSKETCH_VISIBLE
100
AcDbLine
 10
94.29578353476512
 20
38.0105219929218
 30
0.0
 11
94.29578353476512
 21
25.3105219929218
 31
0.0
  0
LINE
  5
100002AD
102
{ACAD_XDICTIONARY
360
100002AE
102
}
330
1F
100
AcDbEntity
  8
MODELSKETCH_VISIBLE
100
AcDbLine
 10
94.29578353476512
 20
23.02452199292178
 30
0.0
 11
94.29578353476512
 21
10.32452199292178
 31
0.0
  0
LINE
  5
100002B1
102
{ACAD_XDICTIONARY
360
100002B2
102
}
330
1F
100
AcDbEntity
  8
MODELSKETCH_VISIBLE
100
AcDbLine
 10
51.62378353476517
 20
40.29652199292183
 30
0.0
 11
64.32378353476517
 21
40.29652199292183
 31
0.0
  0
LINE
  5
100002B5
102
{ACAD_XDICTIONARY
360
100002B6
102
}
330
1F
100
AcDbEntity
  8
MODELSKETCH_VISIBLE
100
AcDbLine
 10
66.60978353476514
 20
40.29652199292183
 30
0.0
 11
79.30978353476515
 21
40.29652199292183
 31
0.0
  0
LINE
  5
100002B9
102
{ACAD_XDICTIONARY
360
100002BA
102
}
330
1F
100
AcDbEntity
  8
MODELSKETCH_VISIBLE
100
AcDbLine
 10
66.60978353476514
 20
25.31052199292182
 30
0.0
 11
79.30978353476515
 21
25.31052199292182
 31
0.0
  0
LINE
  5
100002BD
102
{ACAD_XDICTIONARY
360
100002BE
102
}
330
1F
100
AcDbEntity
  8
MODELSKETCH_VISIBLE
100
AcDbLine
 10
66.60978353476516
 20
10.32452199292182
 30
0.0
 11
79.30978353476516
 21
10.32452199292182
 31
0.0
  0
LINE
  5
100002C1
102
{ACAD_XDICTIONARY
360
100002C2
102
}
330
1F
100
AcDbEntity
  8
MODELSKETCH_VISIBLE
100
AcDbLine
 10
81.59578353476512
 20
40.29652199292183
 30
0.0
 11
94.29578353476512
 21
40.29652199292183
 31
0.0
  0
LINE
  5
100002C5
102
{ACAD_XDICTIONARY
360
100002C6
102
}
330
1F
100
AcDbEntity
  8
MODELSKETCH_VISIBLE
100
AcDbLine
 10
81.59578353476513
 20
25.31052199292182
 30
0.0
 11
94.29578353476512
 21
25.31052199292182
 31
0.0
  0
LINE
  5
100002C9
102
{ACAD_XDICTIONARY
360
100002CA
102
}
330
1F
100
AcDbEntity
  8
MODELSKETCH_VISIBLE
100
AcDbLine
 10
81.59578353476513
 20
10.32452199292182
 30
0.0
 11
94.29578353476512
 21
10.32452199292182
 31
0.0
  0
LINE
  5
100002CD
102
{ACAD_XDICTIONARY
360
100002CE
102
}
330
1F
100
AcDbEntity
  8
MODELSKETCH_VISIBLE
100
AcDbLine
 10
51.62378353476517
 20
52.99652199292181
 30
0.0
 11
51.62378353476517
 21
40.29652199292181
 31
0.0
  0
LINE
  5
100002D1
102
{ACAD_XDICTIONARY
360
100002D2
102
}
330
1F
100
AcDbEntity
  8
MODELSKETCH_VISIBLE
100
AcDbLine
 10
66.60978353476514
 20
52.99652199292181
 30
0.0
 11
66.60978353476514
 21
40.29652199292181
 31
0.0
  0
LINE
  5
100002D5
102
{ACAD_XDICTIONARY
360
100002D6
102
}
330
1F
100
AcDbEntity
  8
MODELSKETCH_VISIBLE
100
AcDbLine
 10
66.60978353476514
 20
38.0105219929218
 30
0.0
 11
66.60978353476514
 21
25.3105219929218
 31
0.0
  0
LINE
  5
100002D9
102
{ACAD_XDICTIONARY
360
100002DA
102
}
330
1F
100
AcDbEntity
  8
MODELSKETCH_VISIBLE
100
AcDbLine
 10
66.60978353476516
 20
23.02452199292178
 30
0.0
 11
66.60978353476516
 21
10.32452199292178
 31
0.0
  0
LINE
  5
100002DD
102
{ACAD_XDICTIONARY
360
100002DE
102
}
330
1F
100
AcDbEntity
  8
MODELSKETCH_VISIBLE
100
AcDbLine
 10
81.59578353476512
 20
52.99652199292181
 30
0.0
 11
81.59578353476512
 21
40.29652199292181
 31
0.0
  0
LINE
  5
100002E1
102
{ACAD_XDICTIONARY
360
100002E2
102
}
330
1F
100
AcDbEntity
  8
MODELSKETCH_VISIBLE
100
AcDbLine
 10
81.59578353476513
 20
38.0105219929218
 30
0.0
 11
81.59578353476513
 21
25.3105219929218
 31
0.0
  0
LINE
  5
100002E5
102
{ACAD_XDICTIONARY
360
100002E6
102
}
330
1F
100
AcDbEntity
  8
MODELSKETCH_VISIBLE
100
AcDbLine
 10
81.59578353476513
 20
23.02452199292178
 30
0.0
 11
81.59578353476513
 21
10.32452199292178
 31
0.0
  0
LINE
  5
100002E9
102
{ACAD_XDICTIONARY
360
100002EA
102
}
330
1F
100
AcDbEntity
  8
MODELSKETCH_VISIBLE
100
AcDbLine
 10
-91.44000000000007
 20
67.97040000000001
 30
0.0
 11
-91.44000000000007
 21
40.03040000000003
 31
0.0
  0
LINE
  5
100002ED
102
{ACAD_XDICTIONARY
360
100002EE
102
}
330
1F
100
AcDbEntity
  8
MODELSKETCH_VISIBLE
100
AcDbLine
 10
-91.44000000000008
 20
40.03040000000002
 30
0.0
 11
-81.28000000000007
 21
40.03040000000002
 31
0.0
  0
LINE
  5
100002F1
102
{ACAD_XDICTIONARY
360
100002F2
102
}
330
1F
100
AcDbEntity
  8
MODELSKETCH_VISIBLE
100
AcDbLine
 10
-81.28000000000006
 20
40.03040000000002
 30
0.0
 11
-81.28000000000006
 21
67.97040000000003
 31
0.0
  0
LINE
  5
100002F5
102
{ACAD_XDICTIONARY
360
100002F6
102
}
330
1F
100
AcDbEntity
  8
MODELSKETCH_VISIBLE
100
AcDbLine
 10
-73.66000000000005
 20
67.97040000000003
 30
0.0
 11
-73.66000000000005
 21
40.03040000000004
 31
0.0
  0
LINE
  5
100002F9
102
{ACAD_XDICTIONARY
360
100002FA
102
}
330
1F
100
AcDbEntity
  8
MODELSKETCH_VISIBLE
100
AcDbLine
 10
-63.50000000000006
 20
40.03040000000003
 30
0.0
 11
-63.50000000000006
 21
67.97040000000004
 31
0.0
  0
LINE
  5
100002FD
102
{ACAD_XDICTIONARY
360
100002FE
102
}
330
1F
100
AcDbEntity
  8
MODELSKETCH_VISIBLE
100
AcDbLine
 10
-73.66000000000007
 20
40.03040000000003
 30
0.0
 11
-63.50000000000007
 21
40.03040000000003
 31
0.0
  0
LINE
  5
10000301
102
{ACAD_XDICTIONARY
360
10000302
102
}
330
1F
100
AcDbEntity
  8
MODELSKETCH_VISIBLE
100
AcDbLine
 10
-38.10000000000004
 20
67.97040000000003
 30
0.0
 11
-38.10000000000003
 21
40.03040000000002
 31
0.0
  0
LINE
  5
10000305
102
{ACAD_XDICTIONARY
360
10000306
102
}
330
1F
100
AcDbEntity
  8
MODELSKETCH_VISIBLE
100
AcDbLine
 10
-27.94000000000003
 20
40.03040000000003
 30
0.0
 11
-27.94000000000004
 21
67.97040000000003
 31
0.0
  0
LINE
  5
10000309
102
{ACAD_XDICTIONARY
360
1000030A
102
}
330
1F
100
AcDbEntity
  8
MODELSKETCH_VISIBLE
100
AcDbLine
 10
-38.10000000000003
 20
40.03040000000002
 30
0.0
 11
-27.94000000000003
 21
40.03040000000002
 31
0.0
  0
LINE
  5
1000030D
102
{ACAD_XDICTIONARY
360
1000030E
102
}
330
1F
100
AcDbEntity
  8
MODELSKETCH_VISIBLE
100
AcDbLine
 10
-10.16000000000003
 20
40.03040000000004
 30
0.0
 11
-10.16000000000004
 21
67.97040000000004
 31
0.0
  0
LINE
  5
10000311
102
{ACAD_XDICTIONARY
360
10000312
102
}
330
1F
100
AcDbEntity
  8
MODELSKETCH_VISIBLE
100
AcDbLine
 10
-20.32000000000004
 20
67.97040000000004
 30
0.0
 11
-20.32000000000004
 21
40.03040000000003
 31
0.0
  0
LINE
  5
10000315
102
{ACAD_XDICTIONARY
360
10000316
102
}
330
1F
100
AcDbEntity
  8
MODELSKETCH_VISIBLE
100
AcDbLine
 10
-20.32000000000004
 20
40.03040000000003
 30
0.0
 11
-10.16000000000004
 21
40.03040000000003
 31
0.0
  0
LINE
  5
10000319
102
{ACAD_XDICTIONARY
360
1000031A
102
}
330
1F
100
AcDbEntity
  8
MODELSKETCH_VISIBLE
100
AcDbLine
 10
7.619999999999969
 20
40.03040000000005
 30
0.0
 11
7.619999999999964
 21
67.97040000000004
 31
0.0
  0
LINE
  5
1000031D
102
{ACAD_XDICTIONARY
360
1000031E
102
}
330
1F
100
AcDbEntity
  8
MODELSKETCH_VISIBLE
100
AcDbLine
 10
-2.540000000000036
 20
67.97040000000004
 30
0.0
 11
-2.540000000000035
 21
40.03040000000004
 31
0.0
  0
LINE
  5
10000321
102
{ACAD_XDICTIONARY
360
10000322
102
}
330
1F
100
AcDbEntity
  8
MODELSKETCH_VISIBLE
100
AcDbLine
 10
-2.540000000000049
 20
40.03040000000003
 30
0.0
 11
7.619999999999952
 21
40.03040000000003
 31
0.0
  0
LINE
  5
10000325
102
{ACAD_XDICTIONARY
360
10000326
102
}
330
1F
100
AcDbEntity
  8
MODELSKETCH_VISIBLE
100
AcDbLine
 10
62.22999999999997
 20
97.86236596612929
 30
0.0
 11
83.9724
 21
97.86236596612929
 31
0.0
  0
LINE
  5
10000329
102
{ACAD_XDICTIONARY
360
1000032A
102
}
330
1F
100
AcDbEntity
  8
MODELSKETCH_VISIBLE
100
AcDbLine
 10
62.22999999999996
 20
87.01656596612929
 30
0.0
 11
83.9724
 21
87.01656596612929
 31
0.0
  0
LINE
  5
1000032D
102
{ACAD_XDICTIONARY
360
1000032E
102
}
330
1F
100
AcDbEntity
  8
MODELSKETCH_VISIBLE
100
AcDbLine
 10
62.22999999999997
 20
97.86236596612927
 30
0.0
 11
62.22999999999997
 21
87.01656596612928
 31
0.0
  0
LINE
  5
10000331
102
{ACAD_XDICTIONARY
360
10000332
102
}
330
1F
100
AcDbEntity
  8
MODELSKETCH_VISIBLE
100
AcDbLine
 10
83.97239999999998
 20
97.86236596612929
 30
0.0
 11
83.97239999999998
 21
87.01656596612928
 31
0.0
  0
LINE
  5
10000335
102
{ACAD_XDICTIONARY
360
10000336
102
}
330
1F
100
AcDbEntity
  8
MODELSKETCH_VISIBLE
100
AcDbLine
 10
59.44869999999998
 20
76.96199999999999
 30
0.0
 11
86.75369999999998
 21
76.96199999999999
 31
0.0
  0
LINE
  5
10000339
102
{ACAD_XDICTIONARY
360
1000033A
102
}
330
1F
100
AcDbEntity
  8
MODELSKETCH_VISIBLE
100
AcDbLine
 10
-1.587499999999981
 20
239.3657314214247
 30
0.0
 11
1.587499999999987
 21
239.3657314214247
 31
0.0
  0
LINE
  5
1000033D
102
{ACAD_XDICTIONARY
360
1000033E
102
}
330
1F
100
AcDbEntity
  8
MODELSKETCH_VISIBLE
100
AcDbLine
 10
-1.587499999999971
 20
186.9655314214247
 30
0.0
 11
1.58749999999999
 21
186.9655314214247
 31
0.0
  0
LINE
  5
10000341
102
{ACAD_XDICTIONARY
360
10000342
102
}
330
1F
100
AcDbEntity
  8
MODELSKETCH_VISIBLE
100
AcDbLine
 10
-1.587500000000014
 20
239.3657314214247
 30
0.0
 11
-1.587500000000033
 21
186.9655314214247
 31
0.0
  0
LINE
  5
10000345
102
{ACAD_XDICTIONARY
360
10000346
102
}
330
1F
100
AcDbEntity
  8
MODELSKETCH_VISIBLE
100
AcDbLine
 10
1.587499999999986
 20
239.3657314214247
 30
0.0
 11
1.587499999999967
 21
186.9655314214247
 31
0.0
  0
CIRCLE
  5
10000349
102
{ACAD_XDICTIONARY
360
1000034A
102
}
330
1F
100
AcDbEntity
  8
MODELSKETCH_VISIBLE
100
AcDbCircle
 10
0.0
 20
249.5299726724625
 30
0.0
 40
2.3876
  0
LINE
  5
1000034D
102
{ACAD_XDICTIONARY
360
1000034E
102
}
330
1F
100
AcDbEntity
  8
MODELSKETCH_VISIBLE
100
AcDbLine
 10
122.2374999999999
 20
25.08249999999999
 30
0.0
 11
126.9999999999999
 21
25.08249999999999
 31
0.0
  0
LINE
  5
10000351
102
{ACAD_XDICTIONARY
360
10000352
102
}
330
1F
100
AcDbEntity
  8
MODELSKETCH_VISIBLE
100
AcDbLine
 10
122.2374999999999
 20
12.69999999999999
 30
0.0
 11
126.9999999999999
 21
12.69999999999999
 31
0.0
  0
LINE
  5
10000355
102
{ACAD_XDICTIONARY
360
10000356
102
}
330
1F
100
AcDbEntity
  8
MODELSKETCH_VISIBLE
100
AcDbLine
 10
122.2374999999999
 20
25.08249999999999
 30
0.0
 11
122.2374999999999
 21
12.69999999999998
 31
0.0
  0
LINE
  5
10000359
102
{ACAD_XDICTIONARY
360
1000035A
102
}
330
1F
100
AcDbEntity
  8
MODELSKETCH_VISIBLE
100
AcDbLine
 10
126.9999999999999
 20
25.08249999999999
 30
0.0
 11
126.9999999999999
 21
12.69999999999998
 31
0.0
  0
LINE
  5
1000035D
102
{ACAD_XDICTIONARY
360
1000035E
102
}
330
1F
100
AcDbEntity
  8
MODELSKETCH_VISIBLE
100
AcDbLine
 10
-127.0000000000001
 20
25.08249999999999
 30
0.0
 11
-122.2375000000001
 21
25.08249999999999
 31
0.0
  0
LINE
  5
10000361
102
{ACAD_XDICTIONARY
360
10000362
102
}
330
1F
100
AcDbEntity
  8
MODELSKETCH_VISIBLE
100
AcDbLine
 10
-127.0000000000001
 20
12.69999999999999
 30
0.0
 11
-122.2375000000001
 21
12.69999999999999
 31
0.0
  0
LINE
  5
10000365
102
{ACAD_XDICTIONARY
360
10000366
102
}
330
1F
100
AcDbEntity
  8
MODELSKETCH_VISIBLE
100
AcDbLine
 10
-127.0000000000001
 20
25.08249999999999
 30
0.0
 11
-127.0000000000001
 21
12.69999999999998
 31
0.0
  0
LINE
  5
10000369
102
{ACAD_XDICTIONARY
360
1000036A
102
}
330
1F
100
AcDbEntity
  8
MODELSKETCH_VISIBLE
100
AcDbLine
 10
-122.2375000000001
 20
25.08249999999999
 30
0.0
 11
-122.2375000000001
 21
12.69999999999998
 31
0.0
  0
LINE
  5
1000036D
102
{ACAD_XDICTIONARY
360
1000036E
102
}
330
1F
100
AcDbEntity
  8
MODELSKETCH_VISIBLE
100
AcDbLine
 10
81.59578353476513
 20
23.02452199292181
 30
0.0
 11
94.29578353476512
 21
23.02452199292181
 31
0.0
  0
CIRCLE
  5
10000371
102
{ACAD_XDICTIONARY
360
10000372
102
}
330
1F
100
AcDbEntity
  8
MODELSKETCH_VISIBLE
100
AcDbCircle
 10
140.2094892063589
 20
6.680013663768775
 30
0.0
 40
2.3876
  0
LINE
  5
10000375
102
{ACAD_XDICTIONARY
360
10000376
102
}
330
1F
100
AcDbEntity
  8
MODELSKETCH_VISIBLE
100
AcDbLine
 10
-86.36000000000004
 20
40.03040000000002
 30
0.0
 11
-86.36000000000004
 21
0.0
 31
0.0
  0
LINE
  5
10000379
102
{ACAD_XDICTIONARY
360
1000037A
102
}
330
1F
100
AcDbEntity
  8
MODELSKETCH_VISIBLE
100
AcDbLine
 10
-68.58000000000006
 20
40.03040000000003
 30
0.0
 11
-68.58000000000006
 21
0.0
 31
0.0
  0
SPLINE
  5
1000037D
102
{ACAD_XDICTIONARY
360
1000037E
102
}
330
1F
100
AcDbEntity
  8
MODELSKETCH_VISIBLE
100
AcDbSpline
210
0.0
220
0.0
230
1.0
 70
     8
 71
     3
 72
    11
 73
     7
 74
     0
 42
0.0000000001
 43
0.00000001
 40
0.0
 40
0.0
 40
0.0
 40
0.0
 40
1.0
 40
1.0
 40
1.0
 40
2.0
 40
2.0
 40
2.0
 40
2.0
 10
119.4804182551179
 20
7.862247572482268
 30
0.0
 10
119.6767886978263
 20
7.862247572482268
 30
0.0
 10
119.7749739191804
 20
7.886707750433661
 30
0.0
 10
119.7749739191804
 20
8.14043903298573
 30
0.0
 10
119.7749739191804
 20
8.394170315537844
 30
0.0
 10
119.6767886978263
 20
8.418630493489237
 30
0.0
 10
119.4804182551179
 20
8.418630493489237
 30
0.0
  0
LINE
  5
10000381
102
{ACAD_XDICTIONARY
360
10000382
102
}
330
1F
100
AcDbEntity
  8
MODELSKETCH_VISIBLE
100
AcDbLine
 10
119.4804182551179
 20
8.418630493489239
 30
0.0
 11
119.2595876344582
 21
8.418630493489239
 31
0.0
  0
SPLINE
  5
10000385
102
{ACAD_XDICTIONARY
360
10000386
102
}
330
1F
100
AcDbEntity
  8
MODELSKETCH_VISIBLE
100
AcDbSpline
210
0.0
220
0.0
230
1.0
 70
     8
 71
     3
 72
     8
 73
     4
 74
     0
 42
0.0000000001
 43
0.00000001
 40
3.0
 40
3.0
 40
3.0
 40
3.0
 40
3.5
 40
3.5
 40
3.5
 40
3.5
 10
119.2595876344582
 20
8.418630493489236
 30
0.0
 10
119.2207441828524
 20
8.418630493489236
 30
0.0
 10
119.190082833026
 20
8.408381334418047
 30
0.0
 10
119.169132346101
 20
8.387926079969256
 30
0.0
  0
SPLINE
  5
10000389
102
{ACAD_XDICTIONARY
360
1000038A
102
}
330
1F
100
AcDbEntity
  8
MODELSKETCH_VISIBLE
100
AcDbSpline
210
0.0
220
0.0
230
1.0
 70
     8
 71
     3
 72
     8
 73
     4
 74
     0
 42
0.0000000001
 43
0.00000001
 40
3.5
 40
3.5
 40
3.5
 40
3.5
 40
4.0
 40
4.0
 40
4.0
 40
4.0
 10
119.1691323461011
 20
8.387926079969255
 30
0.0
 10
119.1481818591761
 20
8.367470825520464
 30
0.0
 10
119.1369422351526
 20
8.336809475694068
 30
0.0
 10
119.1369422351526
 20
8.29598509418366
 30
0.0
  0
LINE
  5
1000038D
102
{ACAD_XDICTIONARY
360
1000038E
102
}
330
1F
100
AcDbEntity
  8
MODELSKETCH_VISIBLE
100
AcDbLine
 10
119.1369422351526
 20
8.29598509418366
 30
0.0
 11
119.1369422351526
 21
7.984892971787842
 31
0.0
  0
SPLINE
  5
10000391
102
{ACAD_XDICTIONARY
360
10000392
102
}
330
1F
100
AcDbEntity
  8
MODELSKETCH_VISIBLE
100
AcDbSpline
210
0.0
220
0.0
230
1.0
 70
     8
 71
     3
 72
     8
 73
     4
 74
     0
 42
0.0000000001
 43
0.00000001
 40
5.0
 40
5.0
 40
5.0
 40
5.0
 40
6.0
 40
6.0
 40
6.0
 40
6.0
 10
119.1369422351526
 20
7.984892971787842
 30
0.0
 10
119.1369422351526
 20
7.907206068576016
 30
0.0
 10
119.1819007312466
 20
7.862247572482266
 30
0.0
 10
119.2595876344582
 20
7.862247572482266
 30
0.0
  0
LINE
  5
10000395
102
{ACAD_XDICTIONARY
360
10000396
102
}
330
1F
100
AcDbEntity
  8
MODELSKETCH_VISIBLE
100
AcDbLine
 10
119.2595876344582
 20
7.86224757248227
 30
0.0
 11
119.4804182551179
 21
7.86224757248227
 31
0.0
  0
SPLINE
  5
10000399
102
{ACAD_XDICTIONARY
360
1000039A
102
}
330
1F
100
AcDbEntity
  8
MODELSKETCH_VISIBLE
100
AcDbSpline
210
0.0
220
0.0
230
1.0
 70
     8
 71
     3
 72
    11
 73
     7
 74
     0
 42
0.0000000001
 43
0.00000001
 40
0.0
 40
0.0
 40
0.0
 40
0.0
 40
1.0
 40
1.0
 40
1.0
 40
2.0
 40
2.0
 40
2.0
 40
2.0
 10
119.4559580771666
 20
9.12229124652741
 30
0.0
 10
120.1842512629307
 20
9.12229124652741
 30
0.0
 10
120.4788069269932
 20
8.811371378905877
 30
0.0
 10
120.4788069269932
 20
8.140439032985736
 30
0.0
 10
120.4788069269932
 20
7.469506687065589
 30
0.0
 10
120.1842512629307
 20
7.158586819444094
 30
0.0
 10
119.4559580771666
 20
7.158586819444094
 30
0.0
  0
LINE
  5
1000039D
102
{ACAD_XDICTIONARY
360
1000039E
102
}
330
1F
100
AcDbEntity
  8
MODELSKETCH_VISIBLE
100
AcDbLine
 10
119.4559580771666
 20
7.158586819444094
 30
0.0
 11
119.2595876344582
 21
7.158586819444111
 31
0.0
  0
SPLINE
  5
100003A1
102
{ACAD_XDICTIONARY
360
100003A2
102
}
330
1F
100
AcDbEntity
  8
MODELSKETCH_VISIBLE
100
AcDbSpline
210
0.0
220
0.0
230
1.0
 70
     8
 71
     3
 72
     8
 73
     4
 74
     0
 42
0.0000000001
 43
0.00000001
 40
3.0
 40
3.0
 40
3.0
 40
3.0
 40
4.0
 40
4.0
 40
4.0
 40
4.0
 10
119.2595876344583
 20
7.158586819444095
 30
0.0
 10
119.1819007312466
 20
7.158586819444095
 30
0.0
 10
119.1369422351526
 20
7.117762437933663
 30
0.0
 10
119.1369422351526
 20
7.035769165364239
 30
0.0
  0
LINE
  5
100003A5
102
{ACAD_XDICTIONARY
360
100003A6
102
}
330
1F
100
AcDbEntity
  8
MODELSKETCH_VISIBLE
100
AcDbLine
 10
119.1369422351526
 20
7.035769165364237
 30
0.0
 11
119.1369422351526
 21
6.381201023003085
 31
0.0
  0
SPLINE
  5
100003A9
102
{ACAD_XDICTIONARY
360
100003AA
102
}
330
1F
100
AcDbEntity
  8
MODELSKETCH_VISIBLE
100
AcDbSpline
210
0.0
220
0.0
230
1.0
 70
     8
 71
     3
 72
     8
 73
     4
 74
     0
 42
0.0000000001
 43
0.00000001
 40
5.0
 40
5.0
 40
5.0
 40
5.0
 40
5.5
 40
5.5
 40
5.5
 40
5.5
 10
119.1369422351526
 20
6.381201023003085
 30
0.0
 10
119.1369422351526
 20
6.340376641492675
 30
0.0
 10
119.1266930760814
 20
6.309715291666293
 30
0.0
 10
119.1062162897859
 20
6.289260037217512
 30
0.0
  0
SPLINE
  5
100003AD
102
{ACAD_XDICTIONARY
360
100003AE
102
}
330
1F
100
AcDbEntity
  8
MODELSKETCH_VISIBLE
100
AcDbSpline
210
0.0
220
0.0
230
1.0
 70
     8
 71
     3
 72
     8
 73
     4
 74
     0
 42
0.0000000001
 43
0.00000001
 40
5.5
 40
5.5
 40
5.5
 40
5.5
 40
6.0
 40
6.0
 40
6.0
 40
6.0
 10
119.1062162897859
 20
6.289260037217513
 30
0.0
 10
119.0857395034903
 20
6.268804782768734
 30
0.0
 10
119.0550350899704
 20
6.258555623697556
 30
0.0
 10
119.0141245810729
 20
6.258555623697556
 30
0.0
  0
LINE
  5
100003B1
102
{ACAD_XDICTIONARY
360
100003B2
102
}
330
1F
100
AcDbEntity
  8
MODELSKETCH_VISIBLE
100
AcDbLine
 10
119.0141245810729
 20
6.258555623697556
 30
0.0
 11
118.55592688142
 21
6.258555623697556
 31
0.0
  0
SPLINE
  5
100003B5
102
{ACAD_XDICTIONARY
360
100003B6
102
}
330
1F
100
AcDbEntity
  8
MODELSKETCH_VISIBLE
100
AcDbSpline
210
0.0
220
0.0
230
1.0
 70
     8
 71
     3
 72
     8
 73
     4
 74
     0
 42
0.0000000001
 43
0.00000001
 40
7.0
 40
7.0
 40
7.0
 40
7.0
 40
8.0
 40
8.0
 40
8.0
 40
8.0
 10
118.55592688142
 20
6.258555623697556
 30
0.0
 10
118.4782399782082
 20
6.258555623697556
 30
0.0
 10
118.4331092273403
 20
6.303514119791305
 30
0.0
 10
118.4331092273403
 20
6.381201023003085
 30
0.0
  0
LINE
  5
100003B9
102
{ACAD_XDICTIONARY
360
100003BA
102
}
330
1F
100
AcDbEntity
  8
MODELSKETCH_VISIBLE
100
AcDbLine
 10
118.4331092273403
 20
6.381201023003085
 30
0.0
 11
118.4331092273403
 21
8.995511732638521
 31
0.0
  0
SPLINE
  5
100003BD
102
{ACAD_XDICTIONARY
360
100003BE
102
}
330
1F
100
AcDbEntity
  8
MODELSKETCH_VISIBLE
100
AcDbSpline
210
0.0
220
0.0
230
1.0
 70
     8
 71
     3
 72
     8
 73
     4
 74
     0
 42
0.0000000001
 43
0.00000001
 40
9.0
 40
9.0
 40
9.0
 40
9.0
 40
10.0
 40
10.0
 40
10.0
 40
10.0
 10
118.4331092273403
 20
8.995511732638525
 30
0.0
 10
118.4331092273403
 20
9.077332750433667
 30
0.0
 10
118.474105863625
 20
9.1181571319441
 30
0.0
 10
118.55592688142
 20
9.122291246527418
 30
0.0
  0
LINE
  5
100003C1
102
{ACAD_XDICTIONARY
360
100003C2
102
}
330
1F
100
AcDbEntity
  8
MODELSKETCH_VISIBLE
100
AcDbLine
 10
118.55592688142
 20
9.122291246527418
 30
0.0
 11
119.4559580771666
 21
9.122291246527418
 31
0.0
  0
SPLINE
  5
100003C5
102
{ACAD_XDICTIONARY
360
100003C6
102
}
330
1F
100
AcDbEntity
  8
MODELSKETCH_VISIBLE
100
AcDbSpline
210
0.0
220
0.0
230
1.0
 70
     8
 71
     3
 72
    11
 73
     7
 74
     0
 42
0.0000000001
 43
0.00000001
 40
0.0
 40
0.0
 40
0.0
 40
0.0
 40
1.0
 40
1.0
 40
1.0
 40
2.0
 40
2.0
 40
2.0
 40
2.0
 10
122.0418467490416
 20
7.984892971787809
 30
0.0
 10
122.0418467490416
 20
8.29994695399267
 30
0.0
 10
122.0213484308995
 20
8.492355536891958
 30
0.0
 10
121.7185245376701
 20
8.492355536891965
 30
0.0
 10
121.4158728992152
 20
8.492355536891981
 30
0.0
 10
121.3953745810728
 20
8.299946953992702
 30
0.0
 10
121.3953745810729
 20
7.984892971787843
 30
0.0
  0
LINE
  5
100003C9
102
{ACAD_XDICTIONARY
360
100003CA
102
}
330
1F
100
AcDbEntity
  8
MODELSKETCH_VISIBLE
100
AcDbLine
 10
121.3953745810729
 20
7.984892971787851
 30
0.0
 11
121.3953745810729
 21
7.395781643662848
 31
0.0
  0
SPLINE
  5
100003CD
102
{ACAD_XDICTIONARY
360
100003CE
102
}
330
1F
100
AcDbEntity
  8
MODELSKETCH_VISIBLE
100
AcDbSpline
210
0.0
220
0.0
230
1.0
 70
     8
 71
     3
 72
    11
 73
     7
 74
     0
 42
0.0000000001
 43
0.00000001
 40
3.0
 40
3.0
 40
3.0
 40
3.0
 40
4.0
 40
4.0
 40
4.0
 40
5.0
 40
5.0
 40
5.0
 40
5.0
 10
121.3953745810729
 20
7.39578164366289
 30
0.0
 10
121.3953745810728
 20
7.080899916232309
 30
0.0
 10
121.4158728992151
 20
6.888663588107311
 30
0.0
 10
121.71852453767
 20
6.888663588107293
 30
0.0
 10
122.0213484308994
 20
6.888663588107264
 30
0.0
 10
122.0418467490416
 20
7.080899916232258
 30
0.0
 10
122.0418467490416
 20
7.395781643662831
 30
0.0
  0
LINE
  5
100003D1
102
{ACAD_XDICTIONARY
360
100003D2
102
}
330
1F
100
AcDbEntity
  8
MODELSKETCH_VISIBLE
100
AcDbLine
 10
122.0418467490416
 20
7.395781643662846
 30
0.0
 11
122.0418467490416
 21
7.984892971787852
 31
0.0
  0
SPLINE
  5
100003D5
102
{ACAD_XDICTIONARY
360
100003D6
102
}
330
1F
100
AcDbEntity
  8
MODELSKETCH_VISIBLE
100
AcDbSpline
210
0.0
220
0.0
230
1.0
 70
     8
 71
     3
 72
    11
 73
     7
 74
     0
 42
0.0000000001
 43
0.00000001
 40
0.0
 40
0.0
 40
0.0
 40
0.0
 40
1.0
 40
1.0
 40
1.0
 40
2.0
 40
2.0
 40
2.0
 40
2.0
 10
122.7453352473054
 20
7.179085137586312
 30
0.0
 10
122.7453352473054
 20
6.908989651475203
 30
0.0
 10
122.688146662236
 20
6.184830580294638
 30
0.0
 10
121.71852453767
 20
6.184830580294712
 30
0.0
 10
120.7489024131041
 20
6.184830580294789
 30
0.0
 10
120.6917138280348
 20
6.908989651475364
 30
0.0
 10
120.6917138280347
 20
7.179085137586468
 30
0.0
  0
LINE
  5
100003D9
102
{ACAD_XDICTIONARY
360
100003DA
102
}
330
1F
100
AcDbEntity
  8
MODELSKETCH_VISIBLE
100
AcDbLine
 10
120.6917138280348
 20
7.179085137586453
 30
0.0
 11
120.6917138280348
 21
8.201761732638522
 31
0.0
  0
SPLINE
  5
100003DD
102
{ACAD_XDICTIONARY
360
100003DE
102
}
330
1F
100
AcDbEntity
  8
MODELSKETCH_VISIBLE
100
AcDbSpline
210
0.0
220
0.0
230
1.0
 70
     8
 71
     3
 72
    11
 73
     7
 74
     0
 42
0.0000000001
 43
0.00000001
 40
3.0
 40
3.0
 40
3.0
 40
3.0
 40
4.0
 40
4.0
 40
4.0
 40
5.0
 40
5.0
 40
5.0
 40
5.0
 10
120.6917138280348
 20
8.201761732638527
 30
0.0
 10
120.6917138280348
 20
8.47185721874963
 30
0.0
 10
120.7489024131041
 20
9.195844035155881
 30
0.0
 10
121.7185245376701
 20
9.195844035155881
 30
0.0
 10
122.688146662236
 20
9.195844035155881
 30
0.0
 10
122.7453352473054
 20
8.47185721874963
 30
0.0
 10
122.7453352473054
 20
8.201761732638527
 30
0.0
  0
LINE
  5
100003E1
102
{ACAD_XDICTIONARY
360
100003E2
102
}
330
1F
100
AcDbEntity
  8
MODELSKETCH_VISIBLE
100
AcDbLine
 10
122.7453352473054
 20
8.201761732638515
 30
0.0
 11
122.7453352473054
 21
7.179085137586448
 31
0.0
  0
SPLINE
  5
100003E5
102
{ACAD_XDICTIONARY
360
100003E6
102
}
330
1F
100
AcDbEntity
  8
MODELSKETCH_VISIBLE
100
AcDbSpline
210
0.0
220
0.0
230
1.0
 70
     8
 71
     3
 72
     8
 73
     4
 74
     0
 42
0.0000000001
 43
0.00000001
 40
0.0
 40
0.0
 40
0.0
 40
0.0
 40
1.0
 40
1.0
 40
1.0
 40
1.0
 10
122.9665103775138
 20
8.987243503471845
 30
0.0
 10
122.9503184287291
 20
9.073198635850355
 30
0.0
 10
122.9911428102395
 20
9.122291246527423
 30
0.0
 10
123.0770979426179
 20
9.122291246527423
 30
0.0
  0
LINE
  5
100003E9
102
{ACAD_XDICTIONARY
360
100003EA
102
}
330
1F
100
AcDbEntity
  8
MODELSKETCH_VISIBLE
100
AcDbLine
 10
123.0770979426179
 20
9.122291246527416
 30
0.0
 11
123.5638899348056
 21
9.122291246527416
 31
0.0
  0
SPLINE
  5
100003ED
102
{ACAD_XDICTIONARY
360
100003EE
102
}
330
1F
100
AcDbEntity
  8
MODELSKETCH_VISIBLE
100
AcDbSpline
210
0.0
220
0.0
230
1.0
 70
     8
 71
     3
 72
     8
 73
     4
 74
     0
 42
0.0000000001
 43
0.00000001
 40
2.0
 40
2.0
 40
2.0
 40
2.0
 40
3.0
 40
3.0
 40
3.0
 40
3.0
 10
123.5638899348057
 20
9.122291246527418
 30
0.0
 10
123.6376149782082
 20
9.122291246527418
 30
0.0
 10
123.6906694486945
 20
9.085428724826025
 30
0.0
 10
123.6989376778611
 20
9.016010050780881
 30
0.0
  0
LINE
  5
100003F1
102
{ACAD_XDICTIONARY
360
100003F2
102
}
330
1F
100
AcDbEntity
  8
MODELSKETCH_VISIBLE
100
AcDbLine
 10
123.698937677861
 20
9.016010050780878
 30
0.0
 11
123.9321706422707
 21
7.309998766058667
 31
0.0
  0
SPLINE
  5
100003F5
102
{ACAD_XDICTIONARY
360
100003F6
102
}
330
1F
100
AcDbEntity
  8
MODELSKETCH_VISIBLE
100
AcDbSpline
210
0.0
220
0.0
230
1.0
 70
     8
 71
     3
 72
     8
 73
     4
 74
     0
 42
0.0000000001
 43
0.00000001
 40
4.0
 40
4.0
 40
4.0
 40
4.0
 40
5.0
 40
5.0
 40
5.0
 40
5.0
 10
123.9321706422707
 20
7.309998766058666
 30
0.0
 10
123.9402666166632
 20
7.269002129773954
 30
0.0
 10
123.9729950237813
 20
7.269002129773954
 30
0.0
 10
123.9810909981735
 20
7.309998766058666
 30
0.0
  0
LINE
  5
100003F9
102
{ACAD_XDICTIONARY
360
100003FA
102
}
330
1F
100
AcDbEntity
  8
MODELSKETCH_VISIBLE
100
AcDbLine
 10
123.9810909981735
 20
7.309998766058666
 30
0.0
 11
124.2553205988679
 21
9.016010050780881
 31
0.0
  0
SPLINE
  5
100003FD
102
{ACAD_XDICTIONARY
360
100003FE
102
}
330
1F
100
AcDbEntity
  8
MODELSKETCH_VISIBLE
100
AcDbSpline
210
0.0
220
0.0
230
1.0
 70
     8
 71
     3
 72
     8
 73
     4
 74
     0
 42
0.0000000001
 43
0.00000001
 40
6.0
 40
6.0
 40
6.0
 40
6.0
 40
7.0
 40
7.0
 40
7.0
 40
7.0
 10
124.2553205988679
 20
9.016010050780878
 30
0.0
 10
124.2675506878438
 20
9.085428724826022
 30
0.0
 10
124.3166432985208
 20
9.122291246527416
 30
0.0
 10
124.3903683419236
 20
9.122291246527416
 30
0.0
  0
LINE
  5
10000401
102
{ACAD_XDICTIONARY
360
10000402
102
}
330
1F
100
AcDbEntity
  8
MODELSKETCH_VISIBLE
100
AcDbLine
 10
124.3903683419235
 20
9.122291246527418
 30
0.0
 11
124.7421125910557
 21
9.122291246527418
 31
0.0
  0
SPLINE
  5
10000405
102
{ACAD_XDICTIONARY
360
10000406
102
}
330
1F
100
AcDbEntity
  8
MODELSKETCH_VISIBLE
100
AcDbSpline
210
0.0
220
0.0
230
1.0
 70
     8
 71
     3
 72
     8
 73
     4
 74
     0
 42
0.0000000001
 43
0.00000001
 40
8.0
 40
8.0
 40
8.0
 40
8.0
 40
9.0
 40
9.0
 40
9.0
 40
9.0
 10
124.7421125910557
 20
9.122291246527418
 30
0.0
 10
124.8158376344583
 20
9.122291246527418
 30
0.0
 10
124.864757990361
 20
9.085428724826022
 30
0.0
 10
124.877160334111
 20
9.016010050780878
 30
0.0
  0
LINE
  5
10000409
102
{ACAD_XDICTIONARY
360
1000040A
102
}
330
1F
100
AcDbEntity
  8
MODELSKETCH_VISIBLE
100
AcDbLine
 10
124.877160334111
 20
9.016010050780878
 30
0.0
 11
125.1512176800313
 21
7.309998766058666
 31
0.0
  0
SPLINE
  5
1000040D
102
{ACAD_XDICTIONARY
360
1000040E
102
}
330
1F
100
AcDbEntity
  8
MODELSKETCH_VISIBLE
100
AcDbSpline
210
0.0
220
0.0
230
1.0
 70
     8
 71
     3
 72
     8
 73
     4
 74
     0
 42
0.0000000001
 43
0.00000001
 40
10.0
 40
10.0
 40
10.0
 40
10.0
 40
11.0
 40
11.0
 40
11.0
 40
11.0
 10
125.1512176800313
 20
7.309998766058666
 30
0.0
 10
125.1593136544235
 20
7.269002129773954
 30
0.0
 10
125.1920420615416
 20
7.269002129773954
 30
0.0
 10
125.2003102907082
 20
7.309998766058666
 30
0.0
  0
LINE
  5
10000411
102
{ACAD_XDICTIONARY
360
10000412
102
}
330
1F
100
AcDbEntity
  8
MODELSKETCH_VISIBLE
100
AcDbLine
 10
125.2003102907082
 20
7.309998766058666
 30
0.0
 11
125.4335432551179
 21
9.016010050780881
 31
0.0
  0
SPLINE
  5
10000415
102
{ACAD_XDICTIONARY
360
10000416
102
}
330
1F
100
AcDbEntity
  8
MODELSKETCH_VISIBLE
100
AcDbSpline
210
0.0
220
0.0
230
1.0
 70
     8
 71
     3
 72
     8
 73
     4
 74
     0
 42
0.0000000001
 43
0.00000001
 40
12.0
 40
12.0
 40
12.0
 40
12.0
 40
13.0
 40
13.0
 40
13.0
 40
13.0
 10
125.4335432551179
 20
9.016010050780878
 30
0.0
 10
125.4416392295104
 20
9.085428724826022
 30
0.0
 10
125.4948659547707
 20
9.122291246527416
 30
0.0
 10
125.5685909981735
 20
9.122291246527416
 30
0.0
  0
LINE
  5
10000419
102
{ACAD_XDICTIONARY
360
1000041A
102
}
330
1F
100
AcDbEntity
  8
MODELSKETCH_VISIBLE
100
AcDbLine
 10
125.5685909981735
 20
9.122291246527418
 30
0.0
 11
126.0553829903611
 21
9.122291246527418
 31
0.0
  0
SPLINE
  5
1000041D
102
{ACAD_XDICTIONARY
360
1000041E
102
}
330
1F
100
AcDbEntity
  8
MODELSKETCH_VISIBLE
100
AcDbSpline
210
0.0
220
0.0
230
1.0
 70
     8
 71
     3
 72
     8
 73
     4
 74
     0
 42
0.0000000001
 43
0.00000001
 40
14.0
 40
14.0
 40
14.0
 40
14.0
 40
15.0
 40
15.0
 40
15.0
 40
15.0
 10
126.055382990361
 20
9.122291246527418
 30
0.0
 10
126.1411658679651
 20
9.122291246527418
 30
0.0
 10
126.18216250425
 20
9.07319863585035
 30
0.0
 10
126.165798300691
 20
8.987243503471843
 30
0.0
  0
LINE
  5
10000421
102
{ACAD_XDICTIONARY
360
10000422
102
}
330
1F
100
AcDbEntity
  8
MODELSKETCH_VISIBLE
100
AcDbLine
 10
126.165798300691
 20
8.98724350347184
 30
0.0
 11
125.6626421049444
 21
6.365009074218378
 31
0.0
  0
SPLINE
  5
10000425
102
{ACAD_XDICTIONARY
360
10000426
102
}
330
1F
100
AcDbEntity
  8
MODELSKETCH_VISIBLE
100
AcDbSpline
210
0.0
220
0.0
230
1.0
 70
     8
 71
     3
 72
     8
 73
     4
 74
     0
 42
0.0000000001
 43
0.00000001
 40
16.0
 40
16.0
 40
16.0
 40
16.0
 40
17.0
 40
17.0
 40
17.0
 40
17.0
 10
125.6626421049444
 20
6.365009074218374
 30
0.0
 10
125.6502397611944
 20
6.29541814539895
 30
0.0
 10
125.6013194052916
 20
6.258555623697556
 30
0.0
 10
125.5275943618888
 20
6.258555623697556
 30
0.0
  0
LINE
  5
10000429
102
{ACAD_XDICTIONARY
360
1000042A
102
}
330
1F
100
AcDbEntity
  8
MODELSKETCH_VISIBLE
100
AcDbLine
 10
125.5275943618888
 20
6.258555623697556
 30
0.0
 11
124.9507131227395
 21
6.258555623697556
 31
0.0
  0
SPLINE
  5
1000042D
102
{ACAD_XDICTIONARY
360
1000042E
102
}
330
1F
100
AcDbEntity
  8
MODELSKETCH_VISIBLE
100
AcDbSpline
210
0.0
220
0.0
230
1.0
 70
     8
 71
     3
 72
     8
 73
     4
 74
     0
 42
0.0000000001
 43
0.00000001
 40
18.0
 40
18.0
 40
18.0
 40
18.0
 40
19.0
 40
19.0
 40
19.0
 40
19.0
 10
124.9507131227395
 20
6.258555623697556
 30
0.0
 10
124.877160334111
 20
6.258555623697556
 30
0.0
 10
124.8320295832429
 20
6.295418145398949
 30
0.0
 10
124.8158376344583
 20
6.365009074218372
 30
0.0
  0
LINE
  5
10000431
102
{ACAD_XDICTIONARY
360
10000432
102
}
330
1F
100
AcDbEntity
  8
MODELSKETCH_VISIBLE
100
AcDbLine
 10
124.8158376344583
 20
6.365009074218374
 30
0.0
 11
124.5907006444411
 21
7.37132146571145
 31
0.0
  0
SPLINE
  5
10000435
102
{ACAD_XDICTIONARY
360
10000436
102
}
330
1F
100
AcDbEntity
  8
MODELSKETCH_VISIBLE
100
AcDbSpline
210
0.0
220
0.0
230
1.0
 70
     8
 71
     3
 72
     8
 73
     4
 74
     0
 42
0.0000000001
 43
0.00000001
 40
20.0
 40
20.0
 40
20.0
 40
20.0
 40
21.0
 40
21.0
 40
21.0
 40
21.0
 10
124.590700644441
 20
7.371321465711453
 30
0.0
 10
124.5826046700485
 20
7.412318101996164
 30
0.0
 10
124.5498762629304
 20
7.412318101996164
 30
0.0
 10
124.5416080337638
 20
7.371321465711453
 30
0.0
  0
LINE
  5
10000439
102
{ACAD_XDICTIONARY
360
1000043A
102
}
330
1F
100
AcDbEntity
  8
MODELSKETCH_VISIBLE
100
AcDbLine
 10
124.5416080337638
 20
7.371321465711453
 30
0.0
 11
124.3166432985207
 21
6.365009074218376
 31
0.0
  0
SPLINE
  5
1000043D
102
{ACAD_XDICTIONARY
360
1000043E
102
}
330
1F
100
AcDbEntity
  8
MODELSKETCH_VISIBLE
100
AcDbSpline
210
0.0
220
0.0
230
1.0
 70
     8
 71
     3
 72
     8
 73
     4
 74
     0
 42
0.0000000001
 43
0.00000001
 40
22.0
 40
22.0
 40
22.0
 40
22.0
 40
23.0
 40
23.0
 40
23.0
 40
23.0
 10
124.3166432985207
 20
6.365009074218374
 30
0.0
 10
124.3002790949619
 20
6.295418145398947
 30
0.0
 10
124.2553205988679
 20
6.258555623697554
 30
0.0
 10
124.1815955554653
 20
6.258555623697554
 30
0.0
  0
LINE
  5
10000441
102
{ACAD_XDICTIONARY
360
10000442
102
}
330
1F
100
AcDbEntity
  8
MODELSKETCH_VISIBLE
100
AcDbLine
 10
124.1815955554653
 20
6.258555623697556
 30
0.0
 11
123.6048865710903
 21
6.258555623697556
 31
0.0
  0
SPLINE
  5
10000445
102
{ACAD_XDICTIONARY
360
10000446
102
}
330
1F
100
AcDbEntity
  8
MODELSKETCH_VISIBLE
100
AcDbSpline
210
0.0
220
0.0
230
1.0
 70
     8
 71
     3
 72
     8
 73
     4
 74
     0
 42
0.0000000001
 43
0.00000001
 40
24.0
 40
24.0
 40
24.0
 40
24.0
 40
25.0
 40
25.0
 40
25.0
 40
25.0
 10
123.6048865710903
 20
6.258555623697556
 30
0.0
 10
123.5311615276875
 20
6.258555623697556
 30
0.0
 10
123.4820689170104
 20
6.29541814539895
 30
0.0
 10
123.4698388280348
 20
6.365009074218374
 30
0.0
  0
LINE
  5
10000449
102
{ACAD_XDICTIONARY
360
1000044A
102
}
330
1F
100
AcDbEntity
  8
MODELSKETCH_VISIBLE
100
AcDbLine
 10
123.4698388280347
 20
6.365009074218374
 30
0.0
 11
122.9665103775137
 21
8.98724350347184
 31
0.0
  0
SPLINE
  5
1000044D
102
{ACAD_XDICTIONARY
360
1000044E
102
}
330
1F
100
AcDbEntity
  8
MODELSKETCH_VISIBLE
100
AcDbSpline
210
0.0
220
0.0
230
1.0
 70
     8
 71
     3
 72
     8
 73
     4
 74
     0
 42
0.0000000001
 43
0.00000001
 40
0.0
 40
0.0
 40
0.0
 40
0.0
 40
1.0
 40
1.0
 40
1.0
 40
1.0
 10
128.269029094962
 20
9.122291246527418
 30
0.0
 10
128.350850112757
 20
9.122291246527418
 30
0.0
 10
128.3918467490417
 20
9.081466865016985
 30
0.0
 10
128.3918467490417
 20
8.999473592447561
 30
0.0
  0
LINE
  5
10000451
102
{ACAD_XDICTIONARY
360
10000452
102
}
330
1F
100
AcDbEntity
  8
MODELSKETCH_VISIBLE
100
AcDbLine
 10
128.3918467490417
 20
8.999473592447568
 30
0.0
 11
128.3918467490417
 21
8.541275892794776
 31
0.0
  0
SPLINE
  5
10000455
102
{ACAD_XDICTIONARY
360
10000456
102
}
330
1F
100
AcDbEntity
  8
MODELSKETCH_VISIBLE
100
AcDbSpline
210
0.0
220
0.0
230
1.0
 70
     8
 71
     3
 72
     8
 73
     4
 74
     0
 42
0.0000000001
 43
0.00000001
 40
2.0
 40
2.0
 40
2.0
 40
2.0
 40
3.0
 40
3.0
 40
3.0
 40
3.0
 10
128.3918467490417
 20
8.541275892794769
 30
0.0
 10
128.3918467490417
 20
8.463588989582988
 30
0.0
 10
128.350850112757
 20
8.418630493489237
 30
0.0
 10
128.269029094962
 20
8.418630493489237
 30
0.0
  0
LINE
  5
10000459
102
{ACAD_XDICTIONARY
360
1000045A
102
}
330
1F
100
AcDbEntity
  8
MODELSKETCH_VISIBLE
100
AcDbLine
 10
128.2690290949619
 20
8.418630493489237
 30
0.0
 11
127.2790809070278
 21
8.418630493489237
 31
0.0
  0
SPLINE
  5
1000045D
102
{ACAD_XDICTIONARY
360
1000045E
102
}
330
1F
100
AcDbEntity
  8
MODELSKETCH_VISIBLE
100
AcDbSpline
210
0.0
220
0.0
230
1.0
 70
     8
 71
     3
 72
     8
 73
     4
 74
     0
 42
0.0000000001
 43
0.00000001
 40
4.0
 40
4.0
 40
4.0
 40
4.0
 40
5.0
 40
5.0
 40
5.0
 40
5.0
 10
127.2790809070278
 20
8.418630493489236
 30
0.0
 10
127.2012217490416
 20
8.418630493489236
 30
0.0
 10
127.1562632529479
 20
8.377633857204478
 30
0.0
 10
127.1562632529479
 20
8.29598509418366
 30
0.0
  0
LINE
  5
10000461
102
{ACAD_XDICTIONARY
360
10000462
102
}
330
1F
100
AcDbEntity
  8
MODELSKETCH_VISIBLE
100
AcDbLine
 10
127.1562632529479
 20
8.29598509418366
 30
0.0
 11
127.1562632529479
 21
8.165071465711447
 31
0.0
  0
SPLINE
  5
10000465
102
{ACAD_XDICTIONARY
360
10000466
102
}
330
1F
100
AcDbEntity
  8
MODELSKETCH_VISIBLE
100
AcDbSpline
210
0.0
220
0.0
230
1.0
 70
     8
 71
     3
 72
     8
 73
     4
 74
     0
 42
0.0000000001
 43
0.00000001
 40
6.0
 40
6.0
 40
6.0
 40
6.0
 40
7.0
 40
7.0
 40
7.0
 40
7.0
 10
127.1562632529479
 20
8.165071465711447
 30
0.0
 10
127.1562632529479
 20
8.087212307725341
 30
0.0
 10
127.2012217490416
 20
8.042253811631591
 30
0.0
 10
127.2790809070278
 20
8.042253811631591
 30
0.0
  0
LINE
  5
10000469
102
{ACAD_XDICTIONARY
360
1000046A
102
}
330
1F
100
AcDbEntity
  8
MODELSKETCH_VISIBLE
100
AcDbLine
 10
127.2790809070278
 20
8.042253811631591
 30
0.0
 11
127.9131507312466
 21
8.042253811631591
 31
0.0
  0
SPLINE
  5
1000046D
102
{ACAD_XDICTIONARY
360
1000046E
102
}
330
1F
100
AcDbEntity
  8
MODELSKETCH_VISIBLE
100
AcDbSpline
210
0.0
220
0.0
230
1.0
 70
     8
 71
     3
 72
     8
 73
     4
 74
     0
 42
0.0000000001
 43
0.00000001
 40
8.0
 40
8.0
 40
8.0
 40
8.0
 40
9.0
 40
9.0
 40
9.0
 40
9.0
 10
127.9131507312466
 20
8.042253811631591
 30
0.0
 10
127.9949717490417
 20
8.042253811631591
 30
0.0
 10
128.035796130552
 20
8.001429430121158
 30
0.0
 10
128.035796130552
 20
7.919436157551734
 30
0.0
  0
LINE
  5
10000471
102
{ACAD_XDICTIONARY
360
10000472
102
}
330
1F
100
AcDbEntity
  8
MODELSKETCH_VISIBLE
100
AcDbLine
 10
128.035796130552
 20
7.919436157551734
 30
0.0
 11
128.035796130552
 21
7.461238457898946
 31
0.0
  0
SPLINE
  5
10000475
102
{ACAD_XDICTIONARY
360
10000476
102
}
330
1F
100
AcDbEntity
  8
MODELSKETCH_VISIBLE
100
AcDbSpline
210
0.0
220
0.0
230
1.0
 70
     8
 71
     3
 72
     8
 73
     4
 74
     0
 42
0.0000000001
 43
0.00000001
 40
10.0
 40
10.0
 40
10.0
 40
10.0
 40
11.0
 40
11.0
 40
11.0
 40
11.0
 10
128.035796130552
 20
7.46123845789895
 30
0.0
 10
128.035796130552
 20
7.383551554687124
 30
0.0
 10
127.9949717490417
 20
7.338593058593374
 30
0.0
 10
127.9131507312466
 20
7.338593058593374
 30
0.0
  0
LINE
  5
10000479
102
{ACAD_XDICTIONARY
360
1000047A
102
}
330
1F
100
AcDbEntity
  8
MODELSKETCH_VISIBLE
100
AcDbLine
 10
127.9131507312466
 20
7.338593058593378
 30
0.0
 11
127.2790809070278
 21
7.338593058593378
 31
0.0
  0
SPLINE
  5
1000047D
102
{ACAD_XDICTIONARY
360
1000047E
102
}
330
1F
100
AcDbEntity
  8
MODELSKETCH_VISIBLE
100
AcDbSpline
210
0.0
220
0.0
230
1.0
 70
     8
 71
     3
 72
     8
 73
     4
 74
     0
 42
0.0000000001
 43
0.00000001
 40
12.0
 40
12.0
 40
12.0
 40
12.0
 40
13.0
 40
13.0
 40
13.0
 40
13.0
 10
127.2790809070278
 20
7.338593058593378
 30
0.0
 10
127.2012217490416
 20
7.338593058593378
 30
0.0
 10
127.1562632529479
 20
7.297596422308666
 30
0.0
 10
127.1562632529479
 20
7.215947659287847
 30
0.0
  0
LINE
  5
10000481
102
{ACAD_XDICTIONARY
360
10000482
102
}
330
1F
100
AcDbEntity
  8
MODELSKETCH_VISIBLE
100
AcDbLine
 10
127.1562632529479
 20
7.215947659287844
 30
0.0
 11
127.1562632529479
 21
7.085034030815587
 31
0.0
  0
SPLINE
  5
10000485
102
{ACAD_XDICTIONARY
360
10000486
102
}
330
1F
100
AcDbEntity
  8
MODELSKETCH_VISIBLE
100
AcDbSpline
210
0.0
220
0.0
230
1.0
 70
     8
 71
     3
 72
     8
 73
     4
 74
     0
 42
0.0000000001
 43
0.00000001
 40
14.0
 40
14.0
 40
14.0
 40
14.0
 40
15.0
 40
15.0
 40
15.0
 40
15.0
 10
127.1562632529479
 20
7.085034030815587
 30
0.0
 10
127.1562632529479
 20
7.007174872829481
 30
0.0
 10
127.2012217490416
 20
6.962216376735731
 30
0.0
 10
127.2790809070278
 20
6.962216376735731
 30
0.0
  0
LINE
  5
10000489
102
{ACAD_XDICTIONARY
360
1000048A
102
}
330
1F
100
AcDbEntity
  8
MODELSKETCH_VISIBLE
100
AcDbLine
 10
127.2790809070278
 20
6.962216376735729
 30
0.0
 11
128.2690290949619
 21
6.962216376735729
 31
0.0
  0
SPLINE
  5
1000048D
102
{ACAD_XDICTIONARY
360
1000048E
102
}
330
1F
100
AcDbEntity
  8
MODELSKETCH_VISIBLE
100
AcDbSpline
210
0.0
220
0.0
230
1.0
 70
     8
 71
     3
 72
     8
 73
     4
 74
     0
 42
0.0000000001
 43
0.00000001
 40
16.0
 40
16.0
 40
16.0
 40
16.0
 40
17.0
 40
17.0
 40
17.0
 40
17.0
 10
128.2690290949619
 20
6.962216376735729
 30
0.0
 10
128.3508501127569
 20
6.962216376735729
 30
0.0
 10
128.3918467490416
 20
6.921391995225342
 30
0.0
 10
128.3918467490416
 20
6.839398722655875
 30
0.0
  0
LINE
  5
10000491
102
{ACAD_XDICTIONARY
360
10000492
102
}
330
1F
100
AcDbEntity
  8
MODELSKETCH_VISIBLE
100
AcDbLine
 10
128.3918467490417
 20
6.839398722655876
 30
0.0
 11
128.3918467490417
 21
6.381201023003087
 31
0.0
  0
SPLINE
  5
10000495
102
{ACAD_XDICTIONARY
360
10000496
102
}
330
1F
100
AcDbEntity
  8
MODELSKETCH_VISIBLE
100
AcDbSpline
210
0.0
220
0.0
230
1.0
 70
     8
 71
     3
 72
     8
 73
     4
 74
     0
 42
0.0000000001
 43
0.00000001
 40
18.0
 40
18.0
 40
18.0
 40
18.0
 40
19.0
 40
19.0
 40
19.0
 40
19.0
 10
128.3918467490417
 20
6.381201023003085
 30
0.0
 10
128.3918467490417
 20
6.299552259982266
 30
0.0
 10
128.350850112757
 20
6.258555623697554
 30
0.0
 10
128.269029094962
 20
6.258555623697554
 30
0.0
  0
LINE
  5
10000499
102
{ACAD_XDICTIONARY
360
1000049A
102
}
330
1F
100
AcDbEntity
  8
MODELSKETCH_VISIBLE
100
AcDbLine
 10
128.2690290949619
 20
6.258555623697556
 30
0.0
 11
126.5507877212638
 21
6.258555623697556
 31
0.0
  0
SPLINE
  5
1000049D
102
{ACAD_XDICTIONARY
360
1000049E
102
}
330
1F
100
AcDbEntity
  8
MODELSKETCH_VISIBLE
100
AcDbSpline
210
0.0
220
0.0
230
1.0
 70
     8
 71
     3
 72
     8
 73
     4
 74
     0
 42
0.0000000001
 43
0.00000001
 40
20.0
 40
20.0
 40
20.0
 40
20.0
 40
21.0
 40
21.0
 40
21.0
 40
21.0
 10
126.5507877212638
 20
6.258555623697556
 30
0.0
 10
126.473100818052
 20
6.258555623697556
 30
0.0
 10
126.4281423219583
 20
6.303514119791306
 30
0.0
 10
126.4281423219583
 20
6.381201023003086
 30
0.0
  0
LINE
  5
100004A1
102
{ACAD_XDICTIONARY
360
100004A2
102
}
330
1F
100
AcDbEntity
  8
MODELSKETCH_VISIBLE
100
AcDbLine
 10
126.4281423219583
 20
6.381201023003085
 30
0.0
 11
126.4281423219583
 21
8.999473592447561
 31
0.0
  0
SPLINE
  5
100004A5
102
{ACAD_XDICTIONARY
360
100004A6
102
}
330
1F
100
AcDbEntity
  8
MODELSKETCH_VISIBLE
100
AcDbSpline
210
0.0
220
0.0
230
1.0
 70
     8
 71
     3
 72
     8
 73
     4
 74
     0
 42
0.0000000001
 43
0.00000001
 40
22.0
 40
22.0
 40
22.0
 40
22.0
 40
23.0
 40
23.0
 40
23.0
 40
23.0
 10
126.4281423219583
 20
8.999473592447561
 30
0.0
 10
126.4281423219583
 20
9.081466865016985
 30
0.0
 10
126.473100818052
 20
9.122291246527418
 30
0.0
 10
126.5507877212639
 20
9.122291246527418
 30
0.0
  0
LINE
  5
100004A9
102
{ACAD_XDICTIONARY
360
100004AA
102
}
330
1F
100
AcDbEntity
  8
MODELSKETCH_VISIBLE
100
AcDbLine
 10
126.5507877212638
 20
9.122291246527418
 30
0.0
 11
128.2690290949619
 21
9.122291246527418
 31
0.0
  0
SPLINE
  5
100004AD
102
{ACAD_XDICTIONARY
360
100004AE
102
}
330
1F
100
AcDbEntity
  8
MODELSKETCH_VISIBLE
100
AcDbSpline
210
0.0
220
0.0
230
1.0
 70
     8
 71
     3
 72
     8
 73
     4
 74
     0
 42
0.0000000001
 43
0.00000001
 40
0.0
 40
0.0
 40
0.0
 40
0.0
 40
1.0
 40
1.0
 40
1.0
 40
1.0
 10
129.5456092273403
 20
8.418630493489236
 30
0.0
 10
129.4720564387116
 20
8.418630493489236
 30
0.0
 10
129.4188297134513
 20
8.365403768228804
 30
0.0
 10
129.4188297134513
 20
8.291850979600342
 30
0.0
  0
LINE
  5
100004B1
102
{ACAD_XDICTIONARY
360
100004B2
102
}
330
1F
100
AcDbEntity
  8
MODELSKETCH_VISIBLE
100
AcDbLine
 10
129.4188297134512
 20
8.291850979600346
 30
0.0
 11
129.4188297134512
 21
7.989027086371163
 31
0.0
  0
SPLINE
  5
100004B5
102
{ACAD_XDICTIONARY
360
100004B6
102
}
330
1F
100
AcDbEntity
  8
MODELSKETCH_VISIBLE
100
AcDbSpline
210
0.0
220
0.0
230
1.0
 70
     8
 71
     3
 72
     8
 73
     4
 74
     0
 42
0.0000000001
 43
0.00000001
 40
2.0
 40
2.0
 40
2.0
 40
2.0
 40
3.0
 40
3.0
 40
3.0
 40
3.0
 10
129.4188297134513
 20
7.989027086371157
 30
0.0
 10
129.4188297134513
 20
7.915474297742694
 30
0.0
 10
129.4720564387116
 20
7.862247572482262
 30
0.0
 10
129.5456092273403
 20
7.862247572482262
 30
0.0
  0
LINE
  5
100004B9
102
{ACAD_XDICTIONARY
360
100004BA
102
}
330
1F
100
AcDbEntity
  8
MODELSKETCH_VISIBLE
100
AcDbLine
 10
129.5456092273403
 20
7.86224757248227
 30
0.0
 11
129.6499956205694
 21
7.86224757248227
 31
0.0
  0
LINE
  5
100004BD
102
{ACAD_XDICTIONARY
360
100004BE
102
}
330
1F
100
AcDbEntity
  8
MODELSKETCH_VISIBLE
100
AcDbLine
 10
129.6499956205694
 20
7.86224757248227
 30
0.0
 11
129.7543820137985
 21
7.86224757248227
 31
0.0
  0
SPLINE
  5
100004C1
102
{ACAD_XDICTIONARY
360
100004C2
102
}
330
1F
100
AcDbEntity
  8
MODELSKETCH_VISIBLE
100
AcDbSpline
210
0.0
220
0.0
230
1.0
 70
     8
 71
     3
 72
    11
 73
     7
 74
     0
 42
0.0000000001
 43
0.00000001
 40
4.0
 40
4.0
 40
4.0
 40
4.0
 40
5.0
 40
5.0
 40
5.0
 40
6.0
 40
6.0
 40
6.0
 40
6.0
 10
129.7543820137985
 20
7.862247572482268
 30
0.0
 10
129.9507524565069
 20
7.862247572482268
 30
0.0
 10
130.048937677861
 20
7.886707750433661
 30
0.0
 10
130.048937677861
 20
8.14043903298573
 30
0.0
 10
130.048937677861
 20
8.394170315537844
 30
0.0
 10
129.9507524565069
 20
8.418630493489237
 30
0.0
 10
129.7543820137985
 20
8.418630493489237
 30
0.0
  0
LINE
  5
100004C5
102
{ACAD_XDICTIONARY
360
100004C6
102
}
330
1F
100
AcDbEntity
  8
MODELSKETCH_VISIBLE
100
AcDbLine
 10
129.7543820137985
 20
8.418630493489236
 30
0.0
 11
129.5456092273403
 21
8.418630493489236
 31
0.0
  0
SPLINE
  5
100004C9
102
{ACAD_XDICTIONARY
360
100004CA
102
}
330
1F
100
AcDbEntity
  8
MODELSKETCH_VISIBLE
100
AcDbSpline
210
0.0
220
0.0
230
1.0
 70
     8
 71
     3
 72
     8
 73
     4
 74
     0
 42
0.0000000001
 43
0.00000001
 40
0.0
 40
0.0
 40
0.0
 40
0.0
 40
1.0
 40
1.0
 40
1.0
 40
1.0
 10
130.8630137412292
 20
6.479386244357269
 30
0.0
 10
130.9202023262985
 20
6.373105048610731
 30
0.0
 10
130.8547455120626
 20
6.258555623697557
 30
0.0
 10
130.7279659981735
 20
6.258555623697557
 30
0.0
  0
LINE
  5
100004CD
102
{ACAD_XDICTIONARY
360
100004CE
102
}
330
1F
100
AcDbEntity
  8
MODELSKETCH_VISIBLE
100
AcDbLine
 10
130.7279659981735
 20
6.258555623697556
 30
0.0
 11
130.2615000693541
 21
6.258555623697556
 31
0.0
  0
SPLINE
  5
100004D1
102
{ACAD_XDICTIONARY
360
100004D2
102
}
330
1F
100
AcDbEntity
  8
MODELSKETCH_VISIBLE
100
AcDbSpline
210
0.0
220
0.0
230
1.0
 70
     8
 71
     3
 72
     8
 73
     4
 74
     0
 42
0.0000000001
 43
0.00000001
 40
2.0
 40
2.0
 40
2.0
 40
2.0
 40
3.0
 40
3.0
 40
3.0
 40
3.0
 10
130.2615000693541
 20
6.258555623697556
 30
0.0
 10
130.2206756878438
 20
6.258555623697556
 30
0.0
 10
130.1838131661422
 20
6.279053941839911
 30
0.0
 10
130.1674489625832
 20
6.315744208766979
 30
0.0
  0
LINE
  5
100004D5
102
{ACAD_XDICTIONARY
360
100004D6
102
}
330
1F
100
AcDbEntity
  8
MODELSKETCH_VISIBLE
100
AcDbLine
 10
130.1674489625832
 20
6.315744208766979
 30
0.0
 11
129.7419796700485
 21
7.138088501301738
 31
0.0
  0
SPLINE
  5
100004D9
102
{ACAD_XDICTIONARY
360
100004DA
102
}
330
1F
100
AcDbEntity
  8
MODELSKETCH_VISIBLE
100
AcDbSpline
210
0.0
220
0.0
230
1.0
 70
     8
 71
     3
 72
     8
 73
     4
 74
     0
 42
0.0000000001
 43
0.00000001
 40
4.0
 40
4.0
 40
4.0
 40
4.0
 40
5.0
 40
5.0
 40
5.0
 40
5.0
 10
129.7419796700485
 20
7.138088501301735
 30
0.0
 10
129.7338836956563
 20
7.150490845051734
 30
0.0
 10
129.7216536066803
 20
7.158586819444091
 30
0.0
 10
129.7092512629303
 20
7.158586819444091
 30
0.0
  0
LINE
  5
100004DD
102
{ACAD_XDICTIONARY
360
100004DE
102
}
330
1F
100
AcDbEntity
  8
MODELSKETCH_VISIBLE
100
AcDbLine
 10
129.7092512629304
 20
7.158586819444094
 30
0.0
 11
129.5456092273403
 21
7.158586819444094
 31
0.0
  0
SPLINE
  5
100004E1
102
{ACAD_XDICTIONARY
360
100004E2
102
}
330
1F
100
AcDbEntity
  8
MODELSKETCH_VISIBLE
100
AcDbSpline
210
0.0
220
0.0
230
1.0
 70
     8
 71
     3
 72
     8
 73
     4
 74
     0
 42
0.0000000001
 43
0.00000001
 40
6.0
 40
6.0
 40
6.0
 40
6.0
 40
7.0
 40
7.0
 40
7.0
 40
7.0
 10
129.5456092273403
 20
7.158586819444097
 30
0.0
 10
129.4720564387116
 20
7.158586819444095
 30
0.0
 10
129.4188297134513
 20
7.105360094183665
 30
0.0
 10
129.4188297134513
 20
7.031807305555202
 30
0.0
  0
LINE
  5
100004E5
102
{ACAD_XDICTIONARY
360
100004E6
102
}
330
1F
100
AcDbEntity
  8
MODELSKETCH_VISIBLE
100
AcDbLine
 10
129.4188297134513
 20
7.0318073055552
 30
0.0
 11
129.4188297134513
 21
6.38533513758645
 31
0.0
  0
SPLINE
  5
100004E9
102
{ACAD_XDICTIONARY
360
100004EA
102
}
330
1F
100
AcDbEntity
  8
MODELSKETCH_VISIBLE
100
AcDbSpline
210
0.0
220
0.0
230
1.0
 70
     8
 71
     3
 72
     8
 73
     4
 74
     0
 42
0.0000000001
 43
0.00000001
 40
8.0
 40
8.0
 40
8.0
 40
8.0
 40
9.0
 40
9.0
 40
9.0
 40
9.0
 10
129.4188297134513
 20
6.38533513758645
 30
0.0
 10
129.4188297134513
 20
6.311782348957988
 30
0.0
 10
129.365602988191
 20
6.258555623697556
 30
0.0
 10
129.2920501995625
 20
6.258555623697556
 30
0.0
  0
LINE
  5
100004ED
102
{ACAD_XDICTIONARY
360
100004EE
102
}
330
1F
100
AcDbEntity
  8
MODELSKETCH_VISIBLE
100
AcDbLine
 10
129.2920501995625
 20
6.258555623697556
 30
0.0
 11
128.8338524999097
 21
6.258555623697556
 31
0.0
  0
SPLINE
  5
100004F1
102
{ACAD_XDICTIONARY
360
100004F2
102
}
330
1F
100
AcDbEntity
  8
MODELSKETCH_VISIBLE
100
AcDbSpline
210
0.0
220
0.0
230
1.0
 70
     8
 71
     3
 72
     8
 73
     4
 74
     0
 42
0.0000000001
 43
0.00000001
 40
10.0
 40
10.0
 40
10.0
 40
10.0
 40
11.0
 40
11.0
 40
11.0
 40
11.0
 10
128.8338524999098
 20
6.258555623697554
 30
0.0
 10
128.760127456507
 20
6.258555623697555
 30
0.0
 10
128.7070729860208
 20
6.31178234895799
 30
0.0
 10
128.7070729860208
 20
6.385335137586452
 30
0.0
  0
CIRCLE
  5
100004F5
102
{ACAD_XDICTIONARY
360
100004F6
102
}
330
1F
100
AcDbEntity
  8
MODELSKETCH_VISIBLE
100
AcDbCircle
 10
12.50342734337993
 20
85.53438948467563
 30
0.0
 40
3.175
  0
LINE
  5
100004F9
102
{ACAD_XDICTIONARY
360
100004FA
102
}
330
1F
100
AcDbEntity
  8
MODELSKETCH_VISIBLE
100
AcDbLine
 10
128.7070729860207
 20
6.38533513758645
 30
0.0
 11
128.7070729860207
 21
8.995511732638525
 31
0.0
  0
SPLINE
  5
100004FD
102
{ACAD_XDICTIONARY
360
100004FE
102
}
330
1F
100
AcDbEntity
  8
MODELSKETCH_VISIBLE
100
AcDbSpline
210
0.0
220
0.0
230
1.0
 70
     8
 71
     3
 72
     8
 73
     4
 74
     0
 42
0.0000000001
 43
0.00000001
 40
12.0
 40
12.0
 40
12.0
 40
12.0
 40
13.0
 40
13.0
 40
13.0
 40
13.0
 10
128.7070729860207
 20
8.995511732638525
 30
0.0
 10
128.7070729860207
 20
9.069064521266986
 30
0.0
 10
128.760127456507
 20
9.122291246527418
 30
0.0
 10
128.8338524999098
 20
9.122291246527418
 30
0.0
  0
LINE
  5
10000501
102
{ACAD_XDICTIONARY
360
10000502
102
}
330
1F
100
AcDbEntity
  8
MODELSKETCH_VISIBLE
100
AcDbLine
 10
128.8338524999098
 20
9.122291246527418
 30
0.0
 11
129.7297495810729
 21
9.122291246527418
 31
0.0
  0
SPLINE
  5
10000505
102
{ACAD_XDICTIONARY
360
10000506
102
}
330
1F
100
AcDbEntity
  8
MODELSKETCH_VISIBLE
100
AcDbSpline
210
0.0
220
0.0
230
1.0
 70
     8
 71
     3
 72
    11
 73
     7
 74
     0
 42
0.0000000001
 43
0.00000001
 40
14.0
 40
14.0
 40
14.0
 40
14.0
 40
15.0
 40
15.0
 40
15.0
 40
16.0
 40
16.0
 40
16.0
 40
16.0
 10
129.7297495810728
 20
9.122291246527418
 30
0.0
 10
130.4578705120625
 20
9.122291246527421
 30
0.0
 10
130.752426176125
 20
8.81137137890588
 30
0.0
 10
130.752426176125
 20
8.140439032985736
 30
0.0
 10
130.752426176125
 20
7.759928236544773
 30
0.0
 10
130.6583750693541
 20
7.493966865016984
 30
0.0
 10
130.4416785632778
 20
7.338593058593379
 30
0.0
  0
SPLINE
  5
10000509
102
{ACAD_XDICTIONARY
360
1000050A
102
}
330
1F
100
AcDbEntity
  8
MODELSKETCH_VISIBLE
100
AcDbSpline
210
0.0
220
0.0
230
1.0
 70
     8
 71
     3
 72
     8
 73
     4
 74
     0
 42
0.0000000001
 43
0.00000001
 40
16.0
 40
16.0
 40
16.0
 40
16.0
 40
17.0
 40
17.0
 40
17.0
 40
17.0
 10
130.4416785632778
 20
7.338593058593378
 30
0.0
 10
130.4251421049444
 20
7.326362969617703
 30
0.0
 10
130.4211802451354
 20
7.305864651475348
 30
0.0
 10
130.4292762195278
 20
7.285366333332991
 30
0.0
  0
LINE
  5
1000050D
102
{ACAD_XDICTIONARY
360
1000050E
102
}
330
1F
100
AcDbEntity
  8
MODELSKETCH_VISIBLE
100
AcDbLine
 10
130.4292762195278
 20
7.285366333332991
 30
0.0
 11
130.8630137412291
 21
6.479386244357274
 31
0.0
  0
SPLINE
  5
10000511
102
{ACAD_XDICTIONARY
360
10000512
102
}
330
1F
100
AcDbEntity
  8
MODELSKETCH_VISIBLE
100
AcDbSpline
210
0.0
220
0.0
230
1.0
 70
     8
 71
     3
 72
     8
 73
     4
 74
     0
 42
0.0000000001
 43
0.00000001
 40
0.0
 40
0.0
 40
0.0
 40
0.0
 40
1.0
 40
1.0
 40
1.0
 40
1.0
 10
-128.5524743376792
 20
9.048201419301222
 30
0.0
 10
-128.4704810651098
 20
9.048201419301222
 30
0.0
 10
-128.4294844288251
 20
9.007204783016489
 30
0.0
 10
-128.4294844288251
 20
8.92521151044706
 30
0.0
  0
LINE
  5
10000515
102
{ACAD_XDICTIONARY
360
10000516
102
}
330
1F
100
AcDbEntity
  8
MODELSKETCH_VISIBLE
100
AcDbLine
 10
-128.4294844288252
 20
8.925211510447067
 30
0.0
 11
-128.4294844288249
 21
7.010771948815123
 31
0.0
  0
SPLINE
  5
10000519
102
{ACAD_XDICTIONARY
360
1000051A
102
}
330
1F
100
AcDbEntity
  8
MODELSKETCH_VISIBLE
100
AcDbSpline
210
0.0
220
0.0
230
1.0
 70
     8
 71
     3
 72
     8
 73
     4
 74
     0
 42
0.0000000001
 43
0.00000001
 40
2.0
 40
2.0
 40
2.0
 40
2.0
 40
3.0
 40
3.0
 40
3.0
 40
3.0
 10
-128.4294844288252
 20
7.010771948815114
 30
0.0
 10
-128.4294844288252
 20
6.932912790828985
 30
0.0
 10
-128.3846981875058
 20
6.888126549509561
 30
0.0
 10
-128.3068390295196
 20
6.888126549509561
 30
0.0
  0
LINE
  5
1000051D
102
{ACAD_XDICTIONARY
360
1000051E
102
}
330
1F
100
AcDbEntity
  8
MODELSKETCH_VISIBLE
100
AcDbLine
 10
-128.3068390295195
 20
6.888126549509562
 30
0.0
 11
-127.3945777447973
 21
6.888126549509562
 31
0.0
  0
SPLINE
  5
10000521
102
{ACAD_XDICTIONARY
360
10000522
102
}
330
1F
100
AcDbEntity
  8
MODELSKETCH_VISIBLE
100
AcDbSpline
210
0.0
220
0.0
230
1.0
 70
     8
 71
     3
 72
     8
 73
     4
 74
     0
 42
0.0000000001
 43
0.00000001
 40
4.0
 40
4.0
 40
4.0
 40
4.0
 40
5.0
 40
5.0
 40
5.0
 40
5.0
 10
-127.3945777447973
 20
6.888126549509561
 30
0.0
 10
-127.3129289817764
 20
6.888126549509561
 30
0.0
 10
-127.2719323454917
 20
6.847129913224803
 30
0.0
 10
-127.2719323454917
 20
6.765136640655379
 30
0.0
  0
LINE
  5
10000525
102
{ACAD_XDICTIONARY
360
10000526
102
}
330
1F
100
AcDbEntity
  8
MODELSKETCH_VISIBLE
100
AcDbLine
 10
-127.2719323454917
 20
6.765136640655379
 30
0.0
 11
-127.2719323454917
 21
6.306938941002614
 31
0.0
  0
SPLINE
  5
10000529
102
{ACAD_XDICTIONARY
360
1000052A
102
}
330
1F
100
AcDbEntity
  8
MODELSKETCH_VISIBLE
100
AcDbSpline
210
0.0
220
0.0
230
1.0
 70
     8
 71
     3
 72
     8
 73
     4
 74
     0
 42
0.0000000001
 43
0.00000001
 40
6.0
 40
6.0
 40
6.0
 40
6.0
 40
7.0
 40
7.0
 40
7.0
 40
7.0
 10
-127.2719323454917
 20
6.306938941002614
 30
0.0
 10
-127.2719323454917
 20
6.225290177981773
 30
0.0
 10
-127.3129289817764
 20
6.184293541697062
 30
0.0
 10
-127.3945777447973
 20
6.184293541697063
 30
0.0
  0
LINE
  5
1000052D
102
{ACAD_XDICTIONARY
360
1000052E
102
}
330
1F
100
AcDbEntity
  8
MODELSKETCH_VISIBLE
100
AcDbLine
 10
-127.3945777447973
 20
6.184293541697061
 30
0.0
 11
-129.010672037332
 21
6.184293541697061
 31
0.0
  0
SPLINE
  5
10000531
102
{ACAD_XDICTIONARY
360
10000532
102
}
330
1F
100
AcDbEntity
  8
MODELSKETCH_VISIBLE
100
AcDbSpline
210
0.0
220
0.0
230
1.0
 70
     8
 71
     3
 72
     8
 73
     4
 74
     0
 42
0.0000000001
 43
0.00000001
 40
8.0
 40
8.0
 40
8.0
 40
8.0
 40
9.0
 40
9.0
 40
9.0
 40
9.0
 10
-129.010672037332
 20
6.184293541697061
 30
0.0
 10
-129.0881866857695
 20
6.184293541697061
 30
0.0
 10
-129.1333174366376
 20
6.229424292565115
 30
0.0
 10
-129.1333174366376
 20
6.306938941002614
 30
0.0
  0
LINE
  5
10000535
102
{ACAD_XDICTIONARY
360
10000536
102
}
330
1F
100
AcDbEntity
  8
MODELSKETCH_VISIBLE
100
AcDbLine
 10
-129.1333174366376
 20
6.306938941002612
 30
0.0
 11
-129.1333174366376
 21
8.925211510447058
 31
0.0
  0
SPLINE
  5
10000539
102
{ACAD_XDICTIONARY
360
1000053A
102
}
330
1F
100
AcDbEntity
  8
MODELSKETCH_VISIBLE
100
AcDbSpline
210
0.0
220
0.0
230
1.0
 70
     8
 71
     3
 72
     8
 73
     4
 74
     0
 42
0.0000000001
 43
0.00000001
 40
10.0
 40
10.0
 40
10.0
 40
10.0
 40
11.0
 40
11.0
 40
11.0
 40
11.0
 10
-129.1333174366376
 20
8.925211510447058
 30
0.0
 10
-129.1333174366376
 20
9.007204783016483
 30
0.0
 10
-129.0881866857695
 20
9.048201419301218
 30
0.0
 10
-129.010672037332
 20
9.048201419301218
 30
0.0
  0
LINE
  5
1000053D
102
{ACAD_XDICTIONARY
360
1000053E
102
}
330
1F
100
AcDbEntity
  8
MODELSKETCH_VISIBLE
100
AcDbLine
 10
-129.010672037332
 20
9.04820141930122
 30
0.0
 11
-128.5524743376792
 21
9.04820141930122
 31
0.0
  0
SPLINE
  5
10000541
102
{ACAD_XDICTIONARY
360
10000542
102
}
330
1F
100
AcDbEntity
  8
MODELSKETCH_VISIBLE
100
AcDbSpline
210
0.0
220
0.0
230
1.0
 70
     8
 71
     3
 72
     8
 73
     4
 74
     0
 42
0.0000000001
 43
0.00000001
 40
0.0
 40
0.0
 40
0.0
 40
0.0
 40
1.0
 40
1.0
 40
1.0
 40
1.0
 10
-125.1769697803876
 20
9.04820141930122
 30
0.0
 10
-125.0953210173667
 20
9.04820141930122
 30
0.0
 10
-125.054324381082
 20
9.007204783016485
 30
0.0
 10
-125.054324381082
 20
8.92521151044706
 30
0.0
  0
LINE
  5
10000545
102
{ACAD_XDICTIONARY
360
10000546
102
}
330
1F
100
AcDbEntity
  8
MODELSKETCH_VISIBLE
100
AcDbLine
 10
-125.054324381082
 20
8.925211510447058
 30
0.0
 11
-125.054324381082
 21
8.467013810794272
 31
0.0
  0
SPLINE
  5
10000549
102
{ACAD_XDICTIONARY
360
1000054A
102
}
330
1F
100
AcDbEntity
  8
MODELSKETCH_VISIBLE
100
AcDbSpline
210
0.0
220
0.0
230
1.0
 70
     8
 71
     3
 72
     8
 73
     4
 74
     0
 42
0.0000000001
 43
0.00000001
 40
2.0
 40
2.0
 40
2.0
 40
2.0
 40
3.0
 40
3.0
 40
3.0
 40
3.0
 10
-125.054324381082
 20
8.467013810794276
 30
0.0
 10
-125.054324381082
 20
8.389499162356774
 30
0.0
 10
-125.0953210173666
 20
8.344368411488722
 30
0.0
 10
-125.1769697803876
 20
8.344368411488722
 30
0.0
  0
LINE
  5
1000054D
102
{ACAD_XDICTIONARY
360
1000054E
102
}
330
1F
100
AcDbEntity
  8
MODELSKETCH_VISIBLE
100
AcDbLine
 10
-125.1769697803876
 20
8.344368411488718
 30
0.0
 11
-126.1670902230957
 21
8.344368411488718
 31
0.0
  0
SPLINE
  5
10000551
102
{ACAD_XDICTIONARY
360
10000552
102
}
330
1F
100
AcDbEntity
  8
MODELSKETCH_VISIBLE
100
AcDbSpline
210
0.0
220
0.0
230
1.0
 70
     8
 71
     3
 72
     8
 73
     4
 74
     0
 42
0.0000000001
 43
0.00000001
 40
4.0
 40
4.0
 40
4.0
 40
4.0
 40
5.0
 40
5.0
 40
5.0
 40
5.0
 10
-126.1670902230958
 20
8.34436841148872
 30
0.0
 10
-126.2449493810821
 20
8.34436841148872
 30
0.0
 10
-126.2897356224014
 20
8.303371775203985
 30
0.0
 10
-126.2897356224014
 20
8.221723012183144
 30
0.0
  0
LINE
  5
10000555
102
{ACAD_XDICTIONARY
360
10000556
102
}
330
1F
100
AcDbEntity
  8
MODELSKETCH_VISIBLE
100
AcDbLine
 10
-126.2897356224014
 20
8.221723012183144
 30
0.0
 11
-126.2897356224014
 21
8.090809383710955
 31
0.0
  0
SPLINE
  5
10000559
102
{ACAD_XDICTIONARY
360
1000055A
102
}
330
1F
100
AcDbEntity
  8
MODELSKETCH_VISIBLE
100
AcDbSpline
210
0.0
220
0.0
230
1.0
 70
     8
 71
     3
 72
     8
 73
     4
 74
     0
 42
0.0000000001
 43
0.00000001
 40
6.0
 40
6.0
 40
6.0
 40
6.0
 40
7.0
 40
7.0
 40
7.0
 40
7.0
 10
-126.2897356224014
 20
8.090809383710956
 30
0.0
 10
-126.2897356224014
 20
8.012950225724804
 30
0.0
 10
-126.2449493810821
 20
7.968163984405381
 30
0.0
 10
-126.1670902230958
 20
7.968163984405381
 30
0.0
  0
LINE
  5
1000055D
102
{ACAD_XDICTIONARY
360
1000055E
102
}
330
1F
100
AcDbEntity
  8
MODELSKETCH_VISIBLE
100
AcDbLine
 10
-126.1670902230958
 20
7.968163984405381
 30
0.0
 11
-125.532848144103
 21
7.968163984405381
 31
0.0
  0
SPLINE
  5
10000561
102
{ACAD_XDICTIONARY
360
10000562
102
}
330
1F
100
AcDbEntity
  8
MODELSKETCH_VISIBLE
100
AcDbSpline
210
0.0
220
0.0
230
1.0
 70
     8
 71
     3
 72
     8
 73
     4
 74
     0
 42
0.0000000001
 43
0.00000001
 40
8.0
 40
8.0
 40
8.0
 40
8.0
 40
9.0
 40
9.0
 40
9.0
 40
9.0
 10
-125.5328481441029
 20
7.968163984405381
 30
0.0
 10
-125.451199381082
 20
7.968163984405381
 30
0.0
 10
-125.4102027447973
 20
7.927167348120646
 30
0.0
 10
-125.4102027447973
 20
7.845174075551221
 30
0.0
  0
LINE
  5
10000565
102
{ACAD_XDICTIONARY
360
10000566
102
}
330
1F
100
AcDbEntity
  8
MODELSKETCH_VISIBLE
100
AcDbLine
 10
-125.4102027447973
 20
7.845174075551223
 30
0.0
 11
-125.4102027447973
 21
7.386976375898458
 31
0.0
  0
SPLINE
  5
10000569
102
{ACAD_XDICTIONARY
360
1000056A
102
}
330
1F
100
AcDbEntity
  8
MODELSKETCH_VISIBLE
100
AcDbSpline
210
0.0
220
0.0
230
1.0
 70
     8
 71
     3
 72
     8
 73
     4
 74
     0
 42
0.0000000001
 43
0.00000001
 40
10.0
 40
10.0
 40
10.0
 40
10.0
 40
11.0
 40
11.0
 40
11.0
 40
11.0
 10
-125.4102027447973
 20
7.386976375898454
 30
0.0
 10
-125.4102027447973
 20
7.309461727460956
 30
0.0
 10
-125.451199381082
 20
7.264330976592879
 30
0.0
 10
-125.5328481441029
 20
7.264330976592879
 30
0.0
  0
LINE
  5
1000056D
102
{ACAD_XDICTIONARY
360
1000056E
102
}
330
1F
100
AcDbEntity
  8
MODELSKETCH_VISIBLE
100
AcDbLine
 10
-125.5328481441029
 20
7.264330976592879
 30
0.0
 11
-126.1670902230957
 21
7.264330976592879
 31
0.0
  0
SPLINE
  5
10000571
102
{ACAD_XDICTIONARY
360
10000572
102
}
330
1F
100
AcDbEntity
  8
MODELSKETCH_VISIBLE
100
AcDbSpline
210
0.0
220
0.0
230
1.0
 70
     8
 71
     3
 72
     8
 73
     4
 74
     0
 42
0.0000000001
 43
0.00000001
 40
12.0
 40
12.0
 40
12.0
 40
12.0
 40
13.0
 40
13.0
 40
13.0
 40
13.0
 10
-126.1670902230958
 20
7.264330976592879
 30
0.0
 10
-126.2449493810821
 20
7.264330976592879
 30
0.0
 10
-126.2897356224014
 20
7.223334340308144
 30
0.0
 10
-126.2897356224014
 20
7.141685577287303
 30
0.0
  0
LINE
  5
10000575
102
{ACAD_XDICTIONARY
360
10000576
102
}
330
1F
100
AcDbEntity
  8
MODELSKETCH_VISIBLE
100
AcDbLine
 10
-126.2897356224014
 20
7.141685577287303
 30
0.0
 11
-126.2897356224014
 21
7.010771948815114
 31
0.0
  0
SPLINE
  5
10000579
102
{ACAD_XDICTIONARY
360
1000057A
102
}
330
1F
100
AcDbEntity
  8
MODELSKETCH_VISIBLE
100
AcDbSpline
210
0.0
220
0.0
230
1.0
 70
     8
 71
     3
 72
     8
 73
     4
 74
     0
 42
0.0000000001
 43
0.00000001
 40
14.0
 40
14.0
 40
14.0
 40
14.0
 40
15.0
 40
15.0
 40
15.0
 40
15.0
 10
-126.2897356224014
 20
7.010771948815114
 30
0.0
 10
-126.2897356224014
 20
6.932912790828985
 30
0.0
 10
-126.2449493810821
 20
6.888126549509561
 30
0.0
 10
-126.1670902230958
 20
6.888126549509561
 30
0.0
  0
LINE
  5
1000057D
102
{ACAD_XDICTIONARY
360
1000057E
102
}
330
1F
100
AcDbEntity
  8
MODELSKETCH_VISIBLE
100
AcDbLine
 10
-126.1670902230958
 20
6.888126549509561
 30
0.0
 11
-125.1769697803877
 21
6.888126549509561
 31
0.0
  0
SPLINE
  5
10000581
102
{ACAD_XDICTIONARY
360
10000582
102
}
330
1F
100
AcDbEntity
  8
MODELSKETCH_VISIBLE
100
AcDbSpline
210
0.0
220
0.0
230
1.0
 70
     8
 71
     3
 72
     8
 73
     4
 74
     0
 42
0.0000000001
 43
0.00000001
 40
16.0
 40
16.0
 40
16.0
 40
16.0
 40
17.0
 40
17.0
 40
17.0
 40
17.0
 10
-125.1769697803876
 20
6.888126549509561
 30
0.0
 10
-125.0953210173666
 20
6.888126549509561
 30
0.0
 10
-125.054324381082
 20
6.847129913224803
 30
0.0
 10
-125.054324381082
 20
6.765136640655379
 30
0.0
  0
LINE
  5
10000585
102
{ACAD_XDICTIONARY
360
10000586
102
}
330
1F
100
AcDbEntity
  8
MODELSKETCH_VISIBLE
100
AcDbLine
 10
-125.054324381082
 20
6.765136640655379
 30
0.0
 11
-125.054324381082
 21
6.306938941002614
 31
0.0
  0
SPLINE
  5
10000589
102
{ACAD_XDICTIONARY
360
1000058A
102
}
330
1F
100
AcDbEntity
  8
MODELSKETCH_VISIBLE
100
AcDbSpline
210
0.0
220
0.0
230
1.0
 70
     8
 71
     3
 72
     8
 73
     4
 74
     0
 42
0.0000000001
 43
0.00000001
 40
18.0
 40
18.0
 40
18.0
 40
18.0
 40
19.0
 40
19.0
 40
19.0
 40
19.0
 10
-125.054324381082
 20
6.306938941002612
 30
0.0
 10
-125.054324381082
 20
6.225290177981772
 30
0.0
 10
-125.0953210173666
 20
6.18429354169706
 30
0.0
 10
-125.1769697803876
 20
6.18429354169706
 30
0.0
  0
LINE
  5
1000058D
102
{ACAD_XDICTIONARY
360
1000058E
102
}
330
1F
100
AcDbEntity
  8
MODELSKETCH_VISIBLE
100
AcDbLine
 10
-125.1769697803876
 20
6.184293541697061
 30
0.0
 11
-126.8953834088598
 21
6.184293541697061
 31
0.0
  0
SPLINE
  5
10000591
102
{ACAD_XDICTIONARY
360
10000592
102
}
330
1F
100
AcDbEntity
  8
MODELSKETCH_VISIBLE
100
AcDbSpline
210
0.0
220
0.0
230
1.0
 70
     8
 71
     3
 72
     8
 73
     4
 74
     0
 42
0.0000000001
 43
0.00000001
 40
20.0
 40
20.0
 40
20.0
 40
20.0
 40
21.0
 40
21.0
 40
21.0
 40
21.0
 10
-126.8953834088598
 20
6.184293541697061
 30
0.0
 10
-126.9728980572973
 20
6.184293541697061
 30
0.0
 10
-127.0180288081654
 20
6.229424292565115
 30
0.0
 10
-127.0180288081654
 20
6.306938941002614
 30
0.0
  0
LINE
  5
10000595
102
{ACAD_XDICTIONARY
360
10000596
102
}
330
1F
100
AcDbEntity
  8
MODELSKETCH_VISIBLE
100
AcDbLine
 10
-127.0180288081654
 20
6.306938941002612
 30
0.0
 11
-127.0180288081654
 21
8.925211510447058
 31
0.0
  0
SPLINE
  5
10000599
102
{ACAD_XDICTIONARY
360
1000059A
102
}
330
1F
100
AcDbEntity
  8
MODELSKETCH_VISIBLE
100
AcDbSpline
210
0.0
220
0.0
230
1.0
 70
     8
 71
     3
 72
     8
 73
     4
 74
     0
 42
0.0000000001
 43
0.00000001
 40
22.0
 40
22.0
 40
22.0
 40
22.0
 40
23.0
 40
23.0
 40
23.0
 40
23.0
 10
-127.0180288081654
 20
8.925211510447058
 30
0.0
 10
-127.0180288081654
 20
9.007204783016483
 30
0.0
 10
-126.9728980572973
 20
9.048201419301218
 30
0.0
 10
-126.8953834088598
 20
9.048201419301218
 30
0.0
  0
LINE
  5
1000059D
102
{ACAD_XDICTIONARY
360
1000059E
102
}
330
1F
100
AcDbEntity
  8
MODELSKETCH_VISIBLE
100
AcDbLine
 10
-126.8953834088598
 20
9.04820141930122
 30
0.0
 11
-125.1769697803876
 21
9.04820141930122
 31
0.0
  0
SPLINE
  5
100005A1
102
{ACAD_XDICTIONARY
360
100005A2
102
}
330
1F
100
AcDbEntity
  8
MODELSKETCH_VISIBLE
100
AcDbSpline
210
0.0
220
0.0
230
1.0
 70
     8
 71
     3
 72
    14
 73
    10
 74
     0
 42
0.0000000001
 43
0.00000001
 40
0.0
 40
0.0
 40
0.0
 40
0.0
 40
1.0
 40
1.0
 40
1.0
 40
2.0
 40
2.0
 40
2.0
 40
3.0
 40
3.0
 40
3.0
 40
3.0
 10
-123.6917891163252
 20
6.888126549509563
 30
0.0
 10
-123.4954186736167
 20
6.888126549509563
 30
0.0
 10
-123.3972334522627
 20
6.920854956627617
 30
0.0
 10
-123.3972334522627
 20
7.166145755238722
 30
0.0
 10
-123.3972334522627
 20
7.170279869822063
 30
0.0
 10
-123.3972334522627
 20
8.06221509117622
 30
0.0
 10
-123.3972334522627
 20
8.066349205759563
 30
0.0
 10
-123.3972334522627
 20
8.319908233537308
 30
0.0
 10
-123.4954186736167
 20
8.344368411488727
 30
0.0
 10
-123.6917891163252
 20
8.344368411488727
 30
0.0
  0
LINE
  5
100005A5
102
{ACAD_XDICTIONARY
360
100005A6
102
}
330
1F
100
AcDbEntity
  8
MODELSKETCH_VISIBLE
100
AcDbLine
 10
-123.6917891163252
 20
8.344368411488718
 30
0.0
 11
-123.9126197369848
 21
8.344368411488718
 31
0.0
  0
SPLINE
  5
100005A9
102
{ACAD_XDICTIONARY
360
100005AA
102
}
330
1F
100
AcDbEntity
  8
MODELSKETCH_VISIBLE
100
AcDbSpline
210
0.0
220
0.0
230
1.0
 70
     8
 71
     3
 72
     8
 73
     4
 74
     0
 42
0.0000000001
 43
0.00000001
 40
4.0
 40
4.0
 40
4.0
 40
4.0
 40
5.0
 40
5.0
 40
5.0
 40
5.0
 10
-123.9126197369848
 20
8.34436841148872
 30
0.0
 10
-123.990478894971
 20
8.34436841148872
 30
0.0
 10
-124.0352651362904
 20
8.303371775203985
 30
0.0
 10
-124.0352651362904
 20
8.221723012183144
 30
0.0
  0
LINE
  5
100005AD
102
{ACAD_XDICTIONARY
360
100005AE
102
}
330
1F
100
AcDbEntity
  8
MODELSKETCH_VISIBLE
100
AcDbLine
 10
-124.0352651362904
 20
8.221723012183144
 30
0.0
 11
-124.0352651362904
 21
7.010771948815112
 31
0.0
  0
SPLINE
  5
100005B1
102
{ACAD_XDICTIONARY
360
100005B2
102
}
330
1F
100
AcDbEntity
  8
MODELSKETCH_VISIBLE
100
AcDbSpline
210
0.0
220
0.0
230
1.0
 70
     8
 71
     3
 72
     8
 73
     4
 74
     0
 42
0.0000000001
 43
0.00000001
 40
6.0
 40
6.0
 40
6.0
 40
6.0
 40
7.0
 40
7.0
 40
7.0
 40
7.0
 10
-124.0352651362904
 20
7.010771948815114
 30
0.0
 10
-124.0352651362904
 20
6.932912790828985
 30
0.0
 10
-123.990478894971
 20
6.888126549509561
 30
0.0
 10
-123.9126197369848
 20
6.888126549509561
 30
0.0
  0
LINE
  5
100005B5
102
{ACAD_XDICTIONARY
360
100005B6
102
}
330
1F
100
AcDbEntity
  8
MODELSKETCH_VISIBLE
100
AcDbLine
 10
-123.9126197369848
 20
6.888126549509561
 30
0.0
 11
-123.6917891163251
 21
6.888126549509561
 31
0.0
  0
LINE
  5
100005B9
102
{ACAD_XDICTIONARY
360
100005BA
102
}
330
1F
100
AcDbEntity
  8
MODELSKETCH_VISIBLE
100
AcDbLine
 10
-30.54250319702295
 20
77.88774864836273
 30
0.0
 11
-28.29078878730073
 21
77.88774864836273
 31
0.0
  0
SPLINE
  5
100005BD
102
{ACAD_XDICTIONARY
360
100005BE
102
}
330
1F
100
AcDbEntity
  8
MODELSKETCH_VISIBLE
100
AcDbSpline
210
0.0
220
0.0
230
1.0
 70
     8
 71
     3
 72
     8
 73
     4
 74
     0
 42
0.0000000001
 43
0.00000001
 40
0.0
 40
0.0
 40
0.0
 40
0.0
 40
1.0
 40
1.0
 40
1.0
 40
1.0
 10
-27.11084358330789
 20
77.88774864836273
 30
0.0
 10
-27.01438090969664
 20
77.88774864836273
 30
0.0
 10
-26.95546977688414
 20
77.8436514261405
 30
0.0
 10
-26.93411018487011
 20
77.76028011537664
 30
0.0
  0
CIRCLE
  5
100005C1
102
{ACAD_XDICTIONARY
360
100005C2
102
}
330
1F
100
AcDbEntity
  8
MODELSKETCH_VISIBLE
100
AcDbCircle
 10
-0.0000000000000397
 20
249.5299726724625
 30
0.0
 40
2.3876
  0
LINE
  5
100005C5
102
{ACAD_XDICTIONARY
360
100005C6
102
}
330
1F
100
AcDbEntity
  8
MODELSKETCH_VISIBLE
100
AcDbLine
 10
-26.93411018487011
 20
77.76028011537663
 30
0.0
 11
-26.46213210327295
 21
75.87719092266832
 31
0.0
  0
SPLINE
  5
100005C9
102
{ACAD_XDICTIONARY
360
100005CA
102
}
330
1F
100
AcDbEntity
  8
MODELSKETCH_VISIBLE
100
AcDbSpline
210
0.0
220
0.0
230
1.0
 70
     8
 71
     3
 72
     8
 73
     4
 74
     0
 42
0.0000000001
 43
0.00000001
 40
2.0
 40
2.0
 40
2.0
 40
2.0
 40
3.0
 40
3.0
 40
3.0
 40
3.0
 10
-26.46213210327292
 20
75.87719092266829
 30
0.0
 10
-26.45145230726601
 20
75.83309370044611
 30
0.0
 10
-26.40873312323822
 20
75.83309370044604
 30
0.0
 10
-26.39770881768287
 20
75.87719092266838
 30
0.0
  0
LINE
  5
100005CD
102
{ACAD_XDICTIONARY
360
100005CE
102
}
330
1F
100
AcDbEntity
  8
MODELSKETCH_VISIBLE
100
AcDbLine
 10
-26.39770881768288
 20
75.8771909226683
 30
0.0
 11
-25.92607524563414
 21
77.76028011537662
 31
0.0
  0
SPLINE
  5
100005D1
102
{ACAD_XDICTIONARY
360
100005D2
102
}
330
1F
100
AcDbEntity
  8
MODELSKETCH_VISIBLE
100
AcDbSpline
210
0.0
220
0.0
230
1.0
 70
     8
 71
     3
 72
     8
 73
     4
 74
     0
 42
0.0000000001
 43
0.00000001
 40
4.0
 40
4.0
 40
4.0
 40
4.0
 40
5.0
 40
5.0
 40
5.0
 40
5.0
 10
-25.92607524563413
 20
77.76028011537664
 30
0.0
 10
-25.90471565362009
 20
77.84365142614053
 30
0.0
 10
-25.8458045208076
 20
77.88774864836276
 30
0.0
 10
-25.74899733764793
 20
77.88774864836276
 30
0.0
  0
LINE
  5
100005D5
102
{ACAD_XDICTIONARY
360
100005D6
102
}
330
1F
100
AcDbEntity
  8
MODELSKETCH_VISIBLE
100
AcDbLine
 10
-25.74899733764794
 20
77.88774864836273
 30
0.0
 11
-25.11131016316885
 21
77.88774864836273
 31
0.0
  0
SPLINE
  5
100005D9
102
{ACAD_XDICTIONARY
360
100005DA
102
}
330
1F
100
AcDbEntity
  8
MODELSKETCH_VISIBLE
100
AcDbSpline
210
0.0
220
0.0
230
1.0
 70
     8
 71
     3
 72
     8
 73
     4
 74
     0
 42
0.0000000001
 43
0.00000001
 40
6.0
 40
6.0
 40
6.0
 40
6.0
 40
7.0
 40
7.0
 40
7.0
 40
7.0
 10
-25.11131016316886
 20
77.88774864836273
 30
0.0
 10
-24.99865554077295
 20
77.88774864836273
 30
0.0
 10
-24.94491205118976
 20
77.82918202509883
 30
0.0
 10
-24.97178379598135
 20
77.72617367006413
 30
0.0
  0
LINE
  5
100005DD
102
{ACAD_XDICTIONARY
360
100005DE
102
}
330
1F
100
AcDbEntity
  8
MODELSKETCH_VISIBLE
100
AcDbLine
 10
-24.97178379598135
 20
77.72617367006413
 30
0.0
 11
-25.75450949042573
 21
74.58252403898774
 31
0.0
  0
SPLINE
  5
100005E1
102
{ACAD_XDICTIONARY
360
100005E2
102
}
330
1F
100
AcDbEntity
  8
MODELSKETCH_VISIBLE
100
AcDbSpline
210
0.0
220
0.0
230
1.0
 70
     8
 71
     3
 72
     8
 73
     4
 74
     0
 42
0.0000000001
 43
0.00000001
 40
8.0
 40
8.0
 40
8.0
 40
8.0
 40
9.0
 40
9.0
 40
9.0
 40
9.0
 10
-25.75450949042573
 20
74.58252403898774
 30
0.0
 10
-25.77586908243975
 20
74.49915272822385
 30
0.0
 10
-25.83478021525226
 20
74.45505550600163
 30
0.0
 10
-25.93158739841197
 20
74.45505550600163
 30
0.0
  0
LINE
  5
100005E5
102
{ACAD_XDICTIONARY
360
100005E6
102
}
330
1F
100
AcDbEntity
  8
MODELSKETCH_VISIBLE
100
AcDbLine
 10
-25.93158739841197
 20
74.45505550600163
 30
0.0
 11
-26.92859803209255
 21
74.45505550600163
 31
0.0
  0
SPLINE
  5
100005E9
102
{ACAD_XDICTIONARY
360
100005EA
102
}
330
1F
100
AcDbEntity
  8
MODELSKETCH_VISIBLE
100
AcDbSpline
210
0.0
220
0.0
230
1.0
 70
     8
 71
     3
 72
     8
 73
     4
 74
     0
 42
0.0000000001
 43
0.00000001
 40
10.0
 40
10.0
 40
10.0
 40
10.0
 40
11.0
 40
11.0
 40
11.0
 40
11.0
 10
-26.92859803209254
 20
74.45505550600163
 30
0.0
 10
-27.02506070570351
 20
74.45505550600163
 30
0.0
 10
-27.08397183851601
 20
74.49915272822385
 30
0.0
 10
-27.10567594007851
 20
74.58252403898774
 30
0.0
  0
LINE
  5
100005ED
102
{ACAD_XDICTIONARY
360
100005EE
102
}
330
1F
100
AcDbEntity
  8
MODELSKETCH_VISIBLE
100
AcDbLine
 10
-27.10567594007852
 20
74.58252403898774
 30
0.0
 11
-27.88840163452294
 21
77.72617367006413
 31
0.0
  0
SPLINE
  5
100005F1
102
{ACAD_XDICTIONARY
360
100005F2
102
}
330
1F
100
AcDbEntity
  8
MODELSKETCH_VISIBLE
100
AcDbSpline
210
0.0
220
0.0
230
1.0
 70
     8
 71
     3
 72
     8
 73
     4
 74
     0
 42
0.0000000001
 43
0.00000001
 40
12.0
 40
12.0
 40
12.0
 40
12.0
 40
13.0
 40
13.0
 40
13.0
 40
13.0
 10
-27.88840163452294
 20
77.72617367006413
 30
0.0
 10
-27.91527337931476
 20
77.82918202509883
 30
0.0
 10
-27.86152988973135
 20
77.88774864836273
 30
0.0
 10
-27.74887526733545
 20
77.88774864836273
 30
0.0
  0
LINE
  5
100005F5
102
{ACAD_XDICTIONARY
360
100005F6
102
}
330
1F
100
AcDbEntity
  8
MODELSKETCH_VISIBLE
100
AcDbLine
 10
-27.74887526733545
 20
77.88774864836273
 30
0.0
 11
-27.11084358330788
 21
77.88774864836273
 31
0.0
  0
SPLINE
  5
100005F9
102
{ACAD_XDICTIONARY
360
100005FA
102
}
330
1F
100
AcDbEntity
  8
MODELSKETCH_VISIBLE
100
AcDbSpline
210
0.0
220
0.0
230
1.0
 70
     8
 71
     3
 72
     8
 73
     4
 74
     0
 42
0.0000000001
 43
0.00000001
 40
0.0
 40
0.0
 40
0.0
 40
0.0
 40
1.0
 40
1.0
 40
1.0
 40
1.0
 10
-22.19434781507852
 20
77.88774864836273
 30
0.0
 10
-22.08720534546067
 20
77.88774864836273
 30
0.0
 10
-22.03346185587726
 20
77.83882829245997
 30
0.0
 10
-22.03346185587726
 20
77.74064307110581
 30
0.0
  0
LINE
  5
100005FD
102
{ACAD_XDICTIONARY
360
100005FE
102
}
330
1F
100
AcDbEntity
  8
MODELSKETCH_VISIBLE
100
AcDbLine
 10
-22.03346185587726
 20
77.74064307110584
 30
0.0
 11
-22.03346185587726
 21
77.19149485061969
 31
0.0
  0
SPLINE
  5
10000601
102
{ACAD_XDICTIONARY
360
10000602
102
}
330
1F
100
AcDbEntity
  8
MODELSKETCH_VISIBLE
100
AcDbSpline
210
0.0
220
0.0
230
1.0
 70
     8
 71
     3
 72
     8
 73
     4
 74
     0
 42
0.0000000001
 43
0.00000001
 40
2.0
 40
2.0
 40
2.0
 40
2.0
 40
3.0
 40
3.0
 40
3.0
 40
3.0
 10
-22.03346185587728
 20
77.19149485061966
 30
0.0
 10
-22.03346185587728
 20
77.09847727249466
 30
0.0
 10
-22.08720534546068
 20
77.04438927336274
 30
0.0
 10
-22.19434781507853
 20
77.04438927336274
 30
0.0
  0
LINE
  5
10000605
102
{ACAD_XDICTIONARY
360
10000606
102
}
330
1F
100
AcDbEntity
  8
MODELSKETCH_VISIBLE
100
AcDbLine
 10
-22.19434781507852
 20
77.04438927336275
 30
0.0
 11
-23.49177077514794
 21
77.04438927336275
 31
0.0
  0
SPLINE
  5
10000609
102
{ACAD_XDICTIONARY
360
1000060A
102
}
330
1F
100
AcDbEntity
  8
MODELSKETCH_VISIBLE
100
AcDbSpline
210
0.0
220
0.0
230
1.0
 70
     8
 71
     3
 72
     8
 73
     4
 74
     0
 42
0.0000000001
 43
0.00000001
 40
4.0
 40
4.0
 40
4.0
 40
4.0
 40
5.0
 40
5.0
 40
5.0
 40
5.0
 10
-23.49177077514794
 20
77.04438927336274
 30
0.0
 10
-23.59374560153697
 20
77.04438927336274
 30
0.0
 10
-23.65265673434947
 20
76.99546891745997
 30
0.0
 10
-23.65265673434947
 20
76.8972836961058
 30
0.0
  0
LINE
  5
1000060D
102
{ACAD_XDICTIONARY
360
1000060E
102
}
330
1F
100
AcDbEntity
  8
MODELSKETCH_VISIBLE
100
AcDbLine
 10
-23.65265673434947
 20
76.8972836961058
 30
0.0
 11
-23.65265673434947
 21
76.74018734193913
 31
0.0
  0
SPLINE
  5
10000611
102
{ACAD_XDICTIONARY
360
10000612
102
}
330
1F
100
AcDbEntity
  8
MODELSKETCH_VISIBLE
100
AcDbSpline
210
0.0
220
0.0
230
1.0
 70
     8
 71
     3
 72
     8
 73
     4
 74
     0
 42
0.0000000001
 43
0.00000001
 40
6.0
 40
6.0
 40
6.0
 40
6.0
 40
7.0
 40
7.0
 40
7.0
 40
7.0
 10
-23.65265673434947
 20
76.74018734193913
 30
0.0
 10
-23.65265673434947
 20
76.64716976381413
 30
0.0
 10
-23.59374560153697
 20
76.59308176468215
 30
0.0
 10
-23.49177077514794
 20
76.59308176468215
 30
0.0
  0
LINE
  5
10000615
102
{ACAD_XDICTIONARY
360
10000616
102
}
330
1F
100
AcDbEntity
  8
MODELSKETCH_VISIBLE
100
AcDbLine
 10
-23.49177077514794
 20
76.59308176468215
 30
0.0
 11
-22.66081374389817
 21
76.59308176468215
 31
0.0
  0
SPLINE
  5
10000619
102
{ACAD_XDICTIONARY
360
1000061A
102
}
330
1F
100
AcDbEntity
  8
MODELSKETCH_VISIBLE
100
AcDbSpline
210
0.0
220
0.0
230
1.0
 70
     8
 71
     3
 72
     8
 73
     4
 74
     0
 42
0.0000000001
 43
0.00000001
 40
8.0
 40
8.0
 40
8.0
 40
8.0
 40
9.0
 40
9.0
 40
9.0
 40
9.0
 10
-22.66081374389817
 20
76.59308176468215
 30
0.0
 10
-22.55332676473135
 20
76.59308176468215
 30
0.0
 10
-22.49992778469664
 20
76.54416140877943
 30
0.0
 10
-22.49992778469664
 20
76.44597618742525
 30
0.0
  0
LINE
  5
1000061D
102
{ACAD_XDICTIONARY
360
1000061E
102
}
330
1F
100
AcDbEntity
  8
MODELSKETCH_VISIBLE
100
AcDbLine
 10
-22.49992778469664
 20
76.44597618742525
 30
0.0
 11
-22.49992778469664
 21
75.89682796693913
 31
0.0
  0
SPLINE
  5
10000621
102
{ACAD_XDICTIONARY
360
10000622
102
}
330
1F
100
AcDbEntity
  8
MODELSKETCH_VISIBLE
100
AcDbSpline
210
0.0
220
0.0
230
1.0
 70
     8
 71
     3
 72
     8
 73
     4
 74
     0
 42
0.0000000001
 43
0.00000001
 40
10.0
 40
10.0
 40
10.0
 40
10.0
 40
11.0
 40
11.0
 40
11.0
 40
11.0
 10
-22.49992778469664
 20
75.89682796693913
 30
0.0
 10
-22.49992778469664
 20
75.80381038881413
 30
0.0
 10
-22.55332676473135
 20
75.74972238968216
 30
0.0
 10
-22.66081374389817
 20
75.74972238968216
 30
0.0
  0
LINE
  5
10000625
102
{ACAD_XDICTIONARY
360
10000626
102
}
330
1F
100
AcDbEntity
  8
MODELSKETCH_VISIBLE
100
AcDbLine
 10
-22.66081374389817
 20
75.74972238968216
 30
0.0
 11
-23.49177077514794
 21
75.74972238968216
 31
0.0
  0
SPLINE
  5
10000629
102
{ACAD_XDICTIONARY
360
1000062A
102
}
330
1F
100
AcDbEntity
  8
MODELSKETCH_VISIBLE
100
AcDbSpline
210
0.0
220
0.0
230
1.0
 70
     8
 71
     3
 72
     8
 73
     4
 74
     0
 42
0.0000000001
 43
0.00000001
 40
12.0
 40
12.0
 40
12.0
 40
12.0
 40
13.0
 40
13.0
 40
13.0
 40
13.0
 10
-23.49177077514794
 20
75.74972238968216
 30
0.0
 10
-23.59374560153697
 20
75.74972238968216
 30
0.0
 10
-23.65265673434947
 20
75.70080203377941
 30
0.0
 10
-23.65265673434947
 20
75.60261681242524
 30
0.0
  0
LINE
  5
1000062D
102
{ACAD_XDICTIONARY
360
1000062E
102
}
330
1F
100
AcDbEntity
  8
MODELSKETCH_VISIBLE
100
AcDbLine
 10
-23.65265673434947
 20
75.60261681242524
 30
0.0
 11
-23.65265673434947
 21
75.44586496780717
 31
0.0
  0
SPLINE
  5
10000631
102
{ACAD_XDICTIONARY
360
10000632
102
}
330
1F
100
AcDbEntity
  8
MODELSKETCH_VISIBLE
100
AcDbSpline
210
0.0
220
0.0
230
1.0
 70
     8
 71
     3
 72
     8
 73
     4
 74
     0
 42
0.0000000001
 43
0.00000001
 40
14.0
 40
14.0
 40
14.0
 40
14.0
 40
15.0
 40
15.0
 40
15.0
 40
15.0
 10
-23.65265673434947
 20
75.44586496780717
 30
0.0
 10
-23.65265673434947
 20
75.35250288013358
 30
0.0
 10
-23.59374560153697
 20
75.29875939055023
 30
0.0
 10
-23.49177077514794
 20
75.29875939055023
 30
0.0
  0
LINE
  5
10000635
102
{ACAD_XDICTIONARY
360
10000636
102
}
330
1F
100
AcDbEntity
  8
MODELSKETCH_VISIBLE
100
AcDbLine
 10
-23.49177077514794
 20
75.29875939055023
 30
0.0
 11
-22.19434781507852
 21
75.29875939055023
 31
0.0
  0
SPLINE
  5
10000639
102
{ACAD_XDICTIONARY
360
1000063A
102
}
330
1F
100
AcDbEntity
  8
MODELSKETCH_VISIBLE
100
AcDbSpline
210
0.0
220
0.0
230
1.0
 70
     8
 71
     3
 72
     8
 73
     4
 74
     0
 42
0.0000000001
 43
0.00000001
 40
16.0
 40
16.0
 40
16.0
 40
16.0
 40
17.0
 40
17.0
 40
17.0
 40
17.0
 10
-22.19434781507852
 20
75.29875939055023
 30
0.0
 10
-22.08720534546067
 20
75.29875939055023
 30
0.0
 10
-22.03346185587726
 20
75.24949452509884
 30
0.0
 10
-22.03346185587726
 20
75.15165381329331
 30
0.0
  0
LINE
  5
1000063D
102
{ACAD_XDICTIONARY
360
1000063E
102
}
330
1F
100
AcDbEntity
  8
MODELSKETCH_VISIBLE
100
AcDbLine
 10
-22.03346185587726
 20
75.15165381329331
 30
0.0
 11
-22.03346185587726
 21
74.60216108325857
 31
0.0
  0
SPLINE
  5
10000641
102
{ACAD_XDICTIONARY
360
10000642
102
}
330
1F
100
AcDbEntity
  8
MODELSKETCH_VISIBLE
100
AcDbSpline
210
0.0
220
0.0
230
1.0
 70
     8
 71
     3
 72
     8
 73
     4
 74
     0
 42
0.0000000001
 43
0.00000001
 40
18.0
 40
18.0
 40
18.0
 40
18.0
 40
19.0
 40
19.0
 40
19.0
 40
19.0
 10
-22.03346185587726
 20
74.60216108325857
 30
0.0
 10
-22.03346185587726
 20
74.50432037145299
 30
0.0
 10
-22.08720534546067
 20
74.45505550600163
 30
0.0
 10
-22.19434781507852
 20
74.45505550600163
 30
0.0
  0
LINE
  5
10000645
102
{ACAD_XDICTIONARY
360
10000646
102
}
330
1F
100
AcDbEntity
  8
MODELSKETCH_VISIBLE
100
AcDbLine
 10
-22.19434781507852
 20
74.45505550600163
 30
0.0
 11
-24.44606222480073
 21
74.45505550600163
 31
0.0
  0
SPLINE
  5
10000649
102
{ACAD_XDICTIONARY
360
1000064A
102
}
330
1F
100
AcDbEntity
  8
MODELSKETCH_VISIBLE
100
AcDbSpline
210
0.0
220
0.0
230
1.0
 70
     8
 71
     3
 72
     8
 73
     4
 74
     0
 42
0.0000000001
 43
0.00000001
 40
20.0
 40
20.0
 40
20.0
 40
20.0
 40
21.0
 40
21.0
 40
21.0
 40
21.0
 10
-24.44606222480073
 20
74.45505550600163
 30
0.0
 10
-24.54803705118976
 20
74.45505550600163
 30
0.0
 10
-24.60694818400226
 20
74.50914350513358
 30
0.0
 10
-24.60694818400226
 20
74.60216108325857
 30
0.0
  0
LINE
  5
1000064D
102
{ACAD_XDICTIONARY
360
1000064E
102
}
330
1F
100
AcDbEntity
  8
MODELSKETCH_VISIBLE
100
AcDbLine
 10
-24.60694818400226
 20
74.60216108325857
 30
0.0
 11
-24.60694818400226
 21
77.74064307110581
 31
0.0
  0
SPLINE
  5
10000651
102
{ACAD_XDICTIONARY
360
10000652
102
}
330
1F
100
AcDbEntity
  8
MODELSKETCH_VISIBLE
100
AcDbSpline
210
0.0
220
0.0
230
1.0
 70
     8
 71
     3
 72
     8
 73
     4
 74
     0
 42
0.0000000001
 43
0.00000001
 40
22.0
 40
22.0
 40
22.0
 40
22.0
 40
23.0
 40
23.0
 40
23.0
 40
23.0
 10
-24.60694818400226
 20
77.74064307110581
 30
0.0
 10
-24.60694818400226
 20
77.83882829245997
 30
0.0
 10
-24.54803705118976
 20
77.88774864836273
 30
0.0
 10
-24.44606222480073
 20
77.88774864836273
 30
0.0
  0
LINE
  5
10000655
102
{ACAD_XDICTIONARY
360
10000656
102
}
330
1F
100
AcDbEntity
  8
MODELSKETCH_VISIBLE
100
AcDbLine
 10
-24.44606222480073
 20
77.88774864836273
 30
0.0
 11
-22.19434781507852
 21
77.88774864836273
 31
0.0
  0
SPLINE
  5
10000659
102
{ACAD_XDICTIONARY
360
1000065A
102
}
330
1F
100
AcDbEntity
  8
MODELSKETCH_VISIBLE
100
AcDbSpline
210
0.0
220
0.0
230
1.0
 70
     8
 71
     3
 72
     8
 73
     4
 74
     0
 42
0.0000000001
 43
0.00000001
 40
0.0
 40
0.0
 40
0.0
 40
0.0
 40
1.0
 40
1.0
 40
1.0
 40
1.0
 10
-20.52106493747447
 20
77.04438927336274
 30
0.0
 10
-20.61752761108544
 20
77.04438927336274
 30
0.0
 10
-20.68711853990505
 20
76.98065500686965
 30
0.0
 10
-20.68711853990505
 20
76.89246056242524
 30
0.0
  0
LINE
  5
1000065D
102
{ACAD_XDICTIONARY
360
1000065E
102
}
330
1F
100
AcDbEntity
  8
MODELSKETCH_VISIBLE
100
AcDbLine
 10
-20.68711853990505
 20
76.89246056242526
 30
0.0
 11
-20.68711853990505
 21
76.52934749818914
 31
0.0
  0
SPLINE
  5
10000661
102
{ACAD_XDICTIONARY
360
10000662
102
}
330
1F
100
AcDbEntity
  8
MODELSKETCH_VISIBLE
100
AcDbSpline
210
0.0
220
0.0
230
1.0
 70
     8
 71
     3
 72
     8
 73
     4
 74
     0
 42
0.0000000001
 43
0.00000001
 40
2.0
 40
2.0
 40
2.0
 40
2.0
 40
3.0
 40
3.0
 40
3.0
 40
3.0
 10
-20.68711853990505
 20
76.52934749818914
 30
0.0
 10
-20.68711853990505
 20
76.44115305374467
 30
0.0
 10
-20.61752761108544
 20
76.37741878725164
 30
0.0
 10
-20.52106493747447
 20
76.37741878725164
 30
0.0
  0
LINE
  5
10000665
102
{ACAD_XDICTIONARY
360
10000666
102
}
330
1F
100
AcDbEntity
  8
MODELSKETCH_VISIBLE
100
AcDbLine
 10
-20.52106493747447
 20
76.37741878725163
 30
0.0
 11
-20.38429464667586
 21
76.37741878725163
 31
0.0
  0
LINE
  5
10000669
102
{ACAD_XDICTIONARY
360
1000066A
102
}
330
1F
100
AcDbEntity
  8
MODELSKETCH_VISIBLE
100
AcDbLine
 10
-20.38429464667586
 20
76.37741878725163
 30
0.0
 11
-20.24752435587726
 21
76.37741878725163
 31
0.0
  0
SPLINE
  5
1000066D
102
{ACAD_XDICTIONARY
360
1000066E
102
}
330
1F
100
AcDbEntity
  8
MODELSKETCH_VISIBLE
100
AcDbSpline
210
0.0
220
0.0
230
1.0
 70
     8
 71
     3
 72
    11
 73
     7
 74
     0
 42
0.0000000001
 43
0.00000001
 40
4.0
 40
4.0
 40
4.0
 40
4.0
 40
5.0
 40
5.0
 40
5.0
 40
6.0
 40
6.0
 40
6.0
 40
6.0
 10
-20.24752435587726
 20
76.37741878725163
 30
0.0
 10
-19.99017572306476
 20
76.37741878725163
 30
0.0
 10
-19.86132915188414
 20
76.40704660843215
 30
0.0
 10
-19.86132915188414
 20
76.71090403030716
 30
0.0
 10
-19.86132915188414
 20
77.01510596173081
 30
0.0
 10
-19.99017572306476
 20
77.04438927336274
 30
0.0
 10
-20.24752435587726
 20
77.04438927336274
 30
0.0
  0
LINE
  5
10000671
102
{ACAD_XDICTIONARY
360
10000672
102
}
330
1F
100
AcDbEntity
  8
MODELSKETCH_VISIBLE
100
AcDbLine
 10
-20.24752435587726
 20
77.04438927336274
 30
0.0
 11
-20.52106493747447
 21
77.04438927336274
 31
0.0
  0
SPLINE
  5
10000675
102
{ACAD_XDICTIONARY
360
10000676
102
}
330
1F
100
AcDbEntity
  8
MODELSKETCH_VISIBLE
100
AcDbSpline
210
0.0
220
0.0
230
1.0
 70
     8
 71
     3
 72
     8
 73
     4
 74
     0
 42
0.0000000001
 43
0.00000001
 40
0.0
 40
0.0
 40
0.0
 40
0.0
 40
1.0
 40
1.0
 40
1.0
 40
1.0
 10
-18.79438307983545
 20
74.71998334888359
 30
0.0
 10
-18.71962450778697
 20
74.59251481589749
 30
0.0
 10
-18.80540738539101
 20
74.45505550600166
 30
0.0
 10
-18.97146098782165
 20
74.45505550600166
 30
0.0
  0
LINE
  5
10000679
102
{ACAD_XDICTIONARY
360
1000067A
102
}
330
1F
100
AcDbEntity
  8
MODELSKETCH_VISIBLE
100
AcDbLine
 10
-18.97146098782164
 20
74.45505550600166
 30
0.0
 11
-19.58262092705761
 21
74.45505550600166
 31
0.0
  0
SPLINE
  5
1000067D
102
{ACAD_XDICTIONARY
360
1000067E
102
}
330
1F
100
AcDbEntity
  8
MODELSKETCH_VISIBLE
100
AcDbSpline
210
0.0
220
0.0
230
1.0
 70
     8
 71
     3
 72
     8
 73
     4
 74
     0
 42
0.0000000001
 43
0.00000001
 40
2.0
 40
2.0
 40
2.0
 40
2.0
 40
3.0
 40
3.0
 40
3.0
 40
3.0
 10
-19.58262092705761
 20
74.45505550600164
 30
0.0
 10
-19.63636441664102
 20
74.45505550600164
 30
0.0
 10
-19.68459575344664
 20
74.47951568395301
 30
0.0
 10
-19.70595534546044
 20
74.52395741572386
 30
0.0
  0
LINE
  5
10000681
102
{ACAD_XDICTIONARY
360
10000682
102
}
330
1F
100
AcDbEntity
  8
MODELSKETCH_VISIBLE
100
AcDbLine
 10
-19.70595534546044
 20
74.52395741572384
 30
0.0
 11
-20.26371630466197
 21
75.50959923430023
 31
0.0
  0
SPLINE
  5
10000685
102
{ACAD_XDICTIONARY
360
10000686
102
}
330
1F
100
AcDbEntity
  8
MODELSKETCH_VISIBLE
100
AcDbSpline
210
0.0
220
0.0
230
1.0
 70
     8
 71
     3
 72
     8
 73
     4
 74
     0
 42
0.0000000001
 43
0.00000001
 40
4.0
 40
4.0
 40
4.0
 40
4.0
 40
5.0
 40
5.0
 40
5.0
 40
5.0
 10
-20.26371630466196
 20
75.50959923430023
 30
0.0
 10
-20.27439610066884
 20
75.52406863534192
 30
0.0
 10
-20.29024353990504
 20
75.53405941225164
 30
0.0
 10
-20.30643548868975
 20
75.53405941225164
 30
0.0
  0
LINE
  5
10000689
102
{ACAD_XDICTIONARY
360
1000068A
102
}
330
1F
100
AcDbEntity
  8
MODELSKETCH_VISIBLE
100
AcDbLine
 10
-20.30643548868976
 20
75.53405941225164
 30
0.0
 11
-20.52106493747447
 21
75.53405941225164
 31
0.0
  0
SPLINE
  5
1000068D
102
{ACAD_XDICTIONARY
360
1000068E
102
}
330
1F
100
AcDbEntity
  8
MODELSKETCH_VISIBLE
100
AcDbSpline
210
0.0
220
0.0
230
1.0
 70
     8
 71
     3
 72
     8
 73
     4
 74
     0
 42
0.0000000001
 43
0.00000001
 40
6.0
 40
6.0
 40
6.0
 40
6.0
 40
7.0
 40
7.0
 40
7.0
 40
7.0
 10
-20.52106493747447
 20
75.53405941225164
 30
0.0
 10
-20.61752761108544
 20
75.53405941225164
 30
0.0
 10
-20.68711853990505
 20
75.47032514575858
 30
0.0
 10
-20.68711853990505
 20
75.38213070131414
 30
0.0
  0
LINE
  5
10000691
102
{ACAD_XDICTIONARY
360
10000692
102
}
330
1F
100
AcDbEntity
  8
MODELSKETCH_VISIBLE
100
AcDbLine
 10
-20.68711853990505
 20
75.38213070131414
 30
0.0
 11
-20.68711853990505
 21
74.60732872648774
 31
0.0
  0
SPLINE
  5
10000695
102
{ACAD_XDICTIONARY
360
10000696
102
}
330
1F
100
AcDbEntity
  8
MODELSKETCH_VISIBLE
100
AcDbSpline
210
0.0
220
0.0
230
1.0
 70
     8
 71
     3
 72
     8
 73
     4
 74
     0
 42
0.0000000001
 43
0.00000001
 40
8.0
 40
8.0
 40
8.0
 40
8.0
 40
9.0
 40
9.0
 40
9.0
 40
9.0
 10
-20.68711853990505
 20
74.60732872648774
 30
0.0
 10
-20.68711853990505
 20
74.51878977249466
 30
0.0
 10
-20.75670946872447
 20
74.45505550600163
 30
0.0
 10
-20.85317214233545
 20
74.45505550600163
 30
0.0
  0
LINE
  5
10000699
102
{ACAD_XDICTIONARY
360
1000069A
102
}
330
1F
100
AcDbEntity
  8
MODELSKETCH_VISIBLE
100
AcDbLine
 10
-20.85317214233545
 20
74.45505550600163
 30
0.0
 11
-21.45365228556476
 21
74.45505550600163
 31
0.0
  0
SPLINE
  5
1000069D
102
{ACAD_XDICTIONARY
360
1000069E
102
}
330
1F
100
AcDbEntity
  8
MODELSKETCH_VISIBLE
100
AcDbSpline
210
0.0
220
0.0
230
1.0
 70
     8
 71
     3
 72
     8
 73
     4
 74
     0
 42
0.0000000001
 43
0.00000001
 40
10.0
 40
10.0
 40
10.0
 40
10.0
 40
11.0
 40
11.0
 40
11.0
 40
11.0
 10
-21.45365228556476
 20
74.45505550600163
 30
0.0
 10
-21.55045946872448
 20
74.45505550600163
 30
0.0
 10
-21.62005039754386
 20
74.51878977249466
 30
0.0
 10
-21.62005039754386
 20
74.60732872648774
 30
0.0
  0
LINE
  5
100006A1
102
{ACAD_XDICTIONARY
360
100006A2
102
}
330
1F
100
AcDbEntity
  8
MODELSKETCH_VISIBLE
100
AcDbLine
 10
-21.62005039754385
 20
74.60732872648774
 30
0.0
 11
-21.62005039754385
 21
77.73581993742523
 31
0.0
  0
SPLINE
  5
100006A5
102
{ACAD_XDICTIONARY
360
100006A6
102
}
330
1F
100
AcDbEntity
  8
MODELSKETCH_VISIBLE
100
AcDbSpline
210
0.0
220
0.0
230
1.0
 70
     8
 71
     3
 72
     8
 73
     4
 74
     0
 42
0.0000000001
 43
0.00000001
 40
12.0
 40
12.0
 40
12.0
 40
12.0
 40
13.0
 40
13.0
 40
13.0
 40
13.0
 10
-21.62005039754385
 20
77.73581993742523
 30
0.0
 10
-21.62005039754385
 20
77.82401438186966
 30
0.0
 10
-21.55045946872447
 20
77.88774864836273
 30
0.0
 10
-21.45365228556476
 20
77.88774864836273
 30
0.0
  0
LINE
  5
100006A9
102
{ACAD_XDICTIONARY
360
100006AA
102
}
330
1F
100
AcDbEntity
  8
MODELSKETCH_VISIBLE
100
AcDbLine
 10
-21.45365228556476
 20
77.88774864836273
 30
0.0
 11
-20.27956374389795
 21
77.88774864836273
 31
0.0
  0
SPLINE
  5
100006AD
102
{ACAD_XDICTIONARY
360
100006AE
102
}
330
1F
100
AcDbEntity
  8
MODELSKETCH_VISIBLE
100
AcDbSpline
210
0.0
220
0.0
230
1.0
 70
     8
 71
     3
 72
    11
 73
     7
 74
     0
 42
0.0000000001
 43
0.00000001
 40
14.0
 40
14.0
 40
14.0
 40
14.0
 40
15.0
 40
15.0
 40
15.0
 40
16.0
 40
16.0
 40
16.0
 40
16.0
 10
-20.27956374389795
 20
77.88774864836273
 30
0.0
 10
-19.32527229424538
 20
77.88774864836273
 30
0.0
 10
-18.93942159980073
 20
77.51533382631412
 30
0.0
 10
-18.93942159980073
 20
76.71090403030716
 30
0.0
 10
-18.93942159980073
 20
76.25477338794607
 30
0.0
 10
-19.06275601820352
 20
75.9361020554808
 30
0.0
 10
-19.34663188625914
 20
75.74972238968215
 30
0.0
  0
SPLINE
  5
100006B1
102
{ACAD_XDICTIONARY
360
100006B2
102
}
330
1F
100
AcDbEntity
  8
MODELSKETCH_VISIBLE
100
AcDbSpline
210
0.0
220
0.0
230
1.0
 70
     8
 71
     3
 72
     8
 73
     4
 74
     0
 42
0.0000000001
 43
0.00000001
 40
16.0
 40
16.0
 40
16.0
 40
16.0
 40
17.0
 40
17.0
 40
17.0
 40
17.0
 10
-19.34663188625914
 20
75.74972238968216
 30
0.0
 10
-19.36833598782164
 20
75.73490847909193
 30
0.0
 10
-19.37350363105073
 20
75.7104483011405
 30
0.0
 10
-19.36282383504385
 20
75.68598812318913
 30
0.0
  0
LINE
  5
100006B5
102
{ACAD_XDICTIONARY
360
100006B6
102
}
330
1F
100
AcDbEntity
  8
MODELSKETCH_VISIBLE
100
AcDbLine
 10
-19.36282383504387
 20
75.68598812318912
 30
0.0
 11
-18.79438307983547
 21
74.71998334888355
 31
0.0
  0
SPLINE
  5
100006B9
102
{ACAD_XDICTIONARY
360
100006BA
102
}
330
1F
100
AcDbEntity
  8
MODELSKETCH_VISIBLE
100
AcDbSpline
210
0.0
220
0.0
230
1.0
 70
     8
 71
     3
 72
    11
 73
     7
 74
     0
 42
0.0000000001
 43
0.00000001
 40
0.0
 40
0.0
 40
0.0
 40
0.0
 40
1.0
 40
1.0
 40
1.0
 40
2.0
 40
2.0
 40
2.0
 40
2.0
 10
-17.06804573174511
 20
76.37741878725163
 30
0.0
 10
-16.81069709893261
 20
76.37741878725163
 30
0.0
 10
-16.68185052775226
 20
76.40704660843215
 30
0.0
 10
-16.68185052775226
 20
76.71090403030716
 30
0.0
 10
-16.68185052775226
 20
77.01510596173081
 30
0.0
 10
-16.81069709893261
 20
77.04438927336274
 30
0.0
 10
-17.06804573174511
 20
77.04438927336274
 30
0.0
  0
LINE
  5
100006BD
102
{ACAD_XDICTIONARY
360
100006BE
102
}
330
1F
100
AcDbEntity
  8
MODELSKETCH_VISIBLE
100
AcDbLine
 10
-17.06804573174511
 20
77.04438927336274
 30
0.0
 11
-17.35743375257851
 21
77.0443892733627
 31
0.0
  0
SPLINE
  5
100006C1
102
{ACAD_XDICTIONARY
360
100006C2
102
}
330
1F
100
AcDbEntity
  8
MODELSKETCH_VISIBLE
100
AcDbSpline
210
0.0
220
0.0
230
1.0
 70
     8
 71
     3
 72
     8
 73
     4
 74
     0
 42
0.0000000001
 43
0.00000001
 40
3.0
 40
3.0
 40
3.0
 40
3.0
 40
3.5
 40
3.5
 40
3.5
 40
3.5
 10
-17.35743375257852
 20
77.04438927336274
 30
0.0
 10
-17.40842116577303
 20
77.04438927336274
 30
0.0
 10
-17.44864265557342
 20
77.03215918438706
 30
0.0
 10
-17.47611729207517
 20
77.00765594274209
 30
0.0
  0
SPLINE
  5
100006C5
102
{ACAD_XDICTIONARY
360
100006C6
102
}
330
1F
100
AcDbEntity
  8
MODELSKETCH_VISIBLE
100
AcDbSpline
210
0.0
220
0.0
230
1.0
 70
     8
 71
     3
 72
     8
 73
     4
 74
     0
 42
0.0000000001
 43
0.00000001
 40
3.5
 40
3.5
 40
3.5
 40
3.5
 40
4.0
 40
4.0
 40
4.0
 40
4.0
 10
-17.47611729207517
 20
77.00765594274209
 30
0.0
 10
-17.50359192857692
 20
76.98315270109713
 30
0.0
 10
-17.51831971178005
 20
76.94637630678288
 30
0.0
 10
-17.51831971178005
 20
76.8972836961058
 30
0.0
  0
LINE
  5
100006C9
102
{ACAD_XDICTIONARY
360
100006CA
102
}
330
1F
100
AcDbEntity
  8
MODELSKETCH_VISIBLE
100
AcDbLine
 10
-17.51831971178005
 20
76.8972836961058
 30
0.0
 11
-17.51831971178005
 21
76.52452436450858
 31
0.0
  0
SPLINE
  5
100006CD
102
{ACAD_XDICTIONARY
360
100006CE
102
}
330
1F
100
AcDbEntity
  8
MODELSKETCH_VISIBLE
100
AcDbSpline
210
0.0
220
0.0
230
1.0
 70
     8
 71
     3
 72
     8
 73
     4
 74
     0
 42
0.0000000001
 43
0.00000001
 40
5.0
 40
5.0
 40
5.0
 40
5.0
 40
6.0
 40
6.0
 40
6.0
 40
6.0
 10
-17.51831971178004
 20
76.52452436450858
 30
0.0
 10
-17.51831971178004
 20
76.42633914315441
 30
0.0
 10
-17.45940857896754
 20
76.37741878725163
 30
0.0
 10
-17.35743375257852
 20
76.37741878725163
 30
0.0
  0
LINE
  5
100006D1
102
{ACAD_XDICTIONARY
360
100006D2
102
}
330
1F
100
AcDbEntity
  8
MODELSKETCH_VISIBLE
100
AcDbLine
 10
-17.35743375257852
 20
76.37741878725163
 30
0.0
 11
-17.06804573174511
 21
76.37741878725163
 31
0.0
  0
SPLINE
  5
100006D5
102
{ACAD_XDICTIONARY
360
100006D6
102
}
330
1F
100
AcDbEntity
  8
MODELSKETCH_VISIBLE
100
AcDbSpline
210
0.0
220
0.0
230
1.0
 70
     8
 71
     3
 72
    11
 73
     7
 74
     0
 42
0.0000000001
 43
0.00000001
 40
0.0
 40
0.0
 40
0.0
 40
0.0
 40
1.0
 40
1.0
 40
1.0
 40
2.0
 40
2.0
 40
2.0
 40
2.0
 10
-17.02498203816885
 20
75.15165381329331
 30
0.0
 10
-16.76763340535635
 20
75.15165381329331
 30
0.0
 10
-16.63913134372448
 20
75.17611399124466
 30
0.0
 10
-16.63913134372448
 20
75.40659087926551
 30
0.0
 10
-16.63913134372448
 20
75.63706776728635
 30
0.0
 10
-16.75695360934947
 20
75.67117421259883
 30
0.0
 10
-17.01430224216197
 20
75.67117421259883
 30
0.0
  0
LINE
  5
100006D9
102
{ACAD_XDICTIONARY
360
100006DA
102
}
330
1F
100
AcDbEntity
  8
MODELSKETCH_VISIBLE
100
AcDbLine
 10
-17.01430224216197
 20
75.67117421259884
 30
0.0
 11
-17.36294590535634
 21
75.67117421259884
 31
0.0
  0
SPLINE
  5
100006DD
102
{ACAD_XDICTIONARY
360
100006DE
102
}
330
1F
100
AcDbEntity
  8
MODELSKETCH_VISIBLE
100
AcDbSpline
210
0.0
220
0.0
230
1.0
 70
     8
 71
     3
 72
     8
 73
     4
 74
     0
 42
0.0000000001
 43
0.00000001
 40
3.0
 40
3.0
 40
3.0
 40
3.0
 40
3.5
 40
3.5
 40
3.5
 40
3.5
 10
-17.36294590535635
 20
75.67117421259883
 30
0.0
 10
-17.4137610637765
 20
75.67117421259883
 30
0.0
 10
-17.45398255357681
 20
75.65894412362314
 30
0.0
 10
-17.48150025377208
 20
75.63444088197818
 30
0.0
  0
SPLINE
  5
100006E1
102
{ACAD_XDICTIONARY
360
100006E2
102
}
330
1F
100
AcDbEntity
  8
MODELSKETCH_VISIBLE
100
AcDbSpline
210
0.0
220
0.0
230
1.0
 70
     8
 71
     3
 72
     8
 73
     4
 74
     0
 42
0.0000000001
 43
0.00000001
 40
3.5
 40
3.5
 40
3.5
 40
3.5
 40
4.0
 40
4.0
 40
4.0
 40
4.0
 10
-17.48150025377207
 20
75.6344408819782
 30
0.0
 10
-17.50901795396735
 20
75.60993764033323
 30
0.0
 10
-17.5238318645576
 20
75.573161246019
 30
0.0
 10
-17.5238318645576
 20
75.52406863534193
 30
0.0
  0
LINE
  5
100006E5
102
{ACAD_XDICTIONARY
360
100006E6
102
}
330
1F
100
AcDbEntity
  8
MODELSKETCH_VISIBLE
100
AcDbLine
 10
-17.52383186455761
 20
75.52406863534192
 30
0.0
 11
-17.52383186455761
 21
75.29875939055023
 31
0.0
  0
SPLINE
  5
100006E9
102
{ACAD_XDICTIONARY
360
100006EA
102
}
330
1F
100
AcDbEntity
  8
MODELSKETCH_VISIBLE
100
AcDbSpline
210
0.0
220
0.0
230
1.0
 70
     8
 71
     3
 72
     8
 73
     4
 74
     0
 42
0.0000000001
 43
0.00000001
 40
5.0
 40
5.0
 40
5.0
 40
5.0
 40
6.0
 40
6.0
 40
6.0
 40
6.0
 10
-17.52383186455761
 20
75.29875939055023
 30
0.0
 10
-17.52383186455761
 20
75.20057416919606
 30
0.0
 10
-17.46457622219664
 20
75.15165381329331
 30
0.0
 10
-17.36294590535635
 20
75.15165381329331
 30
0.0
  0
LINE
  5
100006ED
102
{ACAD_XDICTIONARY
360
100006EE
102
}
330
1F
100
AcDbEntity
  8
MODELSKETCH_VISIBLE
100
AcDbLine
 10
-17.36294590535635
 20
75.15165381329331
 30
0.0
 11
-17.02498203816885
 21
75.15165381329331
 31
0.0
  0
SPLINE
  5
100006F1
102
{ACAD_XDICTIONARY
360
100006F2
102
}
330
1F
100
AcDbEntity
  8
MODELSKETCH_VISIBLE
100
AcDbSpline
210
0.0
220
0.0
230
1.0
 70
     8
 71
     3
 72
    11
 73
     7
 74
     0
 42
0.0000000001
 43
0.00000001
 40
0.0
 40
0.0
 40
0.0
 40
0.0
 40
1.0
 40
1.0
 40
1.0
 40
2.0
 40
2.0
 40
2.0
 40
2.0
 10
-17.15382860934945
 20
77.88774864836275
 30
0.0
 10
-16.14579367011321
 20
77.88774864836275
 30
0.0
 10
-15.75994297566884
 20
77.51533382631413
 30
0.0
 10
-15.75994297566883
 20
76.71090403030716
 30
0.0
 10
-15.75994297566883
 20
76.54416140877943
 30
0.0
 10
-15.81334195570351
 20
76.22066694263357
 30
0.0
 10
-16.03313904771754
 20
75.99983632197385
 30
0.0
  0
SPLINE
  5
100006F5
102
{ACAD_XDICTIONARY
360
100006F6
102
}
330
1F
100
AcDbEntity
  8
MODELSKETCH_VISIBLE
100
AcDbSpline
210
0.0
220
0.0
230
1.0
 70
     8
 71
     3
 72
    11
 73
     7
 74
     0
 42
0.0000000001
 43
0.00000001
 40
2.0
 40
2.0
 40
2.0
 40
2.0
 40
3.0
 40
3.0
 40
3.0
 40
4.0
 40
4.0
 40
4.0
 40
4.0
 10
-16.03313904771755
 20
75.99983632197385
 30
0.0
 10
-15.81334195570352
 20
75.90681874384886
 30
0.0
 10
-15.65245599650226
 20
75.66152794523775
 30
0.0
 10
-15.65245599650226
 20
75.35732601381414
 30
0.0
 10
-15.65245599650226
 20
74.74926666051552
 30
0.0
 10
-15.94735617011323
 20
74.45505550600166
 30
0.0
 10
-16.95539110934947
 20
74.45505550600166
 30
0.0
  0
LINE
  5
100006F9
102
{ACAD_XDICTIONARY
360
100006FA
102
}
330
1F
100
AcDbEntity
  8
MODELSKETCH_VISIBLE
100
AcDbLine
 10
-16.95539110934947
 20
74.45505550600163
 30
0.0
 11
-17.61753846177996
 21
74.45505550600163
 31
0.0
  0
LINE
  5
100006FD
102
{ACAD_XDICTIONARY
360
100006FE
102
}
330
1F
100
AcDbEntity
  8
MODELSKETCH_VISIBLE
100
AcDbLine
 10
-17.61753846177996
 20
74.45505550600163
 30
0.0
 11
-18.27968581421044
 21
74.45505550600163
 31
0.0
  0
SPLINE
  5
10000701
102
{ACAD_XDICTIONARY
360
10000702
102
}
330
1F
100
AcDbEntity
  8
MODELSKETCH_VISIBLE
100
AcDbSpline
210
0.0
220
0.0
230
1.0
 70
     8
 71
     3
 72
     8
 73
     4
 74
     0
 42
0.0000000001
 43
0.00000001
 40
5.0
 40
5.0
 40
5.0
 40
5.0
 40
6.0
 40
6.0
 40
6.0
 40
6.0
 10
-18.27968581421044
 20
74.45505550600163
 30
0.0
 10
-18.38166064059947
 20
74.45505550600163
 30
0.0
 10
-18.44057177341197
 20
74.50914350513358
 30
0.0
 10
-18.44057177341197
 20
74.60216108325857
 30
0.0
  0
LINE
  5
10000705
102
{ACAD_XDICTIONARY
360
10000706
102
}
330
1F
100
AcDbEntity
  8
MODELSKETCH_VISIBLE
100
AcDbLine
 10
-18.44057177341197
 20
74.60216108325857
 30
0.0
 11
-18.44057177341197
 21
77.73581993742523
 31
0.0
  0
SPLINE
  5
10000709
102
{ACAD_XDICTIONARY
360
1000070A
102
}
330
1F
100
AcDbEntity
  8
MODELSKETCH_VISIBLE
100
AcDbSpline
210
0.0
220
0.0
230
1.0
 70
     8
 71
     3
 72
     8
 73
     4
 74
     0
 42
0.0000000001
 43
0.00000001
 40
7.0
 40
7.0
 40
7.0
 40
7.0
 40
8.0
 40
8.0
 40
8.0
 40
8.0
 10
-18.44057177341197
 20
77.73581993742523
 30
0.0
 10
-18.44057177341197
 20
77.83400515877942
 30
0.0
 10
-18.38682828382852
 20
77.88292551468216
 30
0.0
 10
-18.27968581421043
 20
77.88774864836273
 30
0.0
  0
LINE
  5
1000070D
102
{ACAD_XDICTIONARY
360
1000070E
102
}
330
1F
100
AcDbEntity
  8
MODELSKETCH_VISIBLE
100
AcDbLine
 10
-18.27968581421044
 20
77.88774864836273
 30
0.0
 11
-17.15382860934947
 21
77.88774864836273
 31
0.0
  0
SPLINE
  5
10000711
102
{ACAD_XDICTIONARY
360
10000712
102
}
330
1F
100
AcDbEntity
  8
MODELSKETCH_VISIBLE
100
AcDbSpline
210
0.0
220
0.0
230
1.0
 70
     8
 71
     3
 72
    14
 73
    10
 74
     0
 42
0.0000000001
 43
0.00000001
 40
0.0
 40
0.0
 40
0.0
 40
0.0
 40
1.0
 40
1.0
 40
1.0
 40
2.0
 40
2.0
 40
2.0
 40
3.0
 40
3.0
 40
3.0
 40
3.0
 10
7.11768047475602
 20
75.60906112994157
 30
0.0
 10
7.375029107568522
 20
75.60906112994157
 30
0.0
 10
7.50387567874914
 20
75.64833521848324
 30
0.0
 10
7.50387567874914
 20
75.94254637299716
 30
0.0
 10
7.50387567874914
 20
75.94736950667772
 30
0.0
 10
7.50387567874914
 20
77.01638263601798
 30
0.0
 10
7.50387567874914
 20
77.02155027924717
 30
0.0
 10
7.50387567874914
 20
77.32540770112216
 30
0.0
 10
7.375029107568522
 20
77.35469101275406
 30
0.0
 10
7.11768047475602
 20
77.35469101275406
 30
0.0
  0
LINE
  5
10000715
102
{ACAD_XDICTIONARY
360
10000716
102
}
330
1F
100
AcDbEntity
  8
MODELSKETCH_VISIBLE
100
AcDbLine
 10
7.11768047475602
 20
77.35469101275406
 30
0.0
 11
6.828292453922878
 21
77.35469101275406
 31
0.0
  0
SPLINE
  5
10000719
102
{ACAD_XDICTIONARY
360
1000071A
102
}
330
1F
100
AcDbEntity
  8
MODELSKETCH_VISIBLE
100
AcDbSpline
210
0.0
220
0.0
230
1.0
 70
     8
 71
     3
 72
     8
 73
     4
 74
     0
 42
0.0000000001
 43
0.00000001
 40
4.0
 40
4.0
 40
4.0
 40
4.0
 40
5.0
 40
5.0
 40
5.0
 40
5.0
 10
6.828292453922878
 20
77.35469101275406
 30
0.0
 10
6.726317627533854
 20
77.35469101275406
 30
0.0
 10
6.667406494721355
 20
77.30577065685134
 30
0.0
 10
6.667406494721355
 20
77.20758543549717
 30
0.0
  0
LINE
  5
1000071D
102
{ACAD_XDICTIONARY
360
1000071E
102
}
330
1F
100
AcDbEntity
  8
MODELSKETCH_VISIBLE
100
AcDbLine
 10
14.19011699819352
 20
74.76570175494157
 30
0.0
 11
12.07241680288102
 21
74.76570175494157
 31
0.0
  0
SPLINE
  5
10000721
102
{ACAD_XDICTIONARY
360
10000722
102
}
330
1F
100
AcDbEntity
  8
MODELSKETCH_VISIBLE
100
AcDbSpline
210
0.0
220
0.0
230
1.0
 70
     8
 71
     3
 72
     8
 73
     4
 74
     0
 42
0.0000000001
 43
0.00000001
 40
8.0
 40
8.0
 40
8.0
 40
8.0
 40
9.0
 40
9.0
 40
9.0
 40
9.0
 10
12.07241680288102
 20
74.76570175494157
 30
0.0
 10
11.97044197649226
 20
74.76570175494157
 30
0.0
 10
11.91153084367976
 20
74.81944524452491
 30
0.0
 10
11.91153084367976
 20
74.91280733219854
 30
0.0
  0
LINE
  5
10000725
102
{ACAD_XDICTIONARY
360
10000726
102
}
330
1F
100
AcDbEntity
  8
MODELSKETCH_VISIBLE
100
AcDbLine
 10
11.91153084367976
 20
74.91280733219854
 30
0.0
 11
11.91153084367976
 21
78.05128932004575
 31
0.0
  0
SPLINE
  5
10000729
102
{ACAD_XDICTIONARY
360
1000072A
102
}
330
1F
100
AcDbEntity
  8
MODELSKETCH_VISIBLE
100
AcDbSpline
210
0.0
220
0.0
230
1.0
 70
     8
 71
     3
 72
     8
 73
     4
 74
     0
 42
0.0000000001
 43
0.00000001
 40
10.0
 40
10.0
 40
10.0
 40
10.0
 40
11.0
 40
11.0
 40
11.0
 40
11.0
 10
11.91153084367976
 20
78.05128932004575
 30
0.0
 10
11.91153084367976
 20
78.14913003185133
 30
0.0
 10
11.97044197649226
 20
78.19839489730272
 30
0.0
 10
12.07241680288102
 20
78.19839489730272
 30
0.0
  0
LINE
  5
1000072D
102
{ACAD_XDICTIONARY
360
1000072E
102
}
330
1F
100
AcDbEntity
  8
MODELSKETCH_VISIBLE
100
AcDbLine
 10
12.07241680288102
 20
78.19839489730272
 30
0.0
 11
12.67289694611038
 21
78.19839489730272
 31
0.0
  0
SPLINE
  5
10000731
102
{ACAD_XDICTIONARY
360
10000732
102
}
330
1F
100
AcDbEntity
  8
MODELSKETCH_VISIBLE
100
AcDbSpline
210
0.0
220
0.0
230
1.0
 70
     8
 71
     3
 72
    11
 73
     7
 74
     0
 42
0.0000000001
 43
0.00000001
 40
0.0
 40
0.0
 40
0.0
 40
0.0
 40
1.0
 40
1.0
 40
1.0
 40
2.0
 40
2.0
 40
2.0
 40
2.0
 10
16.36190519263795
 20
77.0115595023374
 30
0.0
 10
16.36190519263795
 20
77.24685952403883
 30
0.0
 10
16.32435365183947
 20
77.36468178966382
 30
0.0
 10
15.97054234541574
 20
77.36468178966382
 30
0.0
 10
15.61673103899227
 20
77.36468178966382
 30
0.0
 10
15.57917949819352
 20
77.24685952403883
 30
0.0
 10
15.57917949819352
 20
77.0115595023374
 30
0.0
  0
LINE
  5
10000735
102
{ACAD_XDICTIONARY
360
10000736
102
}
330
1F
100
AcDbEntity
  8
MODELSKETCH_VISIBLE
100
AcDbLine
 10
15.57917949819352
 20
77.01155950233742
 30
0.0
 11
15.57917949819352
 21
76.47722519244158
 31
0.0
  0
SPLINE
  5
10000739
102
{ACAD_XDICTIONARY
360
1000073A
102
}
330
1F
100
AcDbEntity
  8
MODELSKETCH_VISIBLE
100
AcDbSpline
210
0.0
220
0.0
230
1.0
 70
     8
 71
     3
 72
     8
 73
     4
 74
     0
 42
0.0000000001
 43
0.00000001
 40
3.0
 40
3.0
 40
3.0
 40
3.0
 40
3.5
 40
3.5
 40
3.5
 40
3.5
 10
15.57917949819352
 20
76.47722519244157
 30
0.0
 10
15.57917949819352
 20
76.43054414860477
 30
0.0
 10
15.59390728139665
 20
76.39376775429055
 30
0.0
 10
15.6213819178984
 20
76.36866162093553
 30
0.0
  0
SPLINE
  5
1000073D
102
{ACAD_XDICTIONARY
360
1000073E
102
}
330
1F
100
AcDbEntity
  8
MODELSKETCH_VISIBLE
100
AcDbSpline
210
0.0
220
0.0
230
1.0
 70
     8
 71
     3
 72
     8
 73
     4
 74
     0
 42
0.0000000001
 43
0.00000001
 40
3.5
 40
3.5
 40
3.5
 40
3.5
 40
4.0
 40
4.0
 40
4.0
 40
4.0
 10
15.6213819178984
 20
76.36866162093553
 30
0.0
 10
15.64885655440015
 20
76.3435554875805
 30
0.0
 10
15.68907804420054
 20
76.33011961518466
 30
0.0
 10
15.74006545739505
 20
76.33011961518466
 30
0.0
  0
LINE
  5
10000741
102
{ACAD_XDICTIONARY
360
10000742
102
}
330
1F
100
AcDbEntity
  8
MODELSKETCH_VISIBLE
100
AcDbLine
 10
15.74006545739505
 20
76.33011961518466
 30
0.0
 11
16.20101923343664
 21
76.33011961518466
 31
0.0
  0
SPLINE
  5
10000745
102
{ACAD_XDICTIONARY
360
10000746
102
}
330
1F
100
AcDbEntity
  8
MODELSKETCH_VISIBLE
100
AcDbSpline
210
0.0
220
0.0
230
1.0
 70
     8
 71
     3
 72
     8
 73
     4
 74
     0
 42
0.0000000001
 43
0.00000001
 40
5.0
 40
5.0
 40
5.0
 40
5.0
 40
6.0
 40
6.0
 40
6.0
 40
6.0
 10
16.20101923343664
 20
76.33011961518466
 30
0.0
 10
16.30850621260323
 20
76.3349427488652
 30
0.0
 10
16.36190519263794
 20
76.38386310476798
 30
0.0
 10
16.36190519263794
 20
76.48204832612215
 30
0.0
  0
LINE
  5
10000749
102
{ACAD_XDICTIONARY
360
1000074A
102
}
330
1F
100
AcDbEntity
  8
MODELSKETCH_VISIBLE
100
AcDbLine
 10
16.36190519263794
 20
76.48204832612215
 30
0.0
 11
16.36190519263794
 21
77.0115595023374
 31
0.0
  0
SPLINE
  5
1000074D
102
{ACAD_XDICTIONARY
360
1000074E
102
}
330
1F
100
AcDbEntity
  8
MODELSKETCH_VISIBLE
100
AcDbSpline
210
0.0
220
0.0
230
1.0
 70
     8
 71
     3
 72
     8
 73
     4
 74
     0
 42
0.0000000001
 43
0.00000001
 40
0.0
 40
0.0
 40
0.0
 40
0.0
 40
1.0
 40
1.0
 40
1.0
 40
1.0
 10
17.28415725427005
 20
74.93244437646939
 30
0.0
 10
17.28415725427005
 20
74.82461288775407
 30
0.0
 10
17.23041376468664
 20
74.76570175494159
 30
0.0
 10
17.12327129506852
 20
74.76570175494159
 30
0.0
  0
LINE
  5
10000751
102
{ACAD_XDICTIONARY
360
10000752
102
}
330
1F
100
AcDbEntity
  8
MODELSKETCH_VISIBLE
100
AcDbLine
 10
17.12327129506852
 20
74.76570175494157
 30
0.0
 11
16.52279115183947
 21
74.76570175494157
 31
0.0
  0
SPLINE
  5
10000755
102
{ACAD_XDICTIONARY
360
10000756
102
}
330
1F
100
AcDbEntity
  8
MODELSKETCH_VISIBLE
100
AcDbSpline
210
0.0
220
0.0
230
1.0
 70
     8
 71
     3
 72
     8
 73
     4
 74
     0
 42
0.0000000001
 43
0.00000001
 40
2.0
 40
2.0
 40
2.0
 40
2.0
 40
3.0
 40
3.0
 40
3.0
 40
3.0
 10
16.52279115183947
 20
74.76570175494157
 30
0.0
 10
16.42081632545044
 20
74.76570175494157
 30
0.0
 10
16.36190519263794
 20
74.81462211084437
 30
0.0
 10
16.36190519263794
 20
74.91280733219854
 30
0.0
  0
LINE
  5
10000759
102
{ACAD_XDICTIONARY
360
1000075A
102
}
330
1F
100
AcDbEntity
  8
MODELSKETCH_VISIBLE
100
AcDbLine
 10
16.36190519263794
 20
74.91280733219854
 30
0.0
 11
16.36190519263794
 21
75.33931015337907
 31
0.0
  0
SPLINE
  5
1000075D
102
{ACAD_XDICTIONARY
360
1000075E
102
}
330
1F
100
AcDbEntity
  8
MODELSKETCH_VISIBLE
100
AcDbSpline
210
0.0
220
0.0
230
1.0
 70
     8
 71
     3
 72
     8
 73
     4
 74
     0
 42
0.0000000001
 43
0.00000001
 40
4.0
 40
4.0
 40
4.0
 40
4.0
 40
5.0
 40
5.0
 40
5.0
 40
5.0
 10
16.36190519263794
 20
75.33931015337906
 30
0.0
 10
16.36190519263794
 20
75.43749537473323
 30
0.0
 10
16.30850621260323
 20
75.48641573063603
 30
0.0
 10
16.20101923343664
 20
75.48641573063603
 30
0.0
  0
LINE
  5
10000761
102
{ACAD_XDICTIONARY
360
10000762
102
}
330
1F
100
AcDbEntity
  8
MODELSKETCH_VISIBLE
100
AcDbLine
 10
16.20101923343664
 20
75.48641573063603
 30
0.0
 11
15.74006545739506
 21
75.48641573063603
 31
0.0
  0
SPLINE
  5
10000765
102
{ACAD_XDICTIONARY
360
10000766
102
}
330
1F
100
AcDbEntity
  8
MODELSKETCH_VISIBLE
100
AcDbSpline
210
0.0
220
0.0
230
1.0
 70
     8
 71
     3
 72
     8
 73
     4
 74
     0
 42
0.0000000001
 43
0.00000001
 40
6.0
 40
6.0
 40
6.0
 40
6.0
 40
7.0
 40
7.0
 40
7.0
 40
7.0
 10
15.74006545739505
 20
75.48641573063603
 30
0.0
 10
15.63809063100602
 20
75.48641573063603
 30
0.0
 10
15.57917949819352
 20
75.43749537473323
 30
0.0
 10
15.57917949819352
 20
75.33931015337906
 30
0.0
  0
LINE
  5
10000769
102
{ACAD_XDICTIONARY
360
1000076A
102
}
330
1F
100
AcDbEntity
  8
MODELSKETCH_VISIBLE
100
AcDbLine
 10
15.57917949819352
 20
75.33931015337906
 30
0.0
 11
15.57917949819352
 21
75.1260587427888
 31
0.0
  0
LINE
  5
1000076D
102
{ACAD_XDICTIONARY
360
1000076E
102
}
330
1F
100
AcDbEntity
  8
MODELSKETCH_VISIBLE
100
AcDbLine
 10
19.17689271433947
 20
77.17347899018468
 30
0.0
 11
19.57376771433947
 21
78.08539576535826
 31
0.0
  0
SPLINE
  5
10000771
102
{ACAD_XDICTIONARY
360
10000772
102
}
330
1F
100
AcDbEntity
  8
MODELSKETCH_VISIBLE
100
AcDbSpline
210
0.0
220
0.0
230
1.0
 70
     8
 71
     3
 72
     8
 73
     4
 74
     0
 42
0.0000000001
 43
0.00000001
 40
4.0
 40
4.0
 40
4.0
 40
4.0
 40
5.0
 40
5.0
 40
5.0
 40
5.0
 10
19.57376771433949
 20
78.08539576535824
 30
0.0
 10
19.60580710236039
 20
78.16394394244155
 30
0.0
 10
19.66471823517291
 20
78.19839489730269
 30
0.0
 10
19.75601326555478
 20
78.19839489730269
 30
0.0
  0
LINE
  5
10000775
102
{ACAD_XDICTIONARY
360
10000776
102
}
330
1F
100
AcDbEntity
  8
MODELSKETCH_VISIBLE
100
AcDbLine
 10
19.75601326555476
 20
78.19839489730272
 30
0.0
 11
20.52254701121448
 21
78.19839489730272
 31
0.0
  0
SPLINE
  5
10000779
102
{ACAD_XDICTIONARY
360
1000077A
102
}
330
1F
100
AcDbEntity
  8
MODELSKETCH_VISIBLE
100
AcDbSpline
210
0.0
220
0.0
230
1.0
 70
     8
 71
     3
 72
     8
 73
     4
 74
     0
 42
0.0000000001
 43
0.00000001
 40
6.0
 40
6.0
 40
6.0
 40
6.0
 40
7.0
 40
7.0
 40
7.0
 40
7.0
 10
20.52254701121448
 20
78.19839489730272
 30
0.0
 10
20.64588142961726
 20
78.19839489730272
 30
0.0
 10
20.69962491920044
 20
78.12983749712909
 30
0.0
 10
20.64588142961726
 20
78.0268291420944
 30
0.0
  0
CIRCLE
  5
1000077D
102
{ACAD_XDICTIONARY
360
1000077E
102
}
330
1F
100
AcDbEntity
  8
MODELSKETCH_VISIBLE
100
AcDbCircle
 10
-140.2094892063589
 20
6.680013663768664
 30
0.0
 40
2.3876
  0
SPLINE
  5
10000781
102
{ACAD_XDICTIONARY
360
10000782
102
}
330
1F
100
AcDbEntity
  8
MODELSKETCH_VISIBLE
100
AcDbSpline
210
0.0
220
0.0
230
1.0
 70
     8
 71
     3
 72
     8
 73
     4
 74
     0
 42
0.0000000001
 43
0.00000001
 40
8.0
 40
8.0
 40
8.0
 40
8.0
 40
9.0
 40
9.0
 40
9.0
 40
9.0
 10
19.68642233673538
 20
76.06519177230273
 30
0.0
 10
19.67574254072824
 20
76.04555472803187
 30
0.0
 10
19.67574254072824
 20
76.02591768376104
 30
0.0
 10
19.67574254072824
 20
76.00628063949021
 30
0.0
  0
LINE
  5
10000785
102
{ACAD_XDICTIONARY
360
10000786
102
}
330
1F
100
AcDbEntity
  8
MODELSKETCH_VISIBLE
100
AcDbLine
 10
20.64588142961726
 20
78.02682914209437
 30
0.0
 11
19.68642233673538
 21
76.0651917723027
 31
0.0
  0
SPLINE
  5
10000789
102
{ACAD_XDICTIONARY
360
1000078A
102
}
330
1F
100
AcDbEntity
  8
MODELSKETCH_VISIBLE
100
AcDbSpline
210
0.0
220
0.0
230
1.0
 70
     8
 71
     3
 72
     8
 73
     4
 74
     0
 42
0.0000000001
 43
0.00000001
 40
2.0
 40
2.0
 40
2.0
 40
2.0
 40
3.0
 40
3.0
 40
3.0
 40
3.0
 10
19.10178963274226
 20
77.17347899018469
 30
0.0
 10
19.12349373430477
 20
77.12938176796246
 30
0.0
 10
19.15553312232546
 20
77.12938176796243
 30
0.0
 10
19.17689271433948
 20
77.17347899018476
 30
0.0
  0
LINE
  5
1000078D
102
{ACAD_XDICTIONARY
360
1000078E
102
}
330
1F
100
AcDbEntity
  8
MODELSKETCH_VISIBLE
100
AcDbLine
 10
18.70525914229072
 20
78.08539576535826
 30
0.0
 11
19.10178963274225
 21
77.17347899018468
 31
0.0
  0
SPLINE
  5
10000791
102
{ACAD_XDICTIONARY
360
10000792
102
}
330
1F
100
AcDbEntity
  8
MODELSKETCH_VISIBLE
100
AcDbSpline
210
0.0
220
0.0
230
1.0
 70
     8
 71
     3
 72
     8
 73
     4
 74
     0
 42
0.0000000001
 43
0.00000001
 40
0.0
 40
0.0
 40
0.0
 40
0.0
 40
1.0
 40
1.0
 40
1.0
 40
1.0
 10
18.52301359107544
 20
78.19839489730272
 30
0.0
 10
18.61396411190885
 20
78.19839489730272
 30
0.0
 10
18.67287524472135
 20
78.16394394244158
 30
0.0
 10
18.70525914229073
 20
78.08539576535827
 30
0.0
  0
LINE
  5
10000795
102
{ACAD_XDICTIONARY
360
10000796
102
}
330
1F
100
AcDbEntity
  8
MODELSKETCH_VISIBLE
100
AcDbLine
 10
17.28415725427005
 20
77.0115595023374
 30
0.0
 11
17.28415725427005
 21
74.93244437646938
 31
0.0
  0
SPLINE
  5
10000799
102
{ACAD_XDICTIONARY
360
1000079A
102
}
330
1F
100
AcDbEntity
  8
MODELSKETCH_VISIBLE
100
AcDbSpline
210
0.0
220
0.0
230
1.0
 70
     8
 71
     3
 72
    11
 73
     7
 74
     0
 42
0.0000000001
 43
0.00000001
 40
12.0
 40
12.0
 40
12.0
 40
12.0
 40
13.0
 40
13.0
 40
13.0
 40
14.0
 40
14.0
 40
14.0
 40
14.0
 10
14.65692743656165
 20
77.0115595023374
 30
0.0
 10
14.65692743656165
 20
77.62960963254574
 30
0.0
 10
14.76441441572824
 20
78.28658934174716
 30
0.0
 10
15.97054234541574
 20
78.28658934174716
 30
0.0
 10
17.17701478465198
 20
78.28658934174716
 30
0.0
 10
17.28415725427006
 20
77.62960963254574
 30
0.0
 10
17.28415725427006
 20
77.0115595023374
 30
0.0
  0
LINE
  5
1000079D
102
{ACAD_XDICTIONARY
360
1000079E
102
}
330
1F
100
AcDbEntity
  8
MODELSKETCH_VISIBLE
100
AcDbLine
 10
14.65692743656164
 20
74.93244437646938
 30
0.0
 11
14.65692743656164
 21
77.0115595023374
 31
0.0
  0
SPLINE
  5
100007A1
102
{ACAD_XDICTIONARY
360
100007A2
102
}
330
1F
100
AcDbEntity
  8
MODELSKETCH_VISIBLE
100
AcDbSpline
210
0.0
220
0.0
230
1.0
 70
     8
 71
     3
 72
     8
 73
     4
 74
     0
 42
0.0000000001
 43
0.00000001
 40
10.0
 40
10.0
 40
10.0
 40
10.0
 40
11.0
 40
11.0
 40
11.0
 40
11.0
 10
14.81781339576294
 20
74.76570175494157
 30
0.0
 10
14.71618307892261
 20
74.76570175494157
 30
0.0
 10
14.65692743656164
 20
74.82461288775406
 30
0.0
 10
14.65692743656164
 20
74.93244437646938
 30
0.0
  0
LINE
  5
100007A5
102
{ACAD_XDICTIONARY
360
100007A6
102
}
330
1F
100
AcDbEntity
  8
MODELSKETCH_VISIBLE
100
AcDbLine
 10
15.41829353899226
 20
74.76570175494157
 30
0.0
 11
14.81781339576294
 21
74.76570175494157
 31
0.0
  0
SPLINE
  5
100007A9
102
{ACAD_XDICTIONARY
360
100007AA
102
}
330
1F
100
AcDbEntity
  8
MODELSKETCH_VISIBLE
100
AcDbSpline
210
0.0
220
0.0
230
1.0
 70
     8
 71
     3
 72
     8
 73
     4
 74
     0
 42
0.0000000001
 43
0.00000001
 40
8.0
 40
8.0
 40
8.0
 40
8.0
 40
9.0
 40
9.0
 40
9.0
 40
9.0
 10
15.57917949819352
 20
74.91280733219854
 30
0.0
 10
15.57917949819352
 20
74.81462211084437
 30
0.0
 10
15.52543600861038
 20
74.76570175494157
 30
0.0
 10
15.41829353899226
 20
74.76570175494157
 30
0.0
  0
LINE
  5
100007AD
102
{ACAD_XDICTIONARY
360
100007AE
102
}
330
1F
100
AcDbEntity
  8
MODELSKETCH_VISIBLE
100
AcDbLine
 10
15.57917949819352
 20
75.1260587427888
 30
0.0
 11
15.57917949819352
 21
74.91280733219854
 31
0.0
  0
SPLINE
  5
100007B1
102
{ACAD_XDICTIONARY
360
100007B2
102
}
330
1F
100
AcDbEntity
  8
MODELSKETCH_VISIBLE
100
AcDbSpline
210
0.0
220
0.0
230
1.0
 70
     8
 71
     3
 72
     8
 73
     4
 74
     0
 42
0.0000000001
 43
0.00000001
 40
6.0
 40
6.0
 40
6.0
 40
6.0
 40
7.0
 40
7.0
 40
7.0
 40
7.0
 10
14.35100295739505
 20
74.91280733219854
 30
0.0
 10
14.35100295739505
 20
74.81462211084437
 30
0.0
 10
14.29725946781164
 20
74.76570175494157
 30
0.0
 10
14.19011699819352
 20
74.76570175494157
 30
0.0
  0
LINE
  5
100007B5
102
{ACAD_XDICTIONARY
360
100007B6
102
}
330
1F
100
AcDbEntity
  8
MODELSKETCH_VISIBLE
100
AcDbLine
 10
14.35100295739505
 20
75.46195555268467
 30
0.0
 11
14.35100295739505
 21
74.91280733219854
 31
0.0
  0
SPLINE
  5
100007B9
102
{ACAD_XDICTIONARY
360
100007BA
102
}
330
1F
100
AcDbEntity
  8
MODELSKETCH_VISIBLE
100
AcDbSpline
210
0.0
220
0.0
230
1.0
 70
     8
 71
     3
 72
     8
 73
     4
 74
     0
 42
0.0000000001
 43
0.00000001
 40
4.0
 40
4.0
 40
4.0
 40
4.0
 40
5.0
 40
5.0
 40
5.0
 40
5.0
 10
14.19011699819352
 20
75.60906112994157
 30
0.0
 10
14.29725946781164
 20
75.60906112994157
 30
0.0
 10
14.35100295739505
 20
75.56014077403883
 30
0.0
 10
14.35100295739505
 20
75.46195555268467
 30
0.0
  0
LINE
  5
100007BD
102
{ACAD_XDICTIONARY
360
100007BE
102
}
330
1F
100
AcDbEntity
  8
MODELSKETCH_VISIBLE
100
AcDbLine
 10
12.99466886451294
 20
75.60906112994157
 30
0.0
 11
14.19011699819352
 21
75.60906112994157
 31
0.0
  0
SPLINE
  5
100007C1
102
{ACAD_XDICTIONARY
360
100007C2
102
}
330
1F
100
AcDbEntity
  8
MODELSKETCH_VISIBLE
100
AcDbSpline
210
0.0
220
0.0
230
1.0
 70
     8
 71
     3
 72
     8
 73
     4
 74
     0
 42
0.0000000001
 43
0.00000001
 40
2.0
 40
2.0
 40
2.0
 40
2.0
 40
3.0
 40
3.0
 40
3.0
 40
3.0
 10
12.83378290531161
 20
75.75616670719857
 30
0.0
 10
12.8337829053116
 20
75.66314912907359
 30
0.0
 10
12.8926940381241
 20
75.60906112994165
 30
0.0
 10
12.9946688645129
 20
75.60906112994158
 30
0.0
  0
LINE
  5
100007C5
102
{ACAD_XDICTIONARY
360
100007C6
102
}
330
1F
100
AcDbEntity
  8
MODELSKETCH_VISIBLE
100
AcDbLine
 10
12.83378290531164
 20
78.05128932004574
 30
0.0
 11
12.83378290531164
 21
75.75616670719852
 31
0.0
  0
SPLINE
  5
100007C9
102
{ACAD_XDICTIONARY
360
100007CA
102
}
330
1F
100
AcDbEntity
  8
MODELSKETCH_VISIBLE
100
AcDbSpline
210
0.0
220
0.0
230
1.0
 70
     8
 71
     3
 72
     8
 73
     4
 74
     0
 42
0.0000000001
 43
0.00000001
 40
0.0
 40
0.0
 40
0.0
 40
0.0
 40
1.0
 40
1.0
 40
1.0
 40
1.0
 10
12.6728969461104
 20
78.19839489730272
 30
0.0
 10
12.78003941572824
 20
78.1983948973027
 30
0.0
 10
12.83378290531163
 20
78.14913003185131
 30
0.0
 10
12.83378290531158
 20
78.05128932004574
 30
0.0
  0
LINE
  5
100007CD
102
{ACAD_XDICTIONARY
360
100007CE
102
}
330
1F
100
AcDbEntity
  8
MODELSKETCH_VISIBLE
100
AcDbLine
 10
9.08586352597135
 20
78.19839489730272
 30
0.0
 11
11.33757793569352
 21
78.19839489730272
 31
0.0
  0
SPLINE
  5
100007D1
102
{ACAD_XDICTIONARY
360
100007D2
102
}
330
1F
100
AcDbEntity
  8
MODELSKETCH_VISIBLE
100
AcDbSpline
210
0.0
220
0.0
230
1.0
 70
     8
 71
     3
 72
     8
 73
     4
 74
     0
 42
0.0000000001
 43
0.00000001
 40
22.0
 40
22.0
 40
22.0
 40
22.0
 40
23.0
 40
23.0
 40
23.0
 40
23.0
 10
8.924977566770048
 20
78.05128932004575
 30
0.0
 10
8.924977566770048
 20
78.14913003185133
 30
0.0
 10
8.983888699582547
 20
78.19839489730272
 30
0.0
 10
9.08586352597135
 20
78.19839489730272
 30
0.0
  0
LINE
  5
100007D5
102
{ACAD_XDICTIONARY
360
100007D6
102
}
330
1F
100
AcDbEntity
  8
MODELSKETCH_VISIBLE
100
AcDbLine
 10
8.924977566770048
 20
74.91280733219854
 30
0.0
 11
8.924977566770048
 21
78.05128932004575
 31
0.0
  0
SPLINE
  5
100007D9
102
{ACAD_XDICTIONARY
360
100007DA
102
}
330
1F
100
AcDbEntity
  8
MODELSKETCH_VISIBLE
100
AcDbSpline
210
0.0
220
0.0
230
1.0
 70
     8
 71
     3
 72
     8
 73
     4
 74
     0
 42
0.0000000001
 43
0.00000001
 40
20.0
 40
20.0
 40
20.0
 40
20.0
 40
21.0
 40
21.0
 40
21.0
 40
21.0
 10
9.08586352597135
 20
74.76570175494157
 30
0.0
 10
8.983888699582547
 20
74.76570175494157
 30
0.0
 10
8.924977566770048
 20
74.81944524452491
 30
0.0
 10
8.924977566770048
 20
74.91280733219854
 30
0.0
  0
LINE
  5
100007DD
102
{ACAD_XDICTIONARY
360
100007DE
102
}
330
1F
100
AcDbEntity
  8
MODELSKETCH_VISIBLE
100
AcDbLine
 10
11.33757793569352
 20
74.76570175494157
 30
0.0
 11
9.08586352597135
 21
74.76570175494157
 31
0.0
  0
SPLINE
  5
100007E1
102
{ACAD_XDICTIONARY
360
100007E2
102
}
330
1F
100
AcDbEntity
  8
MODELSKETCH_VISIBLE
100
AcDbSpline
210
0.0
220
0.0
230
1.0
 70
     8
 71
     3
 72
     8
 73
     4
 74
     0
 42
0.0000000001
 43
0.00000001
 40
18.0
 40
18.0
 40
18.0
 40
18.0
 40
19.0
 40
19.0
 40
19.0
 40
19.0
 10
11.49846389489505
 20
74.91280733219854
 30
0.0
 10
11.49846389489505
 20
74.81462211084437
 30
0.0
 10
11.44472040531164
 20
74.76570175494157
 30
0.0
 10
11.33757793569352
 20
74.76570175494157
 30
0.0
  0
LINE
  5
100007E5
102
{ACAD_XDICTIONARY
360
100007E6
102
}
330
1F
100
AcDbEntity
  8
MODELSKETCH_VISIBLE
100
AcDbLine
 10
11.49846389489505
 20
75.46195555268467
 30
0.0
 11
11.49846389489505
 21
74.91280733219854
 31
0.0
  0
SPLINE
  5
100007E9
102
{ACAD_XDICTIONARY
360
100007EA
102
}
330
1F
100
AcDbEntity
  8
MODELSKETCH_VISIBLE
100
AcDbSpline
210
0.0
220
0.0
230
1.0
 70
     8
 71
     3
 72
     8
 73
     4
 74
     0
 42
0.0000000001
 43
0.00000001
 40
16.0
 40
16.0
 40
16.0
 40
16.0
 40
17.0
 40
17.0
 40
17.0
 40
17.0
 10
11.33757793569352
 20
75.60906112994157
 30
0.0
 10
11.44472040531164
 20
75.60906112994157
 30
0.0
 10
11.49846389489505
 20
75.56014077403883
 30
0.0
 10
11.49846389489505
 20
75.46195555268467
 30
0.0
  0
LINE
  5
100007ED
102
{ACAD_XDICTIONARY
360
100007EE
102
}
330
1F
100
AcDbEntity
  8
MODELSKETCH_VISIBLE
100
AcDbLine
 10
10.04015497562414
 20
75.60906112994157
 30
0.0
 11
11.33757793569352
 21
75.60906112994157
 31
0.0
  0
SPLINE
  5
100007F1
102
{ACAD_XDICTIONARY
360
100007F2
102
}
330
1F
100
AcDbEntity
  8
MODELSKETCH_VISIBLE
100
AcDbSpline
210
0.0
220
0.0
230
1.0
 70
     8
 71
     3
 72
     8
 73
     4
 74
     0
 42
0.0000000001
 43
0.00000001
 40
14.0
 40
14.0
 40
14.0
 40
14.0
 40
15.0
 40
15.0
 40
15.0
 40
15.0
 10
9.87926901642261
 20
75.75616670719853
 30
0.0
 10
9.87926901642261
 20
75.66314912907355
 30
0.0
 10
9.938180149235109
 20
75.60906112994157
 30
0.0
 10
10.04015497562414
 20
75.60906112994157
 30
0.0
  0
LINE
  5
100007F5
102
{ACAD_XDICTIONARY
360
100007F6
102
}
330
1F
100
AcDbEntity
  8
MODELSKETCH_VISIBLE
100
AcDbLine
 10
9.87926901642261
 20
75.91326306136523
 30
0.0
 11
9.87926901642261
 21
75.75616670719853
 31
0.0
  0
SPLINE
  5
100007F9
102
{ACAD_XDICTIONARY
360
100007FA
102
}
330
1F
100
AcDbEntity
  8
MODELSKETCH_VISIBLE
100
AcDbSpline
210
0.0
220
0.0
230
1.0
 70
     8
 71
     3
 72
     8
 73
     4
 74
     0
 42
0.0000000001
 43
0.00000001
 40
12.0
 40
12.0
 40
12.0
 40
12.0
 40
13.0
 40
13.0
 40
13.0
 40
13.0
 10
10.04015497562414
 20
76.06036863862217
 30
0.0
 10
9.938180149235109
 20
76.06036863862217
 30
0.0
 10
9.87926901642261
 20
76.01110377317075
 30
0.0
 10
9.87926901642261
 20
75.91326306136523
 30
0.0
  0
LINE
  5
100007FD
102
{ACAD_XDICTIONARY
360
100007FE
102
}
330
1F
100
AcDbEntity
  8
MODELSKETCH_VISIBLE
100
AcDbLine
 10
10.87111200687414
 20
76.06036863862217
 30
0.0
 11
10.04015497562414
 21
76.06036863862217
 31
0.0
  0
SPLINE
  5
10000801
102
{ACAD_XDICTIONARY
360
10000802
102
}
330
1F
100
AcDbEntity
  8
MODELSKETCH_VISIBLE
100
AcDbSpline
210
0.0
220
0.0
230
1.0
 70
     8
 71
     3
 72
     8
 73
     4
 74
     0
 42
0.0000000001
 43
0.00000001
 40
10.0
 40
10.0
 40
10.0
 40
10.0
 40
11.0
 40
11.0
 40
11.0
 40
11.0
 10
11.03199796607544
 20
76.20747421587906
 30
0.0
 10
11.03199796607544
 20
76.11411212820549
 30
0.0
 10
10.97859898604074
 20
76.06036863862217
 30
0.0
 10
10.87111200687414
 20
76.06036863862217
 30
0.0
  0
CIRCLE
  5
10000805
102
{ACAD_XDICTIONARY
360
10000806
102
}
330
1F
100
AcDbEntity
  8
MODELSKETCH_VISIBLE
100
AcDbCircle
 10
-63.69657265662007
 20
85.53438948467563
 30
0.0
 40
3.175
  0
LINE
  5
10000809
102
{ACAD_XDICTIONARY
360
1000080A
102
}
330
1F
100
AcDbEntity
  8
MODELSKETCH_VISIBLE
100
AcDbLine
 10
11.03199796607544
 20
76.75662243636522
 30
0.0
 11
11.03199796607544
 21
76.20747421587906
 31
0.0
  0
SPLINE
  5
1000080D
102
{ACAD_XDICTIONARY
360
1000080E
102
}
330
1F
100
AcDbEntity
  8
MODELSKETCH_VISIBLE
100
AcDbSpline
210
0.0
220
0.0
230
1.0
 70
     8
 71
     3
 72
     8
 73
     4
 74
     0
 42
0.0000000001
 43
0.00000001
 40
8.0
 40
8.0
 40
8.0
 40
8.0
 40
9.0
 40
9.0
 40
9.0
 40
9.0
 10
10.87111200687414
 20
76.90372801362216
 30
0.0
 10
10.97859898604074
 20
76.90372801362216
 30
0.0
 10
11.03199796607544
 20
76.85480765771938
 30
0.0
 10
11.03199796607544
 20
76.75662243636522
 30
0.0
  0
LINE
  5
10000811
102
{ACAD_XDICTIONARY
360
10000812
102
}
330
1F
100
AcDbEntity
  8
MODELSKETCH_VISIBLE
100
AcDbLine
 10
10.04015497562414
 20
76.90372801362216
 30
0.0
 11
10.87111200687414
 21
76.90372801362216
 31
0.0
  0
SPLINE
  5
10000815
102
{ACAD_XDICTIONARY
360
10000816
102
}
330
1F
100
AcDbEntity
  8
MODELSKETCH_VISIBLE
100
AcDbSpline
210
0.0
220
0.0
230
1.0
 70
     8
 71
     3
 72
     8
 73
     4
 74
     0
 42
0.0000000001
 43
0.00000001
 40
6.0
 40
6.0
 40
6.0
 40
6.0
 40
7.0
 40
7.0
 40
7.0
 40
7.0
 10
9.87926901642261
 20
77.05083359087907
 30
0.0
 10
9.87926901642261
 20
76.95781601275407
 30
0.0
 10
9.938180149235109
 20
76.90372801362216
 30
0.0
 10
10.04015497562414
 20
76.90372801362216
 30
0.0
  0
LINE
  5
10000819
102
{ACAD_XDICTIONARY
360
1000081A
102
}
330
1F
100
AcDbEntity
  8
MODELSKETCH_VISIBLE
100
AcDbLine
 10
9.87926901642261
 20
77.20758543549717
 30
0.0
 11
9.87926901642261
 21
77.05083359087907
 31
0.0
  0
SPLINE
  5
1000081D
102
{ACAD_XDICTIONARY
360
1000081E
102
}
330
1F
100
AcDbEntity
  8
MODELSKETCH_VISIBLE
100
AcDbSpline
210
0.0
220
0.0
230
1.0
 70
     8
 71
     3
 72
     8
 73
     4
 74
     0
 42
0.0000000001
 43
0.00000001
 40
4.0
 40
4.0
 40
4.0
 40
4.0
 40
5.0
 40
5.0
 40
5.0
 40
5.0
 10
10.04015497562414
 20
77.35469101275406
 30
0.0
 10
9.938180149235109
 20
77.35469101275406
 30
0.0
 10
9.87926901642261
 20
77.30577065685134
 30
0.0
 10
9.87926901642261
 20
77.20758543549717
 30
0.0
  0
LINE
  5
10000821
102
{ACAD_XDICTIONARY
360
10000822
102
}
330
1F
100
AcDbEntity
  8
MODELSKETCH_VISIBLE
100
AcDbLine
 10
11.33757793569352
 20
77.35469101275406
 30
0.0
 11
10.04015497562414
 21
77.35469101275406
 31
0.0
  0
SPLINE
  5
10000825
102
{ACAD_XDICTIONARY
360
10000826
102
}
330
1F
100
AcDbEntity
  8
MODELSKETCH_VISIBLE
100
AcDbSpline
210
0.0
220
0.0
230
1.0
 70
     8
 71
     3
 72
     8
 73
     4
 74
     0
 42
0.0000000001
 43
0.00000001
 40
2.0
 40
2.0
 40
2.0
 40
2.0
 40
3.0
 40
3.0
 40
3.0
 40
3.0
 10
11.49846389489504
 20
77.50214109955965
 30
0.0
 10
11.49846389489504
 20
77.40877901188603
 30
0.0
 10
11.44472040531163
 20
77.35469101275405
 30
0.0
 10
11.33757793569351
 20
77.35469101275405
 30
0.0
  0
LINE
  5
10000829
102
{ACAD_XDICTIONARY
360
1000082A
102
}
330
1F
100
AcDbEntity
  8
MODELSKETCH_VISIBLE
100
AcDbLine
 10
11.49846389489504
 20
78.05128932004577
 30
0.0
 11
11.49846389489504
 21
77.50214109955968
 31
0.0
  0
SPLINE
  5
1000082D
102
{ACAD_XDICTIONARY
360
1000082E
102
}
330
1F
100
AcDbEntity
  8
MODELSKETCH_VISIBLE
100
AcDbSpline
210
0.0
220
0.0
230
1.0
 70
     8
 71
     3
 72
     8
 73
     4
 74
     0
 42
0.0000000001
 43
0.00000001
 40
0.0
 40
0.0
 40
0.0
 40
0.0
 40
1.0
 40
1.0
 40
1.0
 40
1.0
 10
11.33757793569352
 20
78.1983948973027
 30
0.0
 10
11.44472040531164
 20
78.1983948973027
 30
0.0
 10
11.49846389489506
 20
78.14913003185133
 30
0.0
 10
11.49846389489506
 20
78.05128932004575
 30
0.0
  0
LINE
  5
10000831
102
{ACAD_XDICTIONARY
360
10000832
102
}
330
1F
100
AcDbEntity
  8
MODELSKETCH_VISIBLE
100
AcDbLine
 10
5.906040392290729
 20
78.19839489730272
 30
0.0
 11
7.101488525971352
 21
78.19839489730272
 31
0.0
  0
SPLINE
  5
10000835
102
{ACAD_XDICTIONARY
360
10000836
102
}
330
1F
100
AcDbEntity
  8
MODELSKETCH_VISIBLE
100
AcDbSpline
210
0.0
220
0.0
230
1.0
 70
     8
 71
     3
 72
     8
 73
     4
 74
     0
 42
0.0000000001
 43
0.00000001
 40
6.0
 40
6.0
 40
6.0
 40
6.0
 40
7.0
 40
7.0
 40
7.0
 40
7.0
 10
5.745154433089469
 20
78.04646618636522
 30
0.0
 10
5.745154433089469
 20
78.14430689817077
 30
0.0
 10
5.79889792267261
 20
78.19357176362217
 30
0.0
 10
5.906040392290729
 20
78.19839489730272
 30
0.0
  0
LINE
  5
10000839
102
{ACAD_XDICTIONARY
360
1000083A
102
}
330
1F
100
AcDbEntity
  8
MODELSKETCH_VISIBLE
100
AcDbLine
 10
5.745154433089469
 20
74.91280733219854
 30
0.0
 11
5.745154433089469
 21
78.04646618636522
 31
0.0
  0
SPLINE
  5
1000083D
102
{ACAD_XDICTIONARY
360
1000083E
102
}
330
1F
100
AcDbEntity
  8
MODELSKETCH_VISIBLE
100
AcDbSpline
210
0.0
220
0.0
230
1.0
 70
     8
 71
     3
 72
     8
 73
     4
 74
     0
 42
0.0000000001
 43
0.00000001
 40
4.0
 40
4.0
 40
4.0
 40
4.0
 40
5.0
 40
5.0
 40
5.0
 40
5.0
 10
5.906040392290729
 20
74.76570175494157
 30
0.0
 10
5.804065565901976
 20
74.76570175494157
 30
0.0
 10
5.745154433089469
 20
74.81944524452491
 30
0.0
 10
5.745154433089469
 20
74.91280733219854
 30
0.0
  0
LINE
  5
10000841
102
{ACAD_XDICTIONARY
360
10000842
102
}
330
1F
100
AcDbEntity
  8
MODELSKETCH_VISIBLE
100
AcDbLine
 10
7.101488525971352
 20
74.76570175494155
 30
0.0
 11
5.906040392290729
 21
74.76570175494155
 31
0.0
  0
SPLINE
  5
10000845
102
{ACAD_XDICTIONARY
360
10000846
102
}
330
1F
100
AcDbEntity
  8
MODELSKETCH_VISIBLE
100
AcDbSpline
210
0.0
220
0.0
230
1.0
 70
     8
 71
     3
 72
     8
 73
     4
 74
     0
 42
0.0000000001
 43
0.00000001
 40
2.0
 40
2.0
 40
2.0
 40
2.0
 40
3.0
 40
3.0
 40
3.0
 40
3.0
 10
8.441975179617263
 20
75.94736950667773
 30
0.0
 10
8.441975179617263
 20
75.14328422021939
 30
0.0
 10
8.109523465207324
 20
74.76570175494159
 30
0.0
 10
7.101488525971352
 20
74.76570175494159
 30
0.0
  0
LINE
  5
10000849
102
{ACAD_XDICTIONARY
360
1000084A
102
}
330
1F
100
AcDbEntity
  8
MODELSKETCH_VISIBLE
100
AcDbLine
 10
8.441975179617259
 20
77.0215502792472
 30
0.0
 11
8.441975179617241
 21
75.94736950667776
 31
0.0
  0
SPLINE
  5
1000084D
102
{ACAD_XDICTIONARY
360
1000084E
102
}
330
1F
100
AcDbEntity
  8
MODELSKETCH_VISIBLE
100
AcDbSpline
210
0.0
220
0.0
230
1.0
 70
     8
 71
     3
 72
     8
 73
     4
 74
     0
 42
0.0000000001
 43
0.00000001
 40
0.0
 40
0.0
 40
0.0
 40
0.0
 40
1.0
 40
1.0
 40
1.0
 40
1.0
 10
7.101488525971352
 20
78.1983948973027
 30
0.0
 10
8.109523465207324
 20
78.1983948973027
 30
0.0
 10
8.441975179617263
 20
77.82563556570545
 30
0.0
 10
8.441975179617263
 20
77.02155027924715
 30
0.0
  0
LINE
  5
10000851
102
{ACAD_XDICTIONARY
360
10000852
102
}
330
1F
100
AcDbEntity
  8
MODELSKETCH_VISIBLE
100
AcDbLine
 10
6.828292453922878
 20
75.60906112994157
 30
0.0
 11
7.11768047475602
 21
75.60906112994157
 31
0.0
  0
SPLINE
  5
10000855
102
{ACAD_XDICTIONARY
360
10000856
102
}
330
1F
100
AcDbEntity
  8
MODELSKETCH_VISIBLE
100
AcDbSpline
210
0.0
220
0.0
230
1.0
 70
     8
 71
     3
 72
     8
 73
     4
 74
     0
 42
0.0000000001
 43
0.00000001
 40
6.0
 40
6.0
 40
6.0
 40
6.0
 40
7.0
 40
7.0
 40
7.0
 40
7.0
 10
6.667406494721355
 20
75.75616670719853
 30
0.0
 10
6.667406494721355
 20
75.66314912907355
 30
0.0
 10
6.726317627533854
 20
75.60906112994157
 30
0.0
 10
6.828292453922878
 20
75.60906112994157
 30
0.0
  0
LINE
  5
10000859
102
{ACAD_XDICTIONARY
360
1000085A
102
}
330
1F
100
AcDbEntity
  8
MODELSKETCH_VISIBLE
100
AcDbLine
 10
6.667406494721355
 20
77.20758543549717
 30
0.0
 11
6.667406494721355
 21
75.75616670719853
 31
0.0
  0
SPLINE
  5
1000085D
102
{ACAD_XDICTIONARY
360
1000085E
102
}
330
1F
100
AcDbEntity
  8
MODELSKETCH_VISIBLE
100
AcDbSpline
210
0.0
220
0.0
230
1.0
 70
     8
 71
     3
 72
     8
 73
     4
 74
     0
 42
0.0000000001
 43
0.00000001
 40
22.0
 40
22.0
 40
22.0
 40
22.0
 40
23.0
 40
23.0
 40
23.0
 40
23.0
 10
-30.70338915622447
 20
77.74064307110581
 30
0.0
 10
-30.70338915622447
 20
77.83882829245997
 30
0.0
 10
-30.64447802341197
 20
77.88774864836273
 30
0.0
 10
-30.54250319702295
 20
77.88774864836273
 30
0.0
  0
LINE
  5
10000861
102
{ACAD_XDICTIONARY
360
10000862
102
}
330
1F
100
AcDbEntity
  8
MODELSKETCH_VISIBLE
100
AcDbLine
 10
-30.70338915622447
 20
74.60216108325857
 30
0.0
 11
-30.70338915622447
 21
77.74064307110581
 31
0.0
  0
SPLINE
  5
10000865
102
{ACAD_XDICTIONARY
360
10000866
102
}
330
1F
100
AcDbEntity
  8
MODELSKETCH_VISIBLE
100
AcDbSpline
210
0.0
220
0.0
230
1.0
 70
     8
 71
     3
 72
     8
 73
     4
 74
     0
 42
0.0000000001
 43
0.00000001
 40
20.0
 40
20.0
 40
20.0
 40
20.0
 40
21.0
 40
21.0
 40
21.0
 40
21.0
 10
-30.54250319702295
 20
74.45505550600163
 30
0.0
 10
-30.64447802341197
 20
74.45505550600163
 30
0.0
 10
-30.70338915622447
 20
74.50914350513358
 30
0.0
 10
-30.70338915622447
 20
74.60216108325857
 30
0.0
  0
LINE
  5
10000869
102
{ACAD_XDICTIONARY
360
1000086A
102
}
330
1F
100
AcDbEntity
  8
MODELSKETCH_VISIBLE
100
AcDbLine
 10
-28.29078878730073
 20
74.45505550600163
 30
0.0
 11
-30.54250319702295
 21
74.45505550600163
 31
0.0
  0
SPLINE
  5
1000086D
102
{ACAD_XDICTIONARY
360
1000086E
102
}
330
1F
100
AcDbEntity
  8
MODELSKETCH_VISIBLE
100
AcDbSpline
210
0.0
220
0.0
230
1.0
 70
     8
 71
     3
 72
     8
 73
     4
 74
     0
 42
0.0000000001
 43
0.00000001
 40
18.0
 40
18.0
 40
18.0
 40
18.0
 40
19.0
 40
19.0
 40
19.0
 40
19.0
 10
-28.12990282809947
 20
74.60216108325857
 30
0.0
 10
-28.12990282809947
 20
74.50432037145299
 30
0.0
 10
-28.18364631768261
 20
74.45505550600163
 30
0.0
 10
-28.29078878730073
 20
74.45505550600163
 30
0.0
  0
LINE
  5
10000871
102
{ACAD_XDICTIONARY
360
10000872
102
}
330
1F
100
AcDbEntity
  8
MODELSKETCH_VISIBLE
100
AcDbLine
 10
-28.12990282809947
 20
75.15165381329331
 30
0.0
 11
-28.12990282809947
 21
74.60216108325857
 31
0.0
  0
SPLINE
  5
10000875
102
{ACAD_XDICTIONARY
360
10000876
102
}
330
1F
100
AcDbEntity
  8
MODELSKETCH_VISIBLE
100
AcDbSpline
210
0.0
220
0.0
230
1.0
 70
     8
 71
     3
 72
     8
 73
     4
 74
     0
 42
0.0000000001
 43
0.00000001
 40
16.0
 40
16.0
 40
16.0
 40
16.0
 40
17.0
 40
17.0
 40
17.0
 40
17.0
 10
-28.29078878730073
 20
75.29875939055023
 30
0.0
 10
-28.18364631768261
 20
75.29875939055023
 30
0.0
 10
-28.12990282809947
 20
75.24949452509884
 30
0.0
 10
-28.12990282809947
 20
75.15165381329331
 30
0.0
  0
LINE
  5
10000879
102
{ACAD_XDICTIONARY
360
1000087A
102
}
330
1F
100
AcDbEntity
  8
MODELSKETCH_VISIBLE
100
AcDbLine
 10
-29.58821174737038
 20
75.29875939055023
 30
0.0
 11
-28.29078878730073
 21
75.29875939055023
 31
0.0
  0
SPLINE
  5
1000087D
102
{ACAD_XDICTIONARY
360
1000087E
102
}
330
1F
100
AcDbEntity
  8
MODELSKETCH_VISIBLE
100
AcDbSpline
210
0.0
220
0.0
230
1.0
 70
     8
 71
     3
 72
     8
 73
     4
 74
     0
 42
0.0000000001
 43
0.00000001
 40
14.0
 40
14.0
 40
14.0
 40
14.0
 40
15.0
 40
15.0
 40
15.0
 40
15.0
 10
-29.74909770657164
 20
75.44586496780717
 30
0.0
 10
-29.74909770657164
 20
75.35250288013358
 30
0.0
 10
-29.69018657375914
 20
75.29875939055023
 30
0.0
 10
-29.58821174737038
 20
75.29875939055023
 30
0.0
  0
LINE
  5
10000881
102
{ACAD_XDICTIONARY
360
10000882
102
}
330
1F
100
AcDbEntity
  8
MODELSKETCH_VISIBLE
100
AcDbLine
 10
-29.74909770657164
 20
75.60261681242524
 30
0.0
 11
-29.74909770657164
 21
75.44586496780717
 31
0.0
  0
SPLINE
  5
10000885
102
{ACAD_XDICTIONARY
360
10000886
102
}
330
1F
100
AcDbEntity
  8
MODELSKETCH_VISIBLE
100
AcDbSpline
210
0.0
220
0.0
230
1.0
 70
     8
 71
     3
 72
     8
 73
     4
 74
     0
 42
0.0000000001
 43
0.00000001
 40
12.0
 40
12.0
 40
12.0
 40
12.0
 40
13.0
 40
13.0
 40
13.0
 40
13.0
 10
-29.58821174737038
 20
75.74972238968216
 30
0.0
 10
-29.69018657375914
 20
75.74972238968216
 30
0.0
 10
-29.74909770657164
 20
75.70080203377941
 30
0.0
 10
-29.74909770657164
 20
75.60261681242524
 30
0.0
  0
LINE
  5
10000889
102
{ACAD_XDICTIONARY
360
1000088A
102
}
330
1F
100
AcDbEntity
  8
MODELSKETCH_VISIBLE
100
AcDbLine
 10
-28.75725471612011
 20
75.74972238968216
 30
0.0
 11
-29.58821174737038
 21
75.74972238968216
 31
0.0
  0
SPLINE
  5
1000088D
102
{ACAD_XDICTIONARY
360
1000088E
102
}
330
1F
100
AcDbEntity
  8
MODELSKETCH_VISIBLE
100
AcDbSpline
210
0.0
220
0.0
230
1.0
 70
     8
 71
     3
 72
     8
 73
     4
 74
     0
 42
0.0000000001
 43
0.00000001
 40
10.0
 40
10.0
 40
10.0
 40
10.0
 40
11.0
 40
11.0
 40
11.0
 40
11.0
 10
-28.59636875691885
 20
75.89682796693913
 30
0.0
 10
-28.59636875691885
 20
75.80381038881413
 30
0.0
 10
-28.64976773695352
 20
75.74972238968216
 30
0.0
 10
-28.75725471612011
 20
75.74972238968216
 30
0.0
  0
LINE
  5
10000891
102
{ACAD_XDICTIONARY
360
10000892
102
}
330
1F
100
AcDbEntity
  8
MODELSKETCH_VISIBLE
100
AcDbLine
 10
-28.59636875691885
 20
76.44597618742525
 30
0.0
 11
-28.59636875691885
 21
75.89682796693913
 31
0.0
  0
SPLINE
  5
10000895
102
{ACAD_XDICTIONARY
360
10000896
102
}
330
1F
100
AcDbEntity
  8
MODELSKETCH_VISIBLE
100
AcDbSpline
210
0.0
220
0.0
230
1.0
 70
     8
 71
     3
 72
     8
 73
     4
 74
     0
 42
0.0000000001
 43
0.00000001
 40
8.0
 40
8.0
 40
8.0
 40
8.0
 40
9.0
 40
9.0
 40
9.0
 40
9.0
 10
-28.75725471612011
 20
76.59308176468215
 30
0.0
 10
-28.64976773695352
 20
76.59308176468215
 30
0.0
 10
-28.59636875691885
 20
76.54416140877943
 30
0.0
 10
-28.59636875691885
 20
76.44597618742525
 30
0.0
  0
LINE
  5
10000899
102
{ACAD_XDICTIONARY
360
1000089A
102
}
330
1F
100
AcDbEntity
  8
MODELSKETCH_VISIBLE
100
AcDbLine
 10
-29.58821174737038
 20
76.59308176468215
 30
0.0
 11
-28.75725471612011
 21
76.59308176468215
 31
0.0
  0
SPLINE
  5
1000089D
102
{ACAD_XDICTIONARY
360
1000089E
102
}
330
1F
100
AcDbEntity
  8
MODELSKETCH_VISIBLE
100
AcDbSpline
210
0.0
220
0.0
230
1.0
 70
     8
 71
     3
 72
     8
 73
     4
 74
     0
 42
0.0000000001
 43
0.00000001
 40
6.0
 40
6.0
 40
6.0
 40
6.0
 40
7.0
 40
7.0
 40
7.0
 40
7.0
 10
-29.74909770657164
 20
76.74018734193913
 30
0.0
 10
-29.74909770657164
 20
76.64716976381413
 30
0.0
 10
-29.69018657375914
 20
76.59308176468215
 30
0.0
 10
-29.58821174737038
 20
76.59308176468215
 30
0.0
  0
LINE
  5
100008A1
102
{ACAD_XDICTIONARY
360
100008A2
102
}
330
1F
100
AcDbEntity
  8
MODELSKETCH_VISIBLE
100
AcDbLine
 10
-29.74909770657164
 20
76.8972836961058
 30
0.0
 11
-29.74909770657164
 21
76.74018734193913
 31
0.0
  0
SPLINE
  5
100008A5
102
{ACAD_XDICTIONARY
360
100008A6
102
}
330
1F
100
AcDbEntity
  8
MODELSKETCH_VISIBLE
100
AcDbSpline
210
0.0
220
0.0
230
1.0
 70
     8
 71
     3
 72
     8
 73
     4
 74
     0
 42
0.0000000001
 43
0.00000001
 40
4.0
 40
4.0
 40
4.0
 40
4.0
 40
5.0
 40
5.0
 40
5.0
 40
5.0
 10
-29.58821174737038
 20
77.04438927336274
 30
0.0
 10
-29.69018657375914
 20
77.04438927336274
 30
0.0
 10
-29.74909770657164
 20
76.99546891745997
 30
0.0
 10
-29.74909770657164
 20
76.8972836961058
 30
0.0
  0
LINE
  5
100008A9
102
{ACAD_XDICTIONARY
360
100008AA
102
}
330
1F
100
AcDbEntity
  8
MODELSKETCH_VISIBLE
100
AcDbLine
 10
-28.29078878730073
 20
77.04438927336275
 30
0.0
 11
-29.58821174737038
 21
77.04438927336275
 31
0.0
  0
SPLINE
  5
100008AD
102
{ACAD_XDICTIONARY
360
100008AE
102
}
330
1F
100
AcDbEntity
  8
MODELSKETCH_VISIBLE
100
AcDbSpline
210
0.0
220
0.0
230
1.0
 70
     8
 71
     3
 72
     8
 73
     4
 74
     0
 42
0.0000000001
 43
0.00000001
 40
2.0
 40
2.0
 40
2.0
 40
2.0
 40
3.0
 40
3.0
 40
3.0
 40
3.0
 10
-28.12990282809946
 20
77.19149485061966
 30
0.0
 10
-28.12990282809946
 20
77.09847727249466
 30
0.0
 10
-28.18364631768259
 20
77.04438927336274
 30
0.0
 10
-28.29078878730072
 20
77.04438927336274
 30
0.0
  0
LINE
  5
100008B1
102
{ACAD_XDICTIONARY
360
100008B2
102
}
330
1F
100
AcDbEntity
  8
MODELSKETCH_VISIBLE
100
AcDbLine
 10
-28.12990282809947
 20
77.74064307110584
 30
0.0
 11
-28.12990282809947
 21
77.19149485061969
 31
0.0
  0
SPLINE
  5
100008B5
102
{ACAD_XDICTIONARY
360
100008B6
102
}
330
1F
100
AcDbEntity
  8
MODELSKETCH_VISIBLE
100
AcDbSpline
210
0.0
220
0.0
230
1.0
 70
     8
 71
     3
 72
     8
 73
     4
 74
     0
 42
0.0000000001
 43
0.00000001
 40
0.0
 40
0.0
 40
0.0
 40
0.0
 40
1.0
 40
1.0
 40
1.0
 40
1.0
 10
-28.29078878730072
 20
77.88774864836273
 30
0.0
 10
-28.18364631768262
 20
77.88774864836273
 30
0.0
 10
-28.12990282809947
 20
77.83882829245997
 30
0.0
 10
-28.12990282809947
 20
77.74064307110581
 30
0.0
  0
LINE
  5
100008B9
102
{ACAD_XDICTIONARY
360
100008BA
102
}
330
1F
100
AcDbEntity
  8
MODELSKETCH_VISIBLE
100
AcDbLine
 10
-31.62598572740506
 20
75.68598812318913
 30
0.0
 11
-31.05754497219665
 21
74.71998334888357
 31
0.0
  0
SPLINE
  5
100008BD
102
{ACAD_XDICTIONARY
360
100008BE
102
}
330
1F
100
AcDbEntity
  8
MODELSKETCH_VISIBLE
100
AcDbSpline
210
0.0
220
0.0
230
1.0
 70
     8
 71
     3
 72
     8
 73
     4
 74
     0
 42
0.0000000001
 43
0.00000001
 40
16.0
 40
16.0
 40
16.0
 40
16.0
 40
17.0
 40
17.0
 40
17.0
 40
17.0
 10
-31.60979377862011
 20
75.74972238968216
 30
0.0
 10
-31.63149788018261
 20
75.73490847909193
 30
0.0
 10
-31.63666552341197
 20
75.7104483011405
 30
0.0
 10
-31.62598572740505
 20
75.68598812318913
 30
0.0
  0
SPLINE
  5
100008C1
102
{ACAD_XDICTIONARY
360
100008C2
102
}
330
1F
100
AcDbEntity
  8
MODELSKETCH_VISIBLE
100
AcDbSpline
210
0.0
220
0.0
230
1.0
 70
     8
 71
     3
 72
    11
 73
     7
 74
     0
 42
0.0000000001
 43
0.00000001
 40
14.0
 40
14.0
 40
14.0
 40
14.0
 40
15.0
 40
15.0
 40
15.0
 40
16.0
 40
16.0
 40
16.0
 40
16.0
 10
-32.54272563625915
 20
77.88774864836273
 30
0.0
 10
-31.58843418660637
 20
77.88774864836273
 30
0.0
 10
-31.20258349216198
 20
77.51533382631412
 30
0.0
 10
-31.20258349216198
 20
76.71090403030716
 30
0.0
 10
-31.20258349216197
 20
76.25477338794607
 30
0.0
 10
-31.32591791056476
 20
75.93610205548082
 30
0.0
 10
-31.60979377862011
 20
75.74972238968216
 30
0.0
  0
LINE
  5
100008C5
102
{ACAD_XDICTIONARY
360
100008C6
102
}
330
1F
100
AcDbEntity
  8
MODELSKETCH_VISIBLE
100
AcDbLine
 10
-33.71681417792573
 20
77.88774864836273
 30
0.0
 11
-32.54272563625914
 21
77.88774864836273
 31
0.0
  0
SPLINE
  5
100008C9
102
{ACAD_XDICTIONARY
360
100008CA
102
}
330
1F
100
AcDbEntity
  8
MODELSKETCH_VISIBLE
100
AcDbSpline
210
0.0
220
0.0
230
1.0
 70
     8
 71
     3
 72
     8
 73
     4
 74
     0
 42
0.0000000001
 43
0.00000001
 40
12.0
 40
12.0
 40
12.0
 40
12.0
 40
13.0
 40
13.0
 40
13.0
 40
13.0
 10
-33.88321228990505
 20
77.73581993742523
 30
0.0
 10
-33.88321228990505
 20
77.82401438186966
 30
0.0
 10
-33.81362136108544
 20
77.88774864836273
 30
0.0
 10
-33.71681417792573
 20
77.88774864836273
 30
0.0
  0
LINE
  5
100008CD
102
{ACAD_XDICTIONARY
360
100008CE
102
}
330
1F
100
AcDbEntity
  8
MODELSKETCH_VISIBLE
100
AcDbLine
 10
-33.88321228990505
 20
74.60732872648774
 30
0.0
 11
-33.88321228990505
 21
77.73581993742523
 31
0.0
  0
SPLINE
  5
100008D1
102
{ACAD_XDICTIONARY
360
100008D2
102
}
330
1F
100
AcDbEntity
  8
MODELSKETCH_VISIBLE
100
AcDbSpline
210
0.0
220
0.0
230
1.0
 70
     8
 71
     3
 72
     8
 73
     4
 74
     0
 42
0.0000000001
 43
0.00000001
 40
10.0
 40
10.0
 40
10.0
 40
10.0
 40
11.0
 40
11.0
 40
11.0
 40
11.0
 10
-33.71681417792573
 20
74.45505550600163
 30
0.0
 10
-33.81362136108544
 20
74.45505550600163
 30
0.0
 10
-33.88321228990505
 20
74.51878977249466
 30
0.0
 10
-33.88321228990505
 20
74.60732872648774
 30
0.0
  0
LINE
  5
100008D5
102
{ACAD_XDICTIONARY
360
100008D6
102
}
330
1F
100
AcDbEntity
  8
MODELSKETCH_VISIBLE
100
AcDbLine
 10
-33.11633403469664
 20
74.45505550600163
 30
0.0
 11
-33.71681417792573
 21
74.45505550600163
 31
0.0
  0
SPLINE
  5
100008D9
102
{ACAD_XDICTIONARY
360
100008DA
102
}
330
1F
100
AcDbEntity
  8
MODELSKETCH_VISIBLE
100
AcDbSpline
210
0.0
220
0.0
230
1.0
 70
     8
 71
     3
 72
     8
 73
     4
 74
     0
 42
0.0000000001
 43
0.00000001
 40
8.0
 40
8.0
 40
8.0
 40
8.0
 40
9.0
 40
9.0
 40
9.0
 40
9.0
 10
-32.95028043226602
 20
74.60732872648774
 30
0.0
 10
-32.95028043226602
 20
74.51878977249466
 30
0.0
 10
-33.01987136108544
 20
74.45505550600163
 30
0.0
 10
-33.11633403469664
 20
74.45505550600163
 30
0.0
  0
LINE
  5
100008DD
102
{ACAD_XDICTIONARY
360
100008DE
102
}
330
1F
100
AcDbEntity
  8
MODELSKETCH_VISIBLE
100
AcDbLine
 10
-32.95028043226602
 20
75.38213070131414
 30
0.0
 11
-32.95028043226602
 21
74.60732872648774
 31
0.0
  0
SPLINE
  5
100008E1
102
{ACAD_XDICTIONARY
360
100008E2
102
}
330
1F
100
AcDbEntity
  8
MODELSKETCH_VISIBLE
100
AcDbSpline
210
0.0
220
0.0
230
1.0
 70
     8
 71
     3
 72
     8
 73
     4
 74
     0
 42
0.0000000001
 43
0.00000001
 40
6.0
 40
6.0
 40
6.0
 40
6.0
 40
7.0
 40
7.0
 40
7.0
 40
7.0
 10
-32.78422682983567
 20
75.53405941225164
 30
0.0
 10
-32.88068950344664
 20
75.53405941225164
 30
0.0
 10
-32.95028043226602
 20
75.47032514575858
 30
0.0
 10
-32.95028043226602
 20
75.38213070131414
 30
0.0
  0
LINE
  5
100008E5
102
{ACAD_XDICTIONARY
360
100008E6
102
}
330
1F
100
AcDbEntity
  8
MODELSKETCH_VISIBLE
100
AcDbLine
 10
-32.56959738105073
 20
75.53405941225164
 30
0.0
 11
-32.78422682983567
 21
75.53405941225164
 31
0.0
  0
SPLINE
  5
100008E9
102
{ACAD_XDICTIONARY
360
100008EA
102
}
330
1F
100
AcDbEntity
  8
MODELSKETCH_VISIBLE
100
AcDbSpline
210
0.0
220
0.0
230
1.0
 70
     8
 71
     3
 72
     8
 73
     4
 74
     0
 42
0.0000000001
 43
0.00000001
 40
4.0
 40
4.0
 40
4.0
 40
4.0
 40
5.0
 40
5.0
 40
5.0
 40
5.0
 10
-32.52687819702294
 20
75.50959923430023
 30
0.0
 10
-32.53755799303004
 20
75.52406863534192
 30
0.0
 10
-32.55340543226602
 20
75.53405941225164
 30
0.0
 10
-32.56959738105073
 20
75.53405941225164
 30
0.0
  0
LINE
  5
100008ED
102
{ACAD_XDICTIONARY
360
100008EE
102
}
330
1F
100
AcDbEntity
  8
MODELSKETCH_VISIBLE
100
AcDbLine
 10
-31.96911723782164
 20
74.52395741572384
 30
0.0
 11
-32.52687819702292
 21
75.50959923430023
 31
0.0
  0
SPLINE
  5
100008F1
102
{ACAD_XDICTIONARY
360
100008F2
102
}
330
1F
100
AcDbEntity
  8
MODELSKETCH_VISIBLE
100
AcDbSpline
210
0.0
220
0.0
230
1.0
 70
     8
 71
     3
 72
     8
 73
     4
 74
     0
 42
0.0000000001
 43
0.00000001
 40
2.0
 40
2.0
 40
2.0
 40
2.0
 40
3.0
 40
3.0
 40
3.0
 40
3.0
 10
-31.84578281941885
 20
74.45505550600164
 30
0.0
 10
-31.89952630900226
 20
74.45505550600164
 30
0.0
 10
-31.94775764580788
 20
74.47951568395301
 30
0.0
 10
-31.96911723782165
 20
74.52395741572386
 30
0.0
  0
LINE
  5
100008F5
102
{ACAD_XDICTIONARY
360
100008F6
102
}
330
1F
100
AcDbEntity
  8
MODELSKETCH_VISIBLE
100
AcDbLine
 10
-31.2346228801829
 20
74.45505550600166
 30
0.0
 11
-31.84578281941886
 21
74.45505550600166
 31
0.0
  0
SPLINE
  5
100008F9
102
{ACAD_XDICTIONARY
360
100008FA
102
}
330
1F
100
AcDbEntity
  8
MODELSKETCH_VISIBLE
100
AcDbSpline
210
0.0
220
0.0
230
1.0
 70
     8
 71
     3
 72
     8
 73
     4
 74
     0
 42
0.0000000001
 43
0.00000001
 40
0.0
 40
0.0
 40
0.0
 40
0.0
 40
1.0
 40
1.0
 40
1.0
 40
1.0
 10
-31.05754497219664
 20
74.71998334888357
 30
0.0
 10
-30.98278640014794
 20
74.59251481589749
 30
0.0
 10
-31.06856927775226
 20
74.45505550600166
 30
0.0
 10
-31.23462288018288
 20
74.45505550600166
 30
0.0
  0
LINE
  5
100008FD
102
{ACAD_XDICTIONARY
360
100008FE
102
}
330
1F
100
AcDbEntity
  8
MODELSKETCH_VISIBLE
100
AcDbLine
 10
-32.51068624823823
 20
77.04438927336274
 30
0.0
 11
-32.78422682983567
 21
77.04438927336274
 31
0.0
  0
SPLINE
  5
10000901
102
{ACAD_XDICTIONARY
360
10000902
102
}
330
1F
100
AcDbEntity
  8
MODELSKETCH_VISIBLE
100
AcDbSpline
210
0.0
220
0.0
230
1.0
 70
     8
 71
     3
 72
    11
 73
     7
 74
     0
 42
0.0000000001
 43
0.00000001
 40
4.0
 40
4.0
 40
4.0
 40
4.0
 40
5.0
 40
5.0
 40
5.0
 40
6.0
 40
6.0
 40
6.0
 40
6.0
 10
-32.51068624823823
 20
76.37741878725163
 30
0.0
 10
-32.25333761542573
 20
76.37741878725163
 30
0.0
 10
-32.12449104424511
 20
76.40704660843215
 30
0.0
 10
-32.12449104424511
 20
76.71090403030716
 30
0.0
 10
-32.12449104424511
 20
77.01510596173081
 30
0.0
 10
-32.25333761542573
 20
77.04438927336274
 30
0.0
 10
-32.51068624823823
 20
77.04438927336274
 30
0.0
  0
LINE
  5
10000905
102
{ACAD_XDICTIONARY
360
10000906
102
}
330
1F
100
AcDbEntity
  8
MODELSKETCH_VISIBLE
100
AcDbLine
 10
-32.64745653903695
 20
76.37741878725163
 30
0.0
 11
-32.51068624823823
 21
76.37741878725163
 31
0.0
  0
LINE
  5
10000909
102
{ACAD_XDICTIONARY
360
1000090A
102
}
330
1F
100
AcDbEntity
  8
MODELSKETCH_VISIBLE
100
AcDbLine
 10
-32.78422682983567
 20
76.37741878725163
 30
0.0
 11
-32.64745653903695
 21
76.37741878725163
 31
0.0
  0
SPLINE
  5
1000090D
102
{ACAD_XDICTIONARY
360
1000090E
102
}
330
1F
100
AcDbEntity
  8
MODELSKETCH_VISIBLE
100
AcDbSpline
210
0.0
220
0.0
230
1.0
 70
     8
 71
     3
 72
     8
 73
     4
 74
     0
 42
0.0000000001
 43
0.00000001
 40
2.0
 40
2.0
 40
2.0
 40
2.0
 40
3.0
 40
3.0
 40
3.0
 40
3.0
 10
-32.95028043226603
 20
76.52934749818914
 30
0.0
 10
-32.95028043226603
 20
76.44115305374467
 30
0.0
 10
-32.88068950344665
 20
76.37741878725164
 30
0.0
 10
-32.78422682983569
 20
76.37741878725164
 30
0.0
  0
LINE
  5
10000911
102
{ACAD_XDICTIONARY
360
10000912
102
}
330
1F
100
AcDbEntity
  8
MODELSKETCH_VISIBLE
100
AcDbLine
 10
-32.95028043226602
 20
76.89246056242526
 30
0.0
 11
-32.95028043226602
 21
76.52934749818914
 31
0.0
  0
SPLINE
  5
10000915
102
{ACAD_XDICTIONARY
360
10000916
102
}
330
1F
100
AcDbEntity
  8
MODELSKETCH_VISIBLE
100
AcDbSpline
210
0.0
220
0.0
230
1.0
 70
     8
 71
     3
 72
     8
 73
     4
 74
     0
 42
0.0000000001
 43
0.00000001
 40
0.0
 40
0.0
 40
0.0
 40
0.0
 40
1.0
 40
1.0
 40
1.0
 40
1.0
 10
-32.78422682983567
 20
77.04438927336274
 30
0.0
 10
-32.88068950344664
 20
77.04438927336274
 30
0.0
 10
-32.95028043226602
 20
76.98065500686965
 30
0.0
 10
-32.95028043226602
 20
76.89246056242524
 30
0.0
  0
LINE
  5
10000919
102
{ACAD_XDICTIONARY
360
1000091A
102
}
330
1F
100
AcDbEntity
  8
MODELSKETCH_VISIBLE
100
AcDbLine
 10
-55.67534644275441
 20
75.88154887595516
 30
0.0
 11
-55.10690568754622
 21
74.91537184687533
 31
0.0
  0
SPLINE
  5
1000091D
102
{ACAD_XDICTIONARY
360
1000091E
102
}
330
1F
100
AcDbEntity
  8
MODELSKETCH_VISIBLE
100
AcDbSpline
210
0.0
220
0.0
230
1.0
 70
     8
 71
     3
 72
     8
 73
     4
 74
     0
 42
0.0000000001
 43
0.00000001
 40
16.0
 40
16.0
 40
16.0
 40
16.0
 40
17.0
 40
17.0
 40
17.0
 40
17.0
 10
-55.6591544939697
 20
75.94528314244819
 30
0.0
 10
-55.6808585955322
 20
75.93046923185796
 30
0.0
 10
-55.68602623876129
 20
75.90600905390656
 30
0.0
 10
-55.67534644275441
 20
75.88154887595516
 30
0.0
  0
SPLINE
  5
10000921
102
{ACAD_XDICTIONARY
360
10000922
102
}
330
1F
100
AcDbEntity
  8
MODELSKETCH_VISIBLE
100
AcDbSpline
210
0.0
220
0.0
230
1.0
 70
     8
 71
     3
 72
    11
 73
     7
 74
     0
 42
0.0000000001
 43
0.00000001
 40
14.0
 40
14.0
 40
14.0
 40
14.0
 40
15.0
 40
15.0
 40
15.0
 40
16.0
 40
16.0
 40
16.0
 40
16.0
 10
-56.59208635160873
 20
78.08330940112874
 30
0.0
 10
-55.63779490195594
 20
78.08330940112874
 30
0.0
 10
-55.25194420751129
 20
77.71072232430582
 30
0.0
 10
-55.25194420751129
 20
76.90646478307318
 30
0.0
 10
-55.25194420751129
 20
76.45033414071206
 30
0.0
 10
-55.37527862591413
 20
76.13166280824682
 30
0.0
 10
-55.6591544939697
 20
75.94528314244816
 30
0.0
  0
LINE
  5
10000925
102
{ACAD_XDICTIONARY
360
10000926
102
}
330
1F
100
AcDbEntity
  8
MODELSKETCH_VISIBLE
100
AcDbLine
 10
-57.76617489327532
 20
78.08330940112876
 30
0.0
 11
-56.59208635160873
 21
78.08330940112876
 31
0.0
  0
SPLINE
  5
10000929
102
{ACAD_XDICTIONARY
360
1000092A
102
}
330
1F
100
AcDbEntity
  8
MODELSKETCH_VISIBLE
100
AcDbSpline
210
0.0
220
0.0
230
1.0
 70
     8
 71
     3
 72
     8
 73
     4
 74
     0
 42
0.0000000001
 43
0.00000001
 40
12.0
 40
12.0
 40
12.0
 40
12.0
 40
13.0
 40
13.0
 40
13.0
 40
13.0
 10
-57.93257300525441
 20
77.93138069019126
 30
0.0
 10
-57.93257300525441
 20
78.01957513463569
 30
0.0
 10
-57.86298207643503
 20
78.08330940112876
 30
0.0
 10
-57.76617489327532
 20
78.08330940112876
 30
0.0
  0
LINE
  5
1000092D
102
{ACAD_XDICTIONARY
360
1000092E
102
}
330
1F
100
AcDbEntity
  8
MODELSKETCH_VISIBLE
100
AcDbLine
 10
-57.93257300525441
 20
74.80271722447942
 30
0.0
 11
-57.93257300525442
 21
77.93138069019123
 31
0.0
  0
SPLINE
  5
10000931
102
{ACAD_XDICTIONARY
360
10000932
102
}
330
1F
100
AcDbEntity
  8
MODELSKETCH_VISIBLE
100
AcDbSpline
210
0.0
220
0.0
230
1.0
 70
     8
 71
     3
 72
     8
 73
     4
 74
     0
 42
0.0000000001
 43
0.00000001
 40
10.0
 40
10.0
 40
10.0
 40
10.0
 40
11.0
 40
11.0
 40
11.0
 40
11.0
 10
-57.76617489327533
 20
74.65061625876766
 30
0.0
 10
-57.86298207643504
 20
74.65061625876766
 30
0.0
 10
-57.93257300525442
 20
74.71435052526068
 30
0.0
 10
-57.93257300525442
 20
74.80271722447942
 30
0.0
  0
CIRCLE
  5
10000935
102
{ACAD_XDICTIONARY
360
10000936
102
}
330
1F
100
AcDbEntity
  8
MODELSKETCH_VISIBLE
100
AcDbCircle
 10
-25.59657265662007
 20
85.53438948467563
 30
0.0
 40
3.175
  0
LINE
  5
10000939
102
{ACAD_XDICTIONARY
360
1000093A
102
}
330
1F
100
AcDbEntity
  8
MODELSKETCH_VISIBLE
100
AcDbLine
 10
-57.16569475004623
 20
74.65061625876766
 30
0.0
 11
-57.76617489327532
 21
74.65061625876766
 31
0.0
  0
SPLINE
  5
1000093D
102
{ACAD_XDICTIONARY
360
1000093E
102
}
330
1F
100
AcDbEntity
  8
MODELSKETCH_VISIBLE
100
AcDbSpline
210
0.0
220
0.0
230
1.0
 70
     8
 71
     3
 72
     8
 73
     4
 74
     0
 42
0.0000000001
 43
0.00000001
 40
8.0
 40
8.0
 40
8.0
 40
8.0
 40
9.0
 40
9.0
 40
9.0
 40
9.0
 10
-56.99964114761566
 20
74.80271722447942
 30
0.0
 10
-56.99964114761566
 20
74.71435052526067
 30
0.0
 10
-57.06923207643503
 20
74.65061625876766
 30
0.0
 10
-57.16569475004623
 20
74.65061625876766
 30
0.0
  0
LINE
  5
10000941
102
{ACAD_XDICTIONARY
360
10000942
102
}
330
1F
100
AcDbEntity
  8
MODELSKETCH_VISIBLE
100
AcDbLine
 10
-56.99964114761566
 20
75.57751919930583
 30
0.0
 11
-56.99964114761566
 21
74.80271722447944
 31
0.0
  0
SPLINE
  5
10000945
102
{ACAD_XDICTIONARY
360
10000946
102
}
330
1F
100
AcDbEntity
  8
MODELSKETCH_VISIBLE
100
AcDbSpline
210
0.0
220
0.0
230
1.0
 70
     8
 71
     3
 72
     8
 73
     4
 74
     0
 42
0.0000000001
 43
0.00000001
 40
6.0
 40
6.0
 40
6.0
 40
6.0
 40
7.0
 40
7.0
 40
7.0
 40
7.0
 10
-56.83358754518503
 20
75.72944791024334
 30
0.0
 10
-56.93005021879623
 20
75.72944791024334
 30
0.0
 10
-56.99964114761566
 20
75.6657136437503
 30
0.0
 10
-56.99964114761566
 20
75.57751919930583
 30
0.0
  0
LINE
  5
10000949
102
{ACAD_XDICTIONARY
360
1000094A
102
}
330
1F
100
AcDbEntity
  8
MODELSKETCH_VISIBLE
100
AcDbLine
 10
-56.61895809640032
 20
75.72944791024334
 30
0.0
 11
-56.83358754518503
 21
75.72944791024334
 31
0.0
  0
SPLINE
  5
1000094D
102
{ACAD_XDICTIONARY
360
1000094E
102
}
330
1F
100
AcDbEntity
  8
MODELSKETCH_VISIBLE
100
AcDbSpline
210
0.0
220
0.0
230
1.0
 70
     8
 71
     3
 72
     8
 73
     4
 74
     0
 42
0.0000000001
 43
0.00000001
 40
4.0
 40
4.0
 40
4.0
 40
4.0
 40
5.0
 40
5.0
 40
5.0
 40
5.0
 10
-56.57623891237253
 20
75.70498773229193
 30
0.0
 10
-56.58691870837941
 20
75.71962938810793
 30
0.0
 10
-56.60276614761565
 20
75.72944791024332
 30
0.0
 10
-56.61895809640032
 20
75.72944791024332
 30
0.0
  0
LINE
  5
10000951
102
{ACAD_XDICTIONARY
360
10000952
102
}
330
1F
100
AcDbEntity
  8
MODELSKETCH_VISIBLE
100
AcDbLine
 10
-56.01847795317123
 20
74.7193459137156
 30
0.0
 11
-56.57623891237253
 21
75.70498773229195
 31
0.0
  0
SPLINE
  5
10000955
102
{ACAD_XDICTIONARY
360
10000956
102
}
330
1F
100
AcDbEntity
  8
MODELSKETCH_VISIBLE
100
AcDbSpline
210
0.0
220
0.0
230
1.0
 70
     8
 71
     3
 72
     8
 73
     4
 74
     0
 42
0.0000000001
 43
0.00000001
 40
2.0
 40
2.0
 40
2.0
 40
2.0
 40
3.0
 40
3.0
 40
3.0
 40
3.0
 10
-55.89514353476844
 20
74.65061625876764
 30
0.0
 10
-55.94888702435163
 20
74.65061625876764
 30
0.0
 10
-55.99711836115721
 20
74.67507643671901
 30
0.0
 10
-56.01847795317124
 20
74.71934591371556
 30
0.0
  0
LINE
  5
10000959
102
{ACAD_XDICTIONARY
360
1000095A
102
}
330
1F
100
AcDbEntity
  8
MODELSKETCH_VISIBLE
100
AcDbLine
 10
-55.28398359553221
 20
74.65061625876767
 30
0.0
 11
-55.89514353476845
 21
74.65061625876767
 31
0.0
  0
SPLINE
  5
1000095D
102
{ACAD_XDICTIONARY
360
1000095E
102
}
330
1F
100
AcDbEntity
  8
MODELSKETCH_VISIBLE
100
AcDbSpline
210
0.0
220
0.0
230
1.0
 70
     8
 71
     3
 72
     8
 73
     4
 74
     0
 42
0.0000000001
 43
0.00000001
 40
0.0
 40
0.0
 40
0.0
 40
0.0
 40
1.0
 40
1.0
 40
1.0
 40
1.0
 10
-55.10690568754622
 20
74.91537184687529
 30
0.0
 10
-55.03214711549753
 20
74.78790331388919
 30
0.0
 10
-55.11792999310163
 20
74.65061625876764
 30
0.0
 10
-55.2839835955322
 20
74.65061625876764
 30
0.0
  0
LINE
  5
10000961
102
{ACAD_XDICTIONARY
360
10000962
102
}
330
1F
100
AcDbEntity
  8
MODELSKETCH_VISIBLE
100
AcDbLine
 10
-56.56004696358782
 20
77.23977777135444
 30
0.0
 11
-56.83358754518503
 21
77.23977777135444
 31
0.0
  0
SPLINE
  5
10000965
102
{ACAD_XDICTIONARY
360
10000966
102
}
330
1F
100
AcDbEntity
  8
MODELSKETCH_VISIBLE
100
AcDbSpline
210
0.0
220
0.0
230
1.0
 70
     8
 71
     3
 72
    11
 73
     7
 74
     0
 42
0.0000000001
 43
0.00000001
 40
4.0
 40
4.0
 40
4.0
 40
4.0
 40
5.0
 40
5.0
 40
5.0
 40
6.0
 40
6.0
 40
6.0
 40
6.0
 10
-56.56004696358782
 20
76.57297954001767
 30
0.0
 10
-56.30269833077532
 20
76.57297954001767
 30
0.0
 10
-56.1738517595947
 20
76.60243510642391
 30
0.0
 10
-56.1738517595947
 20
76.90646478307319
 30
0.0
 10
-56.1738517595947
 20
77.21049445972251
 30
0.0
 10
-56.30269833077532
 20
77.23977777135445
 30
0.0
 10
-56.56004696358782
 20
77.23977777135445
 30
0.0
  0
LINE
  5
10000969
102
{ACAD_XDICTIONARY
360
1000096A
102
}
330
1F
100
AcDbEntity
  8
MODELSKETCH_VISIBLE
100
AcDbLine
 10
-56.69681725438642
 20
76.57297954001766
 30
0.0
 11
-56.56004696358782
 21
76.57297954001766
 31
0.0
  0
LINE
  5
1000096D
102
{ACAD_XDICTIONARY
360
1000096E
102
}
330
1F
100
AcDbEntity
  8
MODELSKETCH_VISIBLE
100
AcDbLine
 10
-56.83358754518503
 20
76.57297954001766
 30
0.0
 11
-56.69681725438642
 21
76.57297954001766
 31
0.0
  0
SPLINE
  5
10000971
102
{ACAD_XDICTIONARY
360
10000972
102
}
330
1F
100
AcDbEntity
  8
MODELSKETCH_VISIBLE
100
AcDbSpline
210
0.0
220
0.0
230
1.0
 70
     8
 71
     3
 72
     8
 73
     4
 74
     0
 42
0.0000000001
 43
0.00000001
 40
2.0
 40
2.0
 40
2.0
 40
2.0
 40
3.0
 40
3.0
 40
3.0
 40
3.0
 10
-56.99964114761566
 20
76.72490825095512
 30
0.0
 10
-56.99964114761566
 20
76.63671380651066
 30
0.0
 10
-56.93005021879623
 20
76.57297954001763
 30
0.0
 10
-56.83358754518503
 20
76.57297954001763
 30
0.0
  0
LINE
  5
10000975
102
{ACAD_XDICTIONARY
360
10000976
102
}
330
1F
100
AcDbEntity
  8
MODELSKETCH_VISIBLE
100
AcDbLine
 10
-56.99964114761566
 20
77.08784906041693
 30
0.0
 11
-56.99964114761566
 21
76.72490825095515
 31
0.0
  0
SPLINE
  5
10000979
102
{ACAD_XDICTIONARY
360
1000097A
102
}
330
1F
100
AcDbEntity
  8
MODELSKETCH_VISIBLE
100
AcDbSpline
210
0.0
220
0.0
230
1.0
 70
     8
 71
     3
 72
     8
 73
     4
 74
     0
 42
0.0000000001
 43
0.00000001
 40
0.0
 40
0.0
 40
0.0
 40
0.0
 40
1.0
 40
1.0
 40
1.0
 40
1.0
 10
-56.83358754518503
 20
77.23977777135444
 30
0.0
 10
-56.93005021879623
 20
77.23977777135444
 30
0.0
 10
-56.99964114761566
 20
77.1760435048614
 30
0.0
 10
-56.99964114761566
 20
77.08784906041693
 30
0.0
  0
LINE
  5
1000097D
102
{ACAD_XDICTIONARY
360
1000097E
102
}
330
1F
100
AcDbEntity
  8
MODELSKETCH_VISIBLE
100
AcDbLine
 10
-60.75824032296281
 20
78.08330940112876
 30
0.0
 11
-58.50652591324065
 21
78.08330940112876
 31
0.0
  0
SPLINE
  5
10000981
102
{ACAD_XDICTIONARY
360
10000982
102
}
330
1F
100
AcDbEntity
  8
MODELSKETCH_VISIBLE
100
AcDbSpline
210
0.0
220
0.0
230
1.0
 70
     8
 71
     3
 72
     8
 73
     4
 74
     0
 42
0.0000000001
 43
0.00000001
 40
22.0
 40
22.0
 40
22.0
 40
22.0
 40
23.0
 40
23.0
 40
23.0
 40
23.0
 10
-60.91912628216435
 20
77.93620382387184
 30
0.0
 10
-60.91912628216435
 20
78.0342167904517
 30
0.0
 10
-60.86021514935162
 20
78.08330940112876
 30
0.0
 10
-60.75824032296281
 20
78.08330940112876
 30
0.0
  0
LINE
  5
10000985
102
{ACAD_XDICTIONARY
360
10000986
102
}
330
1F
100
AcDbEntity
  8
MODELSKETCH_VISIBLE
100
AcDbLine
 10
-60.91912628216435
 20
74.79772183602456
 30
0.0
 11
-60.91912628216435
 21
77.93620382387181
 31
0.0
  0
SPLINE
  5
10000989
102
{ACAD_XDICTIONARY
360
1000098A
102
}
330
1F
100
AcDbEntity
  8
MODELSKETCH_VISIBLE
100
AcDbSpline
210
0.0
220
0.0
230
1.0
 70
     8
 71
     3
 72
     8
 73
     4
 74
     0
 42
0.0000000001
 43
0.00000001
 40
20.0
 40
20.0
 40
20.0
 40
20.0
 40
21.0
 40
21.0
 40
21.0
 40
21.0
 10
-60.75824032296281
 20
74.65061625876766
 30
0.0
 10
-60.86021514935162
 20
74.65061625876766
 30
0.0
 10
-60.91912628216435
 20
74.7045320031253
 30
0.0
 10
-60.91912628216435
 20
74.79772183602456
 30
0.0
  0
LINE
  5
1000098D
102
{ACAD_XDICTIONARY
360
1000098E
102
}
330
1F
100
AcDbEntity
  8
MODELSKETCH_VISIBLE
100
AcDbLine
 10
-58.50652591324065
 20
74.65061625876766
 30
0.0
 11
-60.75824032296281
 21
74.65061625876766
 31
0.0
  0
SPLINE
  5
10000991
102
{ACAD_XDICTIONARY
360
10000992
102
}
330
1F
100
AcDbEntity
  8
MODELSKETCH_VISIBLE
100
AcDbSpline
210
0.0
220
0.0
230
1.0
 70
     8
 71
     3
 72
     8
 73
     4
 74
     0
 42
0.0000000001
 43
0.00000001
 40
18.0
 40
18.0
 40
18.0
 40
18.0
 40
19.0
 40
19.0
 40
19.0
 40
19.0
 10
-58.34563995403935
 20
74.79772183602456
 30
0.0
 10
-58.34563995403935
 20
74.69970886944472
 30
0.0
 10
-58.39938344362253
 20
74.65061625876766
 30
0.0
 10
-58.50652591324065
 20
74.65061625876766
 30
0.0
  0
LINE
  5
10000995
102
{ACAD_XDICTIONARY
360
10000996
102
}
330
1F
100
AcDbEntity
  8
MODELSKETCH_VISIBLE
100
AcDbLine
 10
-58.34563995403935
 20
75.347042311285
 30
0.0
 11
-58.34563995403935
 21
74.79772183602456
 31
0.0
  0
SPLINE
  5
10000999
102
{ACAD_XDICTIONARY
360
1000099A
102
}
330
1F
100
AcDbEntity
  8
MODELSKETCH_VISIBLE
100
AcDbSpline
210
0.0
220
0.0
230
1.0
 70
     8
 71
     3
 72
     8
 73
     4
 74
     0
 42
0.0000000001
 43
0.00000001
 40
16.0
 40
16.0
 40
16.0
 40
16.0
 40
17.0
 40
17.0
 40
17.0
 40
17.0
 10
-58.50652591324065
 20
75.49414788854192
 30
0.0
 10
-58.39938344362253
 20
75.49414788854192
 30
0.0
 10
-58.34563995403935
 20
75.44505527786485
 30
0.0
 10
-58.34563995403935
 20
75.347042311285
 30
0.0
  0
LINE
  5
1000099D
102
{ACAD_XDICTIONARY
360
1000099E
102
}
330
1F
100
AcDbEntity
  8
MODELSKETCH_VISIBLE
100
AcDbLine
 10
-59.80394887331003
 20
75.49414788854192
 30
0.0
 11
-58.50652591324065
 21
75.49414788854192
 31
0.0
  0
SPLINE
  5
100009A1
102
{ACAD_XDICTIONARY
360
100009A2
102
}
330
1F
100
AcDbEntity
  8
MODELSKETCH_VISIBLE
100
AcDbSpline
210
0.0
220
0.0
230
1.0
 70
     8
 71
     3
 72
     8
 73
     4
 74
     0
 42
0.0000000001
 43
0.00000001
 40
14.0
 40
14.0
 40
14.0
 40
14.0
 40
15.0
 40
15.0
 40
15.0
 40
15.0
 10
-59.96483483251129
 20
75.6412534657989
 30
0.0
 10
-59.96483483251129
 20
75.54806363289957
 30
0.0
 10
-59.90592369969879
 20
75.49414788854192
 30
0.0
 10
-59.80394887331003
 20
75.49414788854192
 30
0.0
  0
LINE
  5
100009A5
102
{ACAD_XDICTIONARY
360
100009A6
102
}
330
1F
100
AcDbEntity
  8
MODELSKETCH_VISIBLE
100
AcDbLine
 10
-59.96483483251129
 20
75.79817756519125
 30
0.0
 11
-59.96483483251129
 21
75.6412534657989
 31
0.0
  0
SPLINE
  5
100009A9
102
{ACAD_XDICTIONARY
360
100009AA
102
}
330
1F
100
AcDbEntity
  8
MODELSKETCH_VISIBLE
100
AcDbSpline
210
0.0
220
0.0
230
1.0
 70
     8
 71
     3
 72
     8
 73
     4
 74
     0
 42
0.0000000001
 43
0.00000001
 40
12.0
 40
12.0
 40
12.0
 40
12.0
 40
13.0
 40
13.0
 40
13.0
 40
13.0
 10
-59.80394887331003
 20
75.94528314244819
 30
0.0
 10
-59.90592369969879
 20
75.94528314244819
 30
0.0
 10
-59.96483483251129
 20
75.89619053177111
 30
0.0
 10
-59.96483483251129
 20
75.79817756519127
 30
0.0
  0
LINE
  5
100009AD
102
{ACAD_XDICTIONARY
360
100009AE
102
}
330
1F
100
AcDbEntity
  8
MODELSKETCH_VISIBLE
100
AcDbLine
 10
-58.97299184206003
 20
75.94528314244819
 30
0.0
 11
-59.80394887331003
 21
75.9452831424482
 31
0.0
  0
SPLINE
  5
100009B1
102
{ACAD_XDICTIONARY
360
100009B2
102
}
330
1F
100
AcDbEntity
  8
MODELSKETCH_VISIBLE
100
AcDbSpline
210
0.0
220
0.0
230
1.0
 70
     8
 71
     3
 72
     8
 73
     4
 74
     0
 42
0.0000000001
 43
0.00000001
 40
10.0
 40
10.0
 40
10.0
 40
10.0
 40
11.0
 40
11.0
 40
11.0
 40
11.0
 10
-58.81210588285872
 20
76.09238871970514
 30
0.0
 10
-58.81210588285872
 20
75.99919888680581
 30
0.0
 10
-58.86550486289345
 20
75.94528314244816
 30
0.0
 10
-58.97299184206003
 20
75.94528314244816
 30
0.0
  0
LINE
  5
100009B5
102
{ACAD_XDICTIONARY
360
100009B6
102
}
330
1F
100
AcDbEntity
  8
MODELSKETCH_VISIBLE
100
AcDbLine
 10
-58.81210588285872
 20
76.64153694019127
 30
0.0
 11
-58.81210588285872
 21
76.09238871970516
 31
0.0
  0
SPLINE
  5
100009B9
102
{ACAD_XDICTIONARY
360
100009BA
102
}
330
1F
100
AcDbEntity
  8
MODELSKETCH_VISIBLE
100
AcDbSpline
210
0.0
220
0.0
230
1.0
 70
     8
 71
     3
 72
     8
 73
     4
 74
     0
 42
0.0000000001
 43
0.00000001
 40
8.0
 40
8.0
 40
8.0
 40
8.0
 40
9.0
 40
9.0
 40
9.0
 40
9.0
 10
-58.97299184206003
 20
76.78864251744818
 30
0.0
 10
-58.86550486289345
 20
76.78864251744818
 30
0.0
 10
-58.81210588285872
 20
76.73972216154544
 30
0.0
 10
-58.81210588285872
 20
76.64153694019126
 30
0.0
  0
LINE
  5
100009BD
102
{ACAD_XDICTIONARY
360
100009BE
102
}
330
1F
100
AcDbEntity
  8
MODELSKETCH_VISIBLE
100
AcDbLine
 10
-59.80394887331003
 20
76.78864251744818
 30
0.0
 11
-58.97299184206003
 21
76.78864251744818
 31
0.0
  0
SPLINE
  5
100009C1
102
{ACAD_XDICTIONARY
360
100009C2
102
}
330
1F
100
AcDbEntity
  8
MODELSKETCH_VISIBLE
100
AcDbSpline
210
0.0
220
0.0
230
1.0
 70
     8
 71
     3
 72
     8
 73
     4
 74
     0
 42
0.0000000001
 43
0.00000001
 40
6.0
 40
6.0
 40
6.0
 40
6.0
 40
7.0
 40
7.0
 40
7.0
 40
7.0
 10
-59.96483483251129
 20
76.93574809470516
 30
0.0
 10
-59.96483483251129
 20
76.84273051658015
 30
0.0
 10
-59.90592369969879
 20
76.78864251744818
 30
0.0
 10
-59.80394887331003
 20
76.78864251744818
 30
0.0
  0
LINE
  5
100009C5
102
{ACAD_XDICTIONARY
360
100009C6
102
}
330
1F
100
AcDbEntity
  8
MODELSKETCH_VISIBLE
100
AcDbLine
 10
-59.96483483251129
 20
77.09267219409752
 30
0.0
 11
-59.96483483251129
 21
76.93574809470516
 31
0.0
  0
SPLINE
  5
100009C9
102
{ACAD_XDICTIONARY
360
100009CA
102
}
330
1F
100
AcDbEntity
  8
MODELSKETCH_VISIBLE
100
AcDbSpline
210
0.0
220
0.0
230
1.0
 70
     8
 71
     3
 72
     8
 73
     4
 74
     0
 42
0.0000000001
 43
0.00000001
 40
4.0
 40
4.0
 40
4.0
 40
4.0
 40
5.0
 40
5.0
 40
5.0
 40
5.0
 10
-59.80394887331003
 20
77.23977777135444
 30
0.0
 10
-59.90592369969878
 20
77.23977777135444
 30
0.0
 10
-59.96483483251129
 20
77.19085741545167
 30
0.0
 10
-59.96483483251129
 20
77.09267219409752
 30
0.0
  0
LINE
  5
100009CD
102
{ACAD_XDICTIONARY
360
100009CE
102
}
330
1F
100
AcDbEntity
  8
MODELSKETCH_VISIBLE
100
AcDbLine
 10
-58.50652591324067
 20
77.23977777135444
 30
0.0
 11
-59.80394887331005
 21
77.23977777135444
 31
0.0
  0
SPLINE
  5
100009D1
102
{ACAD_XDICTIONARY
360
100009D2
102
}
330
1F
100
AcDbEntity
  8
MODELSKETCH_VISIBLE
100
AcDbSpline
210
0.0
220
0.0
230
1.0
 70
     8
 71
     3
 72
     8
 73
     4
 74
     0
 42
0.0000000001
 43
0.00000001
 40
2.0
 40
2.0
 40
2.0
 40
2.0
 40
3.0
 40
3.0
 40
3.0
 40
3.0
 10
-58.34563995403935
 20
77.38705560338569
 30
0.0
 10
-58.34563995403935
 20
77.2938657704864
 30
0.0
 10
-58.39938344362253
 20
77.23977777135444
 30
0.0
 10
-58.50652591324065
 20
77.23977777135444
 30
0.0
  0
LINE
  5
100009D5
102
{ACAD_XDICTIONARY
360
100009D6
102
}
330
1F
100
AcDbEntity
  8
MODELSKETCH_VISIBLE
100
AcDbLine
 10
-58.34563995403935
 20
77.9362038238718
 30
0.0
 11
-58.34563995403935
 21
77.38705560338565
 31
0.0
  0
SPLINE
  5
100009D9
102
{ACAD_XDICTIONARY
360
100009DA
102
}
330
1F
100
AcDbEntity
  8
MODELSKETCH_VISIBLE
100
AcDbSpline
210
0.0
220
0.0
230
1.0
 70
     8
 71
     3
 72
     8
 73
     4
 74
     0
 42
0.0000000001
 43
0.00000001
 40
0.0
 40
0.0
 40
0.0
 40
0.0
 40
1.0
 40
1.0
 40
1.0
 40
1.0
 10
-58.50652591324065
 20
78.08330940112876
 30
0.0
 10
-58.39938344362253
 20
78.08330940112876
 30
0.0
 10
-58.34563995403935
 20
78.0342167904517
 30
0.0
 10
-58.34563995403935
 20
77.93620382387184
 30
0.0
  0
LINE
  5
100009DD
102
{ACAD_XDICTIONARY
360
100009DE
102
}
330
1F
100
AcDbEntity
  8
MODELSKETCH_VISIBLE
100
AcDbLine
 10
-63.23560848702532
 20
74.79772183602456
 30
0.0
 11
-63.23560848702532
 21
77.09267219409749
 31
0.0
  0
SPLINE
  5
100009E1
102
{ACAD_XDICTIONARY
360
100009E2
102
}
330
1F
100
AcDbEntity
  8
MODELSKETCH_VISIBLE
100
AcDbSpline
210
0.0
220
0.0
230
1.0
 70
     8
 71
     3
 72
     8
 73
     4
 74
     0
 42
0.0000000001
 43
0.00000001
 40
14.0
 40
14.0
 40
14.0
 40
14.0
 40
15.0
 40
15.0
 40
15.0
 40
15.0
 10
-63.07472252782406
 20
74.65061625876766
 30
0.0
 10
-63.17669735421281
 20
74.65061625876766
 30
0.0
 10
-63.23560848702532
 20
74.7045320031253
 30
0.0
 10
-63.23560848702532
 20
74.79772183602456
 30
0.0
  0
LINE
  5
100009E5
102
{ACAD_XDICTIONARY
360
100009E6
102
}
330
1F
100
AcDbEntity
  8
MODELSKETCH_VISIBLE
100
AcDbLine
 10
-62.4742423845947
 20
74.65061625876766
 30
0.0
 11
-63.07472252782406
 21
74.65061625876766
 31
0.0
  0
SPLINE
  5
100009E9
102
{ACAD_XDICTIONARY
360
100009EA
102
}
330
1F
100
AcDbEntity
  8
MODELSKETCH_VISIBLE
100
AcDbSpline
210
0.0
220
0.0
230
1.0
 70
     8
 71
     3
 72
     8
 73
     4
 74
     0
 42
0.0000000001
 43
0.00000001
 40
12.0
 40
12.0
 40
12.0
 40
12.0
 40
13.0
 40
13.0
 40
13.0
 40
13.0
 10
-62.31335642539344
 20
74.79772183602456
 30
0.0
 10
-62.31335642539344
 20
74.70453200312528
 30
0.0
 10
-62.36709991497662
 20
74.65061625876766
 30
0.0
 10
-62.4742423845947
 20
74.65061625876766
 30
0.0
  0
LINE
  5
100009ED
102
{ACAD_XDICTIONARY
360
100009EE
102
}
330
1F
100
AcDbEntity
  8
MODELSKETCH_VISIBLE
100
AcDbLine
 10
-62.31335642539344
 20
77.09267219409752
 30
0.0
 11
-62.31335642539344
 21
74.79772183602458
 31
0.0
  0
SPLINE
  5
100009F1
102
{ACAD_XDICTIONARY
360
100009F2
102
}
330
1F
100
AcDbEntity
  8
MODELSKETCH_VISIBLE
100
AcDbSpline
210
0.0
220
0.0
230
1.0
 70
     8
 71
     3
 72
     8
 73
     4
 74
     0
 42
0.0000000001
 43
0.00000001
 40
10.0
 40
10.0
 40
10.0
 40
10.0
 40
11.0
 40
11.0
 40
11.0
 40
11.0
 10
-62.15247046619192
 20
77.23977777135444
 30
0.0
 10
-62.25444529258097
 20
77.23977777135444
 30
0.0
 10
-62.31335642539346
 20
77.19085741545169
 30
0.0
 10
-62.31335642539346
 20
77.09267219409752
 30
0.0
  0
LINE
  5
100009F5
102
{ACAD_XDICTIONARY
360
100009F6
102
}
330
1F
100
AcDbEntity
  8
MODELSKETCH_VISIBLE
100
AcDbLine
 10
-61.40212866931691
 20
77.23977777135444
 30
0.0
 11
-62.15247046619192
 21
77.23977777135444
 31
0.0
  0
SPLINE
  5
100009F9
102
{ACAD_XDICTIONARY
360
100009FA
102
}
330
1F
100
AcDbEntity
  8
MODELSKETCH_VISIBLE
100
AcDbSpline
210
0.0
220
0.0
230
1.0
 70
     8
 71
     3
 72
     8
 73
     4
 74
     0
 42
0.0000000001
 43
0.00000001
 40
8.0
 40
8.0
 40
8.0
 40
8.0
 40
9.0
 40
9.0
 40
9.0
 40
9.0
 10
-61.24124271011566
 20
77.38705560338569
 30
0.0
 10
-61.24124271011566
 20
77.2938657704864
 30
0.0
 10
-61.29464169015032
 20
77.23977777135444
 30
0.0
 10
-61.40212866931691
 20
77.23977777135444
 30
0.0
  0
LINE
  5
100009FD
102
{ACAD_XDICTIONARY
360
100009FE
102
}
330
1F
100
AcDbEntity
  8
MODELSKETCH_VISIBLE
100
AcDbLine
 10
-61.24124271011566
 20
77.93620382387184
 30
0.0
 11
-61.24124271011566
 21
77.38705560338569
 31
0.0
  0
SPLINE
  5
10000A01
102
{ACAD_XDICTIONARY
360
10000A02
102
}
330
1F
100
AcDbEntity
  8
MODELSKETCH_VISIBLE
100
AcDbSpline
210
0.0
220
0.0
230
1.0
 70
     8
 71
     3
 72
     8
 73
     4
 74
     0
 42
0.0000000001
 43
0.00000001
 40
6.0
 40
6.0
 40
6.0
 40
6.0
 40
7.0
 40
7.0
 40
7.0
 40
7.0
 10
-61.40212866931691
 20
78.08330940112876
 30
0.0
 10
-61.29464169015031
 20
78.08330940112876
 30
0.0
 10
-61.24124271011566
 20
78.0342167904517
 30
0.0
 10
-61.24124271011566
 20
77.93620382387184
 30
0.0
  0
LINE
  5
10000A05
102
{ACAD_XDICTIONARY
360
10000A06
102
}
330
1F
100
AcDbEntity
  8
MODELSKETCH_VISIBLE
100
AcDbLine
 10
-64.14718075265033
 20
78.08330940112876
 30
0.0
 11
-61.40212866931691
 21
78.08330940112876
 31
0.0
  0
SPLINE
  5
10000A09
102
{ACAD_XDICTIONARY
360
10000A0A
102
}
330
1F
100
AcDbEntity
  8
MODELSKETCH_VISIBLE
100
AcDbSpline
210
0.0
220
0.0
230
1.0
 70
     8
 71
     3
 72
     8
 73
     4
 74
     0
 42
0.0000000001
 43
0.00000001
 40
4.0
 40
4.0
 40
4.0
 40
4.0
 40
5.0
 40
5.0
 40
5.0
 40
5.0
 10
-64.30772220230315
 20
77.93620382387184
 30
0.0
 10
-64.30772220230315
 20
78.0342167904517
 30
0.0
 10
-64.24881106949066
 20
78.08330940112876
 30
0.0
 10
-64.14718075265033
 20
78.08330940112876
 30
0.0
  0
LINE
  5
10000A0D
102
{ACAD_XDICTIONARY
360
10000A0E
102
}
330
1F
100
AcDbEntity
  8
MODELSKETCH_VISIBLE
100
AcDbLine
 10
-64.30772220230314
 20
77.38705560338569
 30
0.0
 11
-64.30772220230314
 21
77.93620382387184
 31
0.0
  0
SPLINE
  5
10000A11
102
{ACAD_XDICTIONARY
360
10000A12
102
}
330
1F
100
AcDbEntity
  8
MODELSKETCH_VISIBLE
100
AcDbSpline
210
0.0
220
0.0
230
1.0
 70
     8
 71
     3
 72
     8
 73
     4
 74
     0
 42
0.0000000001
 43
0.00000001
 40
2.0
 40
2.0
 40
2.0
 40
2.0
 40
3.0
 40
3.0
 40
3.0
 40
3.0
 10
-64.14718075265034
 20
77.23977777135444
 30
0.0
 10
-64.24881106949067
 20
77.23977777135444
 30
0.0
 10
-64.30772220230317
 20
77.2938657704864
 30
0.0
 10
-64.30772220230317
 20
77.38705560338569
 30
0.0
  0
LINE
  5
10000A15
102
{ACAD_XDICTIONARY
360
10000A16
102
}
330
1F
100
AcDbEntity
  8
MODELSKETCH_VISIBLE
100
AcDbLine
 10
-63.39649444622663
 20
77.23977777135447
 30
0.0
 11
-64.14718075265033
 21
77.23977777135447
 31
0.0
  0
SPLINE
  5
10000A19
102
{ACAD_XDICTIONARY
360
10000A1A
102
}
330
1F
100
AcDbEntity
  8
MODELSKETCH_VISIBLE
100
AcDbSpline
210
0.0
220
0.0
230
1.0
 70
     8
 71
     3
 72
     8
 73
     4
 74
     0
 42
0.0000000001
 43
0.00000001
 40
0.0
 40
0.0
 40
0.0
 40
0.0
 40
1.0
 40
1.0
 40
1.0
 40
1.0
 10
-63.23560848702532
 20
77.09267219409746
 30
0.0
 10
-63.23560848702531
 20
77.19085741545165
 30
0.0
 10
-63.28935197660872
 20
77.2397777713545
 30
0.0
 10
-63.39649444622663
 20
77.23977777135445
 30
0.0
  0
LINE
  5
10000A1D
102
{ACAD_XDICTIONARY
360
10000A1E
102
}
330
1F
100
AcDbEntity
  8
MODELSKETCH_VISIBLE
100
AcDbLine
 10
-66.70481964153913
 20
78.08330940112876
 30
0.0
 11
-66.10433949831004
 21
78.08330940112876
 31
0.0
  0
SPLINE
  5
10000A21
102
{ACAD_XDICTIONARY
360
10000A22
102
}
330
1F
100
AcDbEntity
  8
MODELSKETCH_VISIBLE
100
AcDbSpline
210
0.0
220
0.0
230
1.0
 70
     8
 71
     3
 72
     8
 73
     4
 74
     0
 42
0.0000000001
 43
0.00000001
 40
10.0
 40
10.0
 40
10.0
 40
10.0
 40
11.0
 40
11.0
 40
11.0
 40
11.0
 10
-66.86570560074065
 20
77.93620382387184
 30
0.0
 10
-66.86570560074065
 20
78.0342167904517
 30
0.0
 10
-66.80679446792816
 20
78.08330940112876
 30
0.0
 10
-66.70481964153913
 20
78.08330940112876
 30
0.0
  0
LINE
  5
10000A25
102
{ACAD_XDICTIONARY
360
10000A26
102
}
330
1F
100
AcDbEntity
  8
MODELSKETCH_VISIBLE
100
AcDbLine
 10
-66.86570560074065
 20
74.79772183602456
 30
0.0
 11
-66.86570560074065
 21
77.93620382387181
 31
0.0
  0
SPLINE
  5
10000A29
102
{ACAD_XDICTIONARY
360
10000A2A
102
}
330
1F
100
AcDbEntity
  8
MODELSKETCH_VISIBLE
100
AcDbSpline
210
0.0
220
0.0
230
1.0
 70
     8
 71
     3
 72
     8
 73
     4
 74
     0
 42
0.0000000001
 43
0.00000001
 40
8.0
 40
8.0
 40
8.0
 40
8.0
 40
9.0
 40
9.0
 40
9.0
 40
9.0
 10
-66.70481964153913
 20
74.65061625876766
 30
0.0
 10
-66.80679446792816
 20
74.65061625876766
 30
0.0
 10
-66.86570560074065
 20
74.7045320031253
 30
0.0
 10
-66.86570560074065
 20
74.79772183602456
 30
0.0
  0
LINE
  5
10000A2D
102
{ACAD_XDICTIONARY
360
10000A2E
102
}
330
1F
100
AcDbEntity
  8
MODELSKETCH_VISIBLE
100
AcDbLine
 10
-64.58711944622662
 20
74.65061625876766
 30
0.0
 11
-66.70481964153913
 21
74.65061625876766
 31
0.0
  0
SPLINE
  5
10000A31
102
{ACAD_XDICTIONARY
360
10000A32
102
}
330
1F
100
AcDbEntity
  8
MODELSKETCH_VISIBLE
100
AcDbSpline
210
0.0
220
0.0
230
1.0
 70
     8
 71
     3
 72
     8
 73
     4
 74
     0
 42
0.0000000001
 43
0.00000001
 40
6.0
 40
6.0
 40
6.0
 40
6.0
 40
7.0
 40
7.0
 40
7.0
 40
7.0
 10
-64.42623348702533
 20
74.79772183602456
 30
0.0
 10
-64.42623348702533
 20
74.69970886944472
 30
0.0
 10
-64.47997697660874
 20
74.65061625876766
 30
0.0
 10
-64.58711944622662
 20
74.65061625876766
 30
0.0
  0
LINE
  5
10000A35
102
{ACAD_XDICTIONARY
360
10000A36
102
}
330
1F
100
AcDbEntity
  8
MODELSKETCH_VISIBLE
100
AcDbLine
 10
-64.42623348702533
 20
75.347042311285
 30
0.0
 11
-64.42623348702533
 21
74.79772183602456
 31
0.0
  0
SPLINE
  5
10000A39
102
{ACAD_XDICTIONARY
360
10000A3A
102
}
330
1F
100
AcDbEntity
  8
MODELSKETCH_VISIBLE
100
AcDbSpline
210
0.0
220
0.0
230
1.0
 70
     8
 71
     3
 72
     8
 73
     4
 74
     0
 42
0.0000000001
 43
0.00000001
 40
4.0
 40
4.0
 40
4.0
 40
4.0
 40
5.0
 40
5.0
 40
5.0
 40
5.0
 10
-64.58711944622662
 20
75.49414788854192
 30
0.0
 10
-64.47997697660874
 20
75.49414788854192
 30
0.0
 10
-64.42623348702533
 20
75.44505527786485
 30
0.0
 10
-64.42623348702533
 20
75.347042311285
 30
0.0
  0
LINE
  5
10000A3D
102
{ACAD_XDICTIONARY
360
10000A3E
102
}
330
1F
100
AcDbEntity
  8
MODELSKETCH_VISIBLE
100
AcDbLine
 10
-65.78256757990721
 20
75.49414788854192
 30
0.0
 11
-64.58711944622664
 21
75.49414788854223
 31
0.0
  0
SPLINE
  5
10000A41
102
{ACAD_XDICTIONARY
360
10000A42
102
}
330
1F
100
AcDbEntity
  8
MODELSKETCH_VISIBLE
100
AcDbSpline
210
0.0
220
0.0
230
1.0
 70
     8
 71
     3
 72
     8
 73
     4
 74
     0
 42
0.0000000001
 43
0.00000001
 40
2.0
 40
2.0
 40
2.0
 40
2.0
 40
3.0
 40
3.0
 40
3.0
 40
3.0
 10
-65.94345353910875
 20
75.6412534657989
 30
0.0
 10
-65.94345353910875
 20
75.54806363289957
 30
0.0
 10
-65.88454240629623
 20
75.49414788854192
 30
0.0
 10
-65.7825675799072
 20
75.49414788854192
 30
0.0
  0
LINE
  5
10000A45
102
{ACAD_XDICTIONARY
360
10000A46
102
}
330
1F
100
AcDbEntity
  8
MODELSKETCH_VISIBLE
100
AcDbLine
 10
-65.94345353910875
 20
77.93620382387184
 30
0.0
 11
-65.94345353910875
 21
75.6412534657989
 31
0.0
  0
SPLINE
  5
10000A49
102
{ACAD_XDICTIONARY
360
10000A4A
102
}
330
1F
100
AcDbEntity
  8
MODELSKETCH_VISIBLE
100
AcDbSpline
210
0.0
220
0.0
230
1.0
 70
     8
 71
     3
 72
     8
 73
     4
 74
     0
 42
0.0000000001
 43
0.00000001
 40
0.0
 40
0.0
 40
0.0
 40
0.0
 40
1.0
 40
1.0
 40
1.0
 40
1.0
 10
-66.10433949831001
 20
78.08330940112879
 30
0.0
 10
-65.99719702869189
 20
78.08330940112882
 30
0.0
 10
-65.94345353910875
 20
78.03421679045172
 30
0.0
 10
-65.94345353910882
 20
77.93620382387186
 30
0.0
  0
LINE
  5
10000A4D
102
{ACAD_XDICTIONARY
360
10000A4E
102
}
330
1F
100
AcDbEntity
  8
MODELSKETCH_VISIBLE
100
AcDbLine
 10
-68.15279327435162
 20
78.08330940112876
 30
0.0
 11
-67.56299292712941
 21
78.08330940112876
 31
0.0
  0
SPLINE
  5
10000A51
102
{ACAD_XDICTIONARY
360
10000A52
102
}
330
1F
100
AcDbEntity
  8
MODELSKETCH_VISIBLE
100
AcDbSpline
210
0.0
220
0.0
230
1.0
 70
     8
 71
     3
 72
     8
 73
     4
 74
     0
 42
0.0000000001
 43
0.00000001
 40
6.0
 40
6.0
 40
6.0
 40
6.0
 40
7.0
 40
7.0
 40
7.0
 40
7.0
 10
-68.31367923355315
 20
77.93620382387184
 30
0.0
 10
-68.31367923355315
 20
78.0342167904517
 30
0.0
 10
-68.25476810074066
 20
78.08330940112876
 30
0.0
 10
-68.15279327435162
 20
78.08330940112876
 30
0.0
  0
LINE
  5
10000A55
102
{ACAD_XDICTIONARY
360
10000A56
102
}
330
1F
100
AcDbEntity
  8
MODELSKETCH_VISIBLE
100
AcDbLine
 10
-68.31367923355315
 20
74.79772183602456
 30
0.0
 11
-68.31367923355315
 21
77.93620382387181
 31
0.0
  0
SPLINE
  5
10000A59
102
{ACAD_XDICTIONARY
360
10000A5A
102
}
330
1F
100
AcDbEntity
  8
MODELSKETCH_VISIBLE
100
AcDbSpline
210
0.0
220
0.0
230
1.0
 70
     8
 71
     3
 72
     8
 73
     4
 74
     0
 42
0.0000000001
 43
0.00000001
 40
4.0
 40
4.0
 40
4.0
 40
4.0
 40
5.0
 40
5.0
 40
5.0
 40
5.0
 10
-68.15279327435162
 20
74.65061625876766
 30
0.0
 10
-68.25476810074066
 20
74.65061625876766
 30
0.0
 10
-68.31367923355315
 20
74.7045320031253
 30
0.0
 10
-68.31367923355315
 20
74.79772183602456
 30
0.0
  0
LINE
  5
10000A5D
102
{ACAD_XDICTIONARY
360
10000A5E
102
}
330
1F
100
AcDbEntity
  8
MODELSKETCH_VISIBLE
100
AcDbLine
 10
-67.5629929271294
 20
74.65061625876767
 30
0.0
 11
-68.15279327435161
 21
74.65061625876764
 31
0.0
  0
SPLINE
  5
10000A61
102
{ACAD_XDICTIONARY
360
10000A62
102
}
330
1F
100
AcDbEntity
  8
MODELSKETCH_VISIBLE
100
AcDbSpline
210
0.0
220
0.0
230
1.0
 70
     8
 71
     3
 72
     8
 73
     4
 74
     0
 42
0.0000000001
 43
0.00000001
 40
2.0
 40
2.0
 40
2.0
 40
2.0
 40
3.0
 40
3.0
 40
3.0
 40
3.0
 10
-67.40210696792818
 20
74.79772183602458
 30
0.0
 10
-67.40210696792818
 20
74.7045320031253
 30
0.0
 10
-67.4558504575113
 20
74.65061625876766
 30
0.0
 10
-67.56299292712943
 20
74.65061625876766
 30
0.0
  0
LINE
  5
10000A65
102
{ACAD_XDICTIONARY
360
10000A66
102
}
330
1F
100
AcDbEntity
  8
MODELSKETCH_VISIBLE
100
AcDbLine
 10
-67.40210696792819
 20
77.93620382387181
 30
0.0
 11
-67.40210696792826
 21
74.79772183602456
 31
0.0
  0
SPLINE
  5
10000A69
102
{ACAD_XDICTIONARY
360
10000A6A
102
}
330
1F
100
AcDbEntity
  8
MODELSKETCH_VISIBLE
100
AcDbSpline
210
0.0
220
0.0
230
1.0
 70
     8
 71
     3
 72
     8
 73
     4
 74
     0
 42
0.0000000001
 43
0.00000001
 40
0.0
 40
0.0
 40
0.0
 40
0.0
 40
1.0
 40
1.0
 40
1.0
 40
1.0
 10
-67.56299292712941
 20
78.08330940112882
 30
0.0
 10
-67.45585045751129
 20
78.08330940112879
 30
0.0
 10
-67.40210696792812
 20
78.03421679045175
 30
0.0
 10
-67.40210696792815
 20
77.93620382387186
 30
0.0
  0
LINE
  5
10000A6D
102
{ACAD_XDICTIONARY
360
10000A6E
102
}
330
1F
100
AcDbEntity
  8
MODELSKETCH_VISIBLE
100
AcDbLine
 10
-71.10179501046282
 20
78.08330940112876
 30
0.0
 11
-68.79633711115721
 21
78.08330940112876
 31
0.0
  0
SPLINE
  5
10000A71
102
{ACAD_XDICTIONARY
360
10000A72
102
}
330
1F
100
AcDbEntity
  8
MODELSKETCH_VISIBLE
100
AcDbSpline
210
0.0
220
0.0
230
1.0
 70
     8
 71
     3
 72
     8
 73
     4
 74
     0
 42
0.0000000001
 43
0.00000001
 40
18.0
 40
18.0
 40
18.0
 40
18.0
 40
19.0
 40
19.0
 40
19.0
 40
19.0
 10
-71.26268096966412
 20
77.93620382387184
 30
0.0
 10
-71.26268096966412
 20
78.0342167904517
 30
0.0
 10
-71.20376983685163
 20
78.08330940112876
 30
0.0
 10
-71.10179501046282
 20
78.08330940112876
 30
0.0
  0
LINE
  5
10000A75
102
{ACAD_XDICTIONARY
360
10000A76
102
}
330
1F
100
AcDbEntity
  8
MODELSKETCH_VISIBLE
100
AcDbLine
 10
-71.26268096966412
 20
74.79772183602456
 30
0.0
 11
-71.26268096966412
 21
77.93620382387181
 31
0.0
  0
SPLINE
  5
10000A79
102
{ACAD_XDICTIONARY
360
10000A7A
102
}
330
1F
100
AcDbEntity
  8
MODELSKETCH_VISIBLE
100
AcDbSpline
210
0.0
220
0.0
230
1.0
 70
     8
 71
     3
 72
     8
 73
     4
 74
     0
 42
0.0000000001
 43
0.00000001
 40
16.0
 40
16.0
 40
16.0
 40
16.0
 40
17.0
 40
17.0
 40
17.0
 40
17.0
 10
-71.10179501046282
 20
74.65061625876766
 30
0.0
 10
-71.20376983685163
 20
74.65061625876766
 30
0.0
 10
-71.26268096966412
 20
74.7045320031253
 30
0.0
 10
-71.26268096966412
 20
74.79772183602456
 30
0.0
  0
LINE
  5
10000A7D
102
{ACAD_XDICTIONARY
360
10000A7E
102
}
330
1F
100
AcDbEntity
  8
MODELSKETCH_VISIBLE
100
AcDbLine
 10
-70.46927547921283
 20
74.65061625876766
 30
0.0
 11
-71.10179501046282
 21
74.65061625876766
 31
0.0
  0
SPLINE
  5
10000A81
102
{ACAD_XDICTIONARY
360
10000A82
102
}
330
1F
100
AcDbEntity
  8
MODELSKETCH_VISIBLE
100
AcDbSpline
210
0.0
220
0.0
230
1.0
 70
     8
 71
     3
 72
     8
 73
     4
 74
     0
 42
0.0000000001
 43
0.00000001
 40
14.0
 40
14.0
 40
14.0
 40
14.0
 40
15.0
 40
15.0
 40
15.0
 40
15.0
 10
-70.3083895200113
 20
74.79772183602456
 30
0.0
 10
-70.3083895200113
 20
74.70453200312528
 30
0.0
 10
-70.36178850004623
 20
74.65061625876766
 30
0.0
 10
-70.46927547921283
 20
74.65061625876766
 30
0.0
  0
LINE
  5
10000A85
102
{ACAD_XDICTIONARY
360
10000A86
102
}
330
1F
100
AcDbEntity
  8
MODELSKETCH_VISIBLE
100
AcDbLine
 10
-70.3083895200113
 20
75.79817756519125
 30
0.0
 11
-70.3083895200113
 21
74.79772183602456
 31
0.0
  0
SPLINE
  5
10000A89
102
{ACAD_XDICTIONARY
360
10000A8A
102
}
330
1F
100
AcDbEntity
  8
MODELSKETCH_VISIBLE
100
AcDbSpline
210
0.0
220
0.0
230
1.0
 70
     8
 71
     3
 72
     8
 73
     4
 74
     0
 42
0.0000000001
 43
0.00000001
 40
12.0
 40
12.0
 40
12.0
 40
12.0
 40
13.0
 40
13.0
 40
13.0
 40
13.0
 10
-70.14750356081004
 20
75.94528314244819
 30
0.0
 10
-70.24947838719906
 20
75.94528314244819
 30
0.0
 10
-70.3083895200113
 20
75.89619053177111
 30
0.0
 10
-70.3083895200113
 20
75.79817756519127
 30
0.0
  0
LINE
  5
10000A8D
102
{ACAD_XDICTIONARY
360
10000A8E
102
}
330
1F
100
AcDbEntity
  8
MODELSKETCH_VISIBLE
100
AcDbLine
 10
-69.26280303997663
 20
75.94528314244819
 30
0.0
 11
-70.14750356081005
 21
75.9452831424482
 31
0.0
  0
SPLINE
  5
10000A91
102
{ACAD_XDICTIONARY
360
10000A92
102
}
330
1F
100
AcDbEntity
  8
MODELSKETCH_VISIBLE
100
AcDbSpline
210
0.0
220
0.0
230
1.0
 70
     8
 71
     3
 72
     8
 73
     4
 74
     0
 42
0.0000000001
 43
0.00000001
 40
10.0
 40
10.0
 40
10.0
 40
10.0
 40
11.0
 40
11.0
 40
11.0
 40
11.0
 10
-69.10191708077532
 20
76.09238871970514
 30
0.0
 10
-69.10191708077532
 20
75.99919888680581
 30
0.0
 10
-69.15566057035875
 20
75.94528314244816
 30
0.0
 10
-69.26280303997663
 20
75.94528314244816
 30
0.0
  0
LINE
  5
10000A95
102
{ACAD_XDICTIONARY
360
10000A96
102
}
330
1F
100
AcDbEntity
  8
MODELSKETCH_VISIBLE
100
AcDbLine
 10
-69.10191708077532
 20
76.64153694019127
 30
0.0
 11
-69.10191708077532
 21
76.09238871970516
 31
0.0
  0
SPLINE
  5
10000A99
102
{ACAD_XDICTIONARY
360
10000A9A
102
}
330
1F
100
AcDbEntity
  8
MODELSKETCH_VISIBLE
100
AcDbSpline
210
0.0
220
0.0
230
1.0
 70
     8
 71
     3
 72
     8
 73
     4
 74
     0
 42
0.0000000001
 43
0.00000001
 40
8.0
 40
8.0
 40
8.0
 40
8.0
 40
9.0
 40
9.0
 40
9.0
 40
9.0
 10
-69.26280303997663
 20
76.78864251744818
 30
0.0
 10
-69.15566057035875
 20
76.78864251744818
 30
0.0
 10
-69.10191708077532
 20
76.73972216154544
 30
0.0
 10
-69.10191708077532
 20
76.64153694019126
 30
0.0
  0
LINE
  5
10000A9D
102
{ACAD_XDICTIONARY
360
10000A9E
102
}
330
1F
100
AcDbEntity
  8
MODELSKETCH_VISIBLE
100
AcDbLine
 10
-70.14750356081004
 20
76.78864251744818
 30
0.0
 11
-69.26280303997663
 21
76.78864251744818
 31
0.0
  0
SPLINE
  5
10000AA1
102
{ACAD_XDICTIONARY
360
10000AA2
102
}
330
1F
100
AcDbEntity
  8
MODELSKETCH_VISIBLE
100
AcDbSpline
210
0.0
220
0.0
230
1.0
 70
     8
 71
     3
 72
     8
 73
     4
 74
     0
 42
0.0000000001
 43
0.00000001
 40
6.0
 40
6.0
 40
6.0
 40
6.0
 40
7.0
 40
7.0
 40
7.0
 40
7.0
 10
-70.3083895200113
 20
76.93574809470516
 30
0.0
 10
-70.3083895200113
 20
76.84273051658015
 30
0.0
 10
-70.24947838719906
 20
76.78864251744818
 30
0.0
 10
-70.14750356081004
 20
76.78864251744818
 30
0.0
  0
LINE
  5
10000AA5
102
{ACAD_XDICTIONARY
360
10000AA6
102
}
330
1F
100
AcDbEntity
  8
MODELSKETCH_VISIBLE
100
AcDbLine
 10
-70.3083895200113
 20
77.09267219409752
 30
0.0
 11
-70.3083895200113
 21
76.93574809470516
 31
0.0
  0
SPLINE
  5
10000AA9
102
{ACAD_XDICTIONARY
360
10000AAA
102
}
330
1F
100
AcDbEntity
  8
MODELSKETCH_VISIBLE
100
AcDbSpline
210
0.0
220
0.0
230
1.0
 70
     8
 71
     3
 72
     8
 73
     4
 74
     0
 42
0.0000000001
 43
0.00000001
 40
4.0
 40
4.0
 40
4.0
 40
4.0
 40
5.0
 40
5.0
 40
5.0
 40
5.0
 10
-70.14750356081004
 20
77.23977777135444
 30
0.0
 10
-70.24947838719906
 20
77.23977777135444
 30
0.0
 10
-70.3083895200113
 20
77.19085741545169
 30
0.0
 10
-70.3083895200113
 20
77.09267219409752
 30
0.0
  0
LINE
  5
10000AAD
102
{ACAD_XDICTIONARY
360
10000AAE
102
}
330
1F
100
AcDbEntity
  8
MODELSKETCH_VISIBLE
100
AcDbLine
 10
-68.79633711115721
 20
77.23977777135444
 30
0.0
 11
-70.14750356081004
 21
77.23977777135444
 31
0.0
  0
SPLINE
  5
10000AB1
102
{ACAD_XDICTIONARY
360
10000AB2
102
}
330
1F
100
AcDbEntity
  8
MODELSKETCH_VISIBLE
100
AcDbSpline
210
0.0
220
0.0
230
1.0
 70
     8
 71
     3
 72
     8
 73
     4
 74
     0
 42
0.0000000001
 43
0.00000001
 40
2.0
 40
2.0
 40
2.0
 40
2.0
 40
3.0
 40
3.0
 40
3.0
 40
3.0
 10
-68.63545115195595
 20
77.38705560338568
 30
0.0
 10
-68.63545115195595
 20
77.2938657704864
 30
0.0
 10
-68.68919464153913
 20
77.23977777135443
 30
0.0
 10
-68.79633711115721
 20
77.23977777135443
 30
0.0
  0
LINE
  5
10000AB5
102
{ACAD_XDICTIONARY
360
10000AB6
102
}
330
1F
100
AcDbEntity
  8
MODELSKETCH_VISIBLE
100
AcDbLine
 10
-68.63545115195595
 20
77.9362038238718
 30
0.0
 11
-68.63545115195595
 21
77.38705560338565
 31
0.0
  0
SPLINE
  5
10000AB9
102
{ACAD_XDICTIONARY
360
10000ABA
102
}
330
1F
100
AcDbEntity
  8
MODELSKETCH_VISIBLE
100
AcDbSpline
210
0.0
220
0.0
230
1.0
 70
     8
 71
     3
 72
     8
 73
     4
 74
     0
 42
0.0000000001
 43
0.00000001
 40
0.0
 40
0.0
 40
0.0
 40
0.0
 40
1.0
 40
1.0
 40
1.0
 40
1.0
 10
-68.79633711115721
 20
78.08330940112876
 30
0.0
 10
-68.68919464153913
 20
78.08330940112876
 30
0.0
 10
-68.63545115195593
 20
78.0342167904517
 30
0.0
 10
-68.63545115195593
 20
77.93620382387184
 30
0.0
  0
LINE
  5
10000ABD
102
{ACAD_XDICTIONARY
360
10000ABE
102
}
330
1F
100
AcDbEntity
  8
MODELSKETCH_VISIBLE
100
AcDbLine
 10
-120.4186038949711
 20
8.135940134578984
 30
0.0
 11
-120.8850698237904
 21
8.033620798641483
 31
0.0
  0
SPLINE
  5
10000AC1
102
{ACAD_XDICTIONARY
360
10000AC2
102
}
330
1F
100
AcDbEntity
  8
MODELSKETCH_VISIBLE
100
AcDbSpline
210
0.0
220
0.0
230
1.0
 70
     8
 71
     3
 72
     8
 73
     4
 74
     0
 42
0.0000000001
 43
0.00000001
 40
14.0
 40
14.0
 40
14.0
 40
14.0
 40
15.0
 40
15.0
 40
15.0
 40
15.0
 10
-120.3121504444501
 20
8.270643368085954
 30
0.0
 10
-120.3080163298667
 20
8.197262834231774
 30
0.0
 10
-120.3448788515682
 20
8.152132083363721
 30
0.0
 10
-120.418603894971
 20
8.135940134578984
 30
0.0
  0
SPLINE
  5
10000AC5
102
{ACAD_XDICTIONARY
360
10000AC6
102
}
330
1F
100
AcDbEntity
  8
MODELSKETCH_VISIBLE
100
AcDbSpline
210
0.0
220
0.0
230
1.0
 70
     8
 71
     3
 72
    11
 73
     7
 74
     0
 42
0.0000000001
 43
0.00000001
 40
12.0
 40
12.0
 40
12.0
 40
12.0
 40
13.0
 40
13.0
 40
13.0
 40
14.0
 40
14.0
 40
14.0
 40
14.0
 10
-122.3616377491376
 20
8.266853763051216
 30
0.0
 10
-122.3657718637207
 20
8.38949916235677
 30
0.0
 10
-122.2923913298666
 20
9.113658233537304
 30
0.0
 10
-121.3759959305611
 20
9.113658233537304
 30
0.0
 10
-120.5329810651098
 20
9.113658233537304
 30
0.0
 10
-120.3366106224014
 20
8.565199032148453
 30
0.0
 10
-120.3121504444501
 20
8.270643368085953
 30
0.0
  0
SPLINE
  5
10000AC9
102
{ACAD_XDICTIONARY
360
10000ACA
102
}
330
1F
100
AcDbEntity
  8
MODELSKETCH_VISIBLE
100
AcDbSpline
210
0.0
220
0.0
230
1.0
 70
     8
 71
     3
 72
     8
 73
     4
 74
     0
 42
0.0000000001
 43
0.00000001
 40
11.0
 40
11.0
 40
11.0
 40
11.0
 40
12.0
 40
12.0
 40
12.0
 40
12.0
 10
-121.0525014644154
 20
7.055902699683144
 30
0.0
 10
-121.1303606224014
 20
7.403512834231774
 30
0.0
 10
-122.3616377491377
 20
7.325653676245644
 30
0.0
 10
-122.3616377491377
 20
8.266853763051216
 30
0.0
  0
SPLINE
  5
10000ACD
102
{ACAD_XDICTIONARY
360
10000ACE
102
}
330
1F
100
AcDbEntity
  8
MODELSKETCH_VISIBLE
100
AcDbSpline
210
0.0
220
0.0
230
1.0
 70
     8
 71
     3
 72
    11
 73
     7
 74
     0
 42
0.0000000001
 43
0.00000001
 40
9.0
 40
9.0
 40
9.0
 40
9.0
 40
10.0
 40
10.0
 40
10.0
 40
11.0
 40
11.0
 40
11.0
 40
11.0
 10
-121.7360084088597
 20
7.137551462703986
 30
0.0
 10
-121.7194719505263
 20
6.941181019995644
 30
0.0
 10
-121.568232258686
 20
6.826803849856772
 30
0.0
 10
-121.375995930561
 20
6.826803849856772
 30
0.0
 10
-121.1754913732694
 20
6.826803849856772
 30
0.0
 10
-121.0280412864639
 20
6.945315134578984
 30
0.0
 10
-121.0525014644154
 20
7.055902699683144
 30
0.0
  0
SPLINE
  5
10000AD1
102
{ACAD_XDICTIONARY
360
10000AD2
102
}
330
1F
100
AcDbEntity
  8
MODELSKETCH_VISIBLE
100
AcDbSpline
210
0.0
220
0.0
230
1.0
 70
     8
 71
     3
 72
     8
 73
     4
 74
     0
 42
0.0000000001
 43
0.00000001
 40
8.0
 40
8.0
 40
8.0
 40
8.0
 40
9.0
 40
9.0
 40
9.0
 40
9.0
 10
-121.8707116423667
 20
7.244004913224803
 30
0.0
 10
-121.789062879346
 20
7.260196862009561
 30
0.0
 10
-121.7439321284779
 20
7.223334340308144
 30
0.0
 10
-121.7360084088598
 20
7.137551462703986
 30
0.0
  0
LINE
  5
10000AD5
102
{ACAD_XDICTIONARY
360
10000AD6
102
}
330
1F
100
AcDbEntity
  8
MODELSKETCH_VISIBLE
100
AcDbLine
 10
-122.333043456603
 20
7.141685577287303
 30
0.0
 11
-121.8707116423667
 21
7.244004913224803
 31
0.0
  0
SPLINE
  5
10000AD9
102
{ACAD_XDICTIONARY
360
10000ADA
102
}
330
1F
100
AcDbEntity
  8
MODELSKETCH_VISIBLE
100
AcDbSpline
210
0.0
220
0.0
230
1.0
 70
     8
 71
     3
 72
     8
 73
     4
 74
     0
 42
0.0000000001
 43
0.00000001
 40
6.0
 40
6.0
 40
6.0
 40
6.0
 40
7.0
 40
7.0
 40
7.0
 40
7.0
 10
-122.4394969071239
 20
7.006637834231772
 30
0.0
 10
-122.443631021707
 20
7.08036287763456
 30
0.0
 10
-122.4067685000057
 20
7.125149118953984
 30
0.0
 10
-122.3330434566029
 20
7.141685577287302
 30
0.0
  0
SPLINE
  5
10000ADD
102
{ACAD_XDICTIONARY
360
10000ADE
102
}
330
1F
100
AcDbEntity
  8
MODELSKETCH_VISIBLE
100
AcDbSpline
210
0.0
220
0.0
230
1.0
 70
     8
 71
     3
 72
    14
 73
    10
 74
     0
 42
0.0000000001
 43
0.00000001
 40
3.0
 40
3.0
 40
3.0
 40
3.0
 40
4.0
 40
4.0
 40
4.0
 40
5.0
 40
5.0
 40
5.0
 40
6.0
 40
6.0
 40
6.0
 40
6.0
 10
-121.6171526145889
 20
8.22172301218314
 30
0.0
 10
-121.5599640295195
 20
7.902707170169269
 30
0.0
 10
-120.267019693582
 20
7.910630889787297
 30
0.0
 10
-120.267019693582
 20
6.969775312530379
 30
0.0
 10
-120.267019693582
 20
6.847129913224802
 30
0.0
 10
-120.406201551221
 20
6.122970842044272
 30
0.0
 10
-121.3759959305612
 20
6.122970842044275
 30
0.0
 10
-122.2348582352486
 20
6.122970842044272
 30
0.0
 10
-122.4191708437557
 20
6.687621992217878
 30
0.0
 10
-122.4394969071239
 20
7.006637834231773
 30
0.0
  0
SPLINE
  5
10000AE1
102
{ACAD_XDICTIONARY
360
10000AE2
102
}
330
1F
100
AcDbEntity
  8
MODELSKETCH_VISIBLE
100
AcDbSpline
210
0.0
220
0.0
230
1.0
 70
     8
 71
     3
 72
    11
 73
     7
 74
     0
 42
0.0000000001
 43
0.00000001
 40
1.0
 40
1.0
 40
1.0
 40
1.0
 40
2.0
 40
2.0
 40
2.0
 40
3.0
 40
3.0
 40
3.0
 40
3.0
 10
-121.0197730572973
 20
8.135940134578984
 30
0.0
 10
-121.0487118593805
 20
8.303371775203987
 30
0.0
 10
-121.1834150928876
 20
8.409825225724804
 30
0.0
 10
-121.3759959305611
 20
8.409825225724804
 30
0.0
 10
-121.5355038515682
 20
8.409825225724804
 30
0.0
 10
-121.6336890729223
 20
8.315774118953986
 30
0.0
 10
-121.6171526145889
 20
8.221723012183144
 30
0.0
  0
SPLINE
  5
10000AE5
102
{ACAD_XDICTIONARY
360
10000AE6
102
}
330
1F
100
AcDbEntity
  8
MODELSKETCH_VISIBLE
100
AcDbSpline
210
0.0
220
0.0
230
1.0
 70
     8
 71
     3
 72
     8
 73
     4
 74
     0
 42
0.0000000001
 43
0.00000001
 40
0.0
 40
0.0
 40
0.0
 40
0.0
 40
1.0
 40
1.0
 40
1.0
 40
1.0
 10
-120.8850698237904
 20
8.033620798641481
 30
0.0
 10
-120.9667185868113
 20
8.017084340308143
 30
0.0
 10
-121.007715223096
 20
8.053946862009568
 30
0.0
 10
-121.0197730572973
 20
8.135940134578988
 30
0.0
  0
LINE
  5
10000AE9
102
{ACAD_XDICTIONARY
360
10000AEA
102
}
330
1F
100
AcDbEntity
  8
MODELSKETCH_VISIBLE
100
AcDbLine
 10
-124.6164527447973
 20
9.04820141930122
 30
0.0
 11
-123.7041914600752
 21
9.04820141930122
 31
0.0
  0
SPLINE
  5
10000AED
102
{ACAD_XDICTIONARY
360
10000AEE
102
}
330
1F
100
AcDbEntity
  8
MODELSKETCH_VISIBLE
100
AcDbSpline
210
0.0
220
0.0
230
1.0
 70
     8
 71
     3
 72
     8
 73
     4
 74
     0
 42
0.0000000001
 43
0.00000001
 40
6.0
 40
6.0
 40
6.0
 40
6.0
 40
7.0
 40
7.0
 40
7.0
 40
7.0
 10
-124.7390981441029
 20
8.921421905412304
 30
0.0
 10
-124.7390981441029
 20
9.003070668433145
 30
0.0
 10
-124.6981015078181
 20
9.04406730471788
 30
0.0
 10
-124.6164527447972
 20
9.04820141930122
 30
0.0
  0
LINE
  5
10000AF1
102
{ACAD_XDICTIONARY
360
10000AF2
102
}
330
1F
100
AcDbEntity
  8
MODELSKETCH_VISIBLE
100
AcDbLine
 10
-124.7390981441029
 20
6.306938941002612
 30
0.0
 11
-124.7390981441029
 21
8.921421905412304
 31
0.0
  0
SPLINE
  5
10000AF5
102
{ACAD_XDICTIONARY
360
10000AF6
102
}
330
1F
100
AcDbEntity
  8
MODELSKETCH_VISIBLE
100
AcDbSpline
210
0.0
220
0.0
230
1.0
 70
     8
 71
     3
 72
     8
 73
     4
 74
     0
 42
0.0000000001
 43
0.00000001
 40
4.0
 40
4.0
 40
4.0
 40
4.0
 40
5.0
 40
5.0
 40
5.0
 40
5.0
 10
-124.6164527447973
 20
6.184293541697063
 30
0.0
 10
-124.6939673932349
 20
6.184293541697063
 30
0.0
 10
-124.739098144103
 20
6.229424292565114
 30
0.0
 10
-124.739098144103
 20
6.306938941002613
 30
0.0
  0
LINE
  5
10000AF9
102
{ACAD_XDICTIONARY
360
10000AFA
102
}
330
1F
100
AcDbEntity
  8
MODELSKETCH_VISIBLE
100
AcDbLine
 10
-123.7041914600752
 20
6.184293541697061
 30
0.0
 11
-124.6164527447974
 21
6.184293541697061
 31
0.0
  0
SPLINE
  5
10000AFD
102
{ACAD_XDICTIONARY
360
10000AFE
102
}
330
1F
100
AcDbEntity
  8
MODELSKETCH_VISIBLE
100
AcDbSpline
210
0.0
220
0.0
230
1.0
 70
     8
 71
     3
 72
     8
 73
     4
 74
     0
 42
0.0000000001
 43
0.00000001
 40
2.0
 40
2.0
 40
2.0
 40
2.0
 40
3.0
 40
3.0
 40
3.0
 40
3.0
 10
-122.6813426102487
 20
7.170279869822063
 30
0.0
 10
-122.6813426102487
 20
6.499519778676222
 30
0.0
 10
-122.9349016380264
 20
6.184293541697063
 30
0.0
 10
-123.7041914600752
 20
6.184293541697063
 30
0.0
  0
LINE
  5
10000B01
102
{ACAD_XDICTIONARY
360
10000B02
102
}
330
1F
100
AcDbEntity
  8
MODELSKETCH_VISIBLE
100
AcDbLine
 10
-122.6813426102487
 20
8.066349205759566
 30
0.0
 11
-122.6813426102487
 21
7.170279869822065
 31
0.0
  0
SPLINE
  5
10000B05
102
{ACAD_XDICTIONARY
360
10000B06
102
}
330
1F
100
AcDbEntity
  8
MODELSKETCH_VISIBLE
100
AcDbSpline
210
0.0
220
0.0
230
1.0
 70
     8
 71
     3
 72
     8
 73
     4
 74
     0
 42
0.0000000001
 43
0.00000001
 40
0.0
 40
0.0
 40
0.0
 40
0.0
 40
1.0
 40
1.0
 40
1.0
 40
1.0
 10
-123.7041914600752
 20
9.048201419301224
 30
0.0
 10
-122.9349016380264
 20
9.04820141930122
 30
0.0
 10
-122.6813426102487
 20
8.737109296905382
 30
0.0
 10
-122.6813426102487
 20
8.066349205759563
 30
0.0
  0
ENDSEC
  0
SECTION
  2
OBJECTS
  0
DICTIONARY
  5
C
330
0
100
AcDbDictionary
  3
ACAD_GROUP
350
D
  3
ACAD_LAYOUT
350
1A
  3
ACAD_MATERIAL
350
43
  3
ACAD_MLEADERSTYLE
350
5B
  3
ACAD_MLINESTYLE
350
17
  3
ACAD_PLOTSETTINGS
350
19
  3
ACAD_SCALELIST
350
47
  3
ACAD_VISUALSTYLE
350
2A
  3
ACDBHEADERROUNDTRIPXREC
350
10000B0B
  3
ACDBVARIABLEDICTIONARY
350
10000B2C
  3
DWGPROPS
350
10000B37
  3
ONSHAPE_DATA
350
10000001
  0
DICTIONARY
  5
10000B38
330
8
100
AcDbDictionary
280
     1
  3
ACAD_XREC_ROUNDTRIP
360
10000B39
  0
DICTIONARY
  5
10000B09
330
1F
100
AcDbDictionary
280
     1
  3
ACAD_SORTENTS
360
10000B0A
  0
DICTIONARY
  5
1000005A
330
10000059
100
AcDbDictionary
280
     1
  3
BTDETID
360
1000005B
  3
BTPARTID
360
1000005C
  0
DICTIONARY
  5
1000005E
330
1000005D
100
AcDbDictionary
280
     1
  3
BTDETID
360
1000005F
  3
BTPARTID
360
10000060
  0
DICTIONARY
  5
10000062
330
10000061
100
AcDbDictionary
280
     1
  3
BTDETID
360
10000063
  3
BTPARTID
360
10000064
  0
DICTIONARY
  5
10000066
330
10000065
100
AcDbDictionary
280
     1
  3
BTDETID
360
10000067
  3
BTPARTID
360
10000068
  0
DICTIONARY
  5
1000006A
330
10000069
100
AcDbDictionary
280
     1
  3
BTDETID
360
1000006B
  3
BTPARTID
360
1000006C
  0
DICTIONARY
  5
1000006E
330
1000006D
100
AcDbDictionary
280
     1
  3
BTDETID
360
1000006F
  3
BTPARTID
360
10000070
  0
DICTIONARY
  5
10000072
330
10000071
100
AcDbDictionary
280
     1
  3
BTDETID
360
10000073
  3
BTPARTID
360
10000074
  0
DICTIONARY
  5
10000076
330
10000075
100
AcDbDictionary
280
     1
  3
BTDETID
360
10000077
  3
BTPARTID
360
10000078
  0
DICTIONARY
  5
1000007A
330
10000079
100
AcDbDictionary
280
     1
  3
BTDETID
360
1000007B
  3
BTPARTID
360
1000007C
  0
DICTIONARY
  5
1000007E
330
1000007D
100
AcDbDictionary
280
     1
  3
BTDETID
360
1000007F
  3
BTPARTID
360
10000080
  0
DICTIONARY
  5
10000082
330
10000081
100
AcDbDictionary
280
     1
  3
BTDETID
360
10000083
  3
BTPARTID
360
10000084
  0
DICTIONARY
  5
10000086
330
10000085
100
AcDbDictionary
280
     1
  3
BTDETID
360
10000087
  3
BTPARTID
360
10000088
  0
DICTIONARY
  5
1000008A
330
10000089
100
AcDbDictionary
280
     1
  3
BTDETID
360
1000008B
  3
BTPARTID
360
1000008C
  0
DICTIONARY
  5
1000008E
330
1000008D
100
AcDbDictionary
280
     1
  3
BTDETID
360
1000008F
  3
BTPARTID
360
10000090
  0
DICTIONARY
  5
10000092
330
10000091
100
AcDbDictionary
280
     1
  3
BTDETID
360
10000093
  3
BTPARTID
360
10000094
  0
DICTIONARY
  5
10000096
330
10000095
100
AcDbDictionary
280
     1
  3
BTDETID
360
10000097
  3
BTPARTID
360
10000098
  0
DICTIONARY
  5
1000009A
330
10000099
100
AcDbDictionary
280
     1
  3
BTDETID
360
1000009B
  3
BTPARTID
360
1000009C
  0
DICTIONARY
  5
1000009E
330
1000009D
100
AcDbDictionary
280
     1
  3
BTDETID
360
1000009F
  3
BTPARTID
360
100000A0
  0
DICTIONARY
  5
100000A2
330
100000A1
100
AcDbDictionary
280
     1
  3
BTDETID
360
100000A3
  3
BTPARTID
360
100000A4
  0
DICTIONARY
  5
100000A6
330
100000A5
100
AcDbDictionary
280
     1
  3
BTDETID
360
100000A7
  3
BTPARTID
360
100000A8
  0
DICTIONARY
  5
100000AA
330
100000A9
100
AcDbDictionary
280
     1
  3
BTDETID
360
100000AB
  3
BTPARTID
360
100000AC
  0
DICTIONARY
  5
100000AE
330
100000AD
100
AcDbDictionary
280
     1
  3
BTDETID
360
100000AF
  3
BTPARTID
360
100000B0
  0
DICTIONARY
  5
100000B2
330
100000B1
100
AcDbDictionary
280
     1
  3
BTDETID
360
100000B3
  3
BTPARTID
360
100000B4
  0
DICTIONARY
  5
100000B6
330
100000B5
100
AcDbDictionary
280
     1
  3
BTDETID
360
100000B7
  3
BTPARTID
360
100000B8
  0
DICTIONARY
  5
100000BA
330
100000B9
100
AcDbDictionary
280
     1
  3
BTDETID
360
100000BB
  3
BTPARTID
360
100000BC
  0
DICTIONARY
  5
100000BE
330
100000BD
100
AcDbDictionary
280
     1
  3
BTDETID
360
100000BF
  3
BTPARTID
360
100000C0
  0
DICTIONARY
  5
100000C2
330
100000C1
100
AcDbDictionary
280
     1
  3
BTDETID
360
100000C3
  3
BTPARTID
360
100000C4
  0
DICTIONARY
  5
100000C6
330
100000C5
100
AcDbDictionary
280
     1
  3
BTDETID
360
100000C7
  3
BTPARTID
360
100000C8
  0
DICTIONARY
  5
100000CA
330
100000C9
100
AcDbDictionary
280
     1
  3
BTDETID
360
100000CB
  3
BTPARTID
360
100000CC
  0
DICTIONARY
  5
100000CE
330
100000CD
100
AcDbDictionary
280
     1
  3
BTDETID
360
100000CF
  3
BTPARTID
360
100000D0
  0
DICTIONARY
  5
100000D2
330
100000D1
100
AcDbDictionary
280
     1
  3
BTDETID
360
100000D3
  3
BTPARTID
360
100000D4
  0
DICTIONARY
  5
100000D6
330
100000D5
100
AcDbDictionary
280
     1
  3
BTDETID
360
100000D7
  3
BTPARTID
360
100000D8
  0
DICTIONARY
  5
100000DA
330
100000D9
100
AcDbDictionary
280
     1
  3
BTDETID
360
100000DB
  3
BTPARTID
360
100000DC
  0
DICTIONARY
  5
100000DE
330
100000DD
100
AcDbDictionary
280
     1
  3
BTDETID
360
100000DF
  3
BTPARTID
360
100000E0
  0
DICTIONARY
  5
100000E2
330
100000E1
100
AcDbDictionary
280
     1
  3
BTDETID
360
100000E3
  3
BTPARTID
360
100000E4
  0
DICTIONARY
  5
100000E6
330
100000E5
100
AcDbDictionary
280
     1
  3
BTDETID
360
100000E7
  3
BTPARTID
360
100000E8
  0
DICTIONARY
  5
100000EA
330
100000E9
100
AcDbDictionary
280
     1
  3
BTDETID
360
100000EB
  3
BTPARTID
360
100000EC
  0
DICTIONARY
  5
100000EE
330
100000ED
100
AcDbDictionary
280
     1
  3
BTDETID
360
100000EF
  3
BTPARTID
360
100000F0
  0
DICTIONARY
  5
100000F2
330
100000F1
100
AcDbDictionary
280
     1
  3
BTDETID
360
100000F3
  3
BTPARTID
360
100000F4
  0
DICTIONARY
  5
100000F6
330
100000F5
100
AcDbDictionary
280
     1
  3
BTDETID
360
100000F7
  3
BTPARTID
360
100000F8
  0
DICTIONARY
  5
100000FA
330
100000F9
100
AcDbDictionary
280
     1
  3
BTDETID
360
100000FB
  3
BTPARTID
360
100000FC
  0
DICTIONARY
  5
100000FE
330
100000FD
100
AcDbDictionary
280
     1
  3
BTDETID
360
100000FF
  3
BTPARTID
360
10000100
  0
DICTIONARY
  5
10000102
330
10000101
100
AcDbDictionary
280
     1
  3
BTDETID
360
10000103
  3
BTPARTID
360
10000104
  0
DICTIONARY
  5
10000106
330
10000105
100
AcDbDictionary
280
     1
  3
BTDETID
360
10000107
  3
BTPARTID
360
10000108
  0
DICTIONARY
  5
1000010A
330
10000109
100
AcDbDictionary
280
     1
  3
BTDETID
360
1000010B
  3
BTPARTID
360
1000010C
  0
DICTIONARY
  5
1000010E
330
1000010D
100
AcDbDictionary
280
     1
  3
BTDETID
360
1000010F
  3
BTPARTID
360
10000110
  0
DICTIONARY
  5
10000112
330
10000111
100
AcDbDictionary
280
     1
  3
BTDETID
360
10000113
  3
BTPARTID
360
10000114
  0
DICTIONARY
  5
10000116
330
10000115
100
AcDbDictionary
280
     1
  3
BTDETID
360
10000117
  3
BTPARTID
360
10000118
  0
DICTIONARY
  5
1000011A
330
10000119
100
AcDbDictionary
280
     1
  3
BTDETID
360
1000011B
  3
BTPARTID
360
1000011C
  0
DICTIONARY
  5
1000011E
330
1000011D
100
AcDbDictionary
280
     1
  3
BTDETID
360
1000011F
  3
BTPARTID
360
10000120
  0
DICTIONARY
  5
10000122
330
10000121
100
AcDbDictionary
280
     1
  3
BTDETID
360
10000123
  3
BTPARTID
360
10000124
  0
DICTIONARY
  5
10000126
330
10000125
100
AcDbDictionary
280
     1
  3
BTDETID
360
10000127
  3
BTPARTID
360
10000128
  0
DICTIONARY
  5
1000012A
330
10000129
100
AcDbDictionary
280
     1
  3
BTDETID
360
1000012B
  3
BTPARTID
360
1000012C
  0
DICTIONARY
  5
1000012E
330
1000012D
100
AcDbDictionary
280
     1
  3
BTDETID
360
1000012F
  3
BTPARTID
360
10000130
  0
DICTIONARY
  5
10000132
330
10000131
100
AcDbDictionary
280
     1
  3
BTDETID
360
10000133
  3
BTPARTID
360
10000134
  0
DICTIONARY
  5
10000136
330
10000135
100
AcDbDictionary
280
     1
  3
BTDETID
360
10000137
  3
BTPARTID
360
10000138
  0
DICTIONARY
  5
1000013A
330
10000139
100
AcDbDictionary
280
     1
  3
BTDETID
360
1000013B
  3
BTPARTID
360
1000013C
  0
DICTIONARY
  5
1000013E
330
1000013D
100
AcDbDictionary
280
     1
  3
BTDETID
360
1000013F
  3
BTPARTID
360
10000140
  0
DICTIONARY
  5
10000142
330
10000141
100
AcDbDictionary
280
     1
  3
BTDETID
360
10000143
  3
BTPARTID
360
10000144
  0
DICTIONARY
  5
10000146
330
10000145
100
AcDbDictionary
280
     1
  3
BTDETID
360
10000147
  3
BTPARTID
360
10000148
  0
DICTIONARY
  5
1000014A
330
10000149
100
AcDbDictionary
280
     1
  3
BTDETID
360
1000014B
  3
BTPARTID
360
1000014C
  0
DICTIONARY
  5
1000014E
330
1000014D
100
AcDbDictionary
280
     1
  3
BTDETID
360
1000014F
  3
BTPARTID
360
10000150
  0
DICTIONARY
  5
10000152
330
10000151
100
AcDbDictionary
280
     1
  3
BTDETID
360
10000153
  3
BTPARTID
360
10000154
  0
DICTIONARY
  5
10000156
330
10000155
100
AcDbDictionary
280
     1
  3
BTDETID
360
10000157
  3
BTPARTID
360
10000158
  0
DICTIONARY
  5
1000015A
330
10000159
100
AcDbDictionary
280
     1
  3
BTDETID
360
1000015B
  3
BTPARTID
360
1000015C
  0
DICTIONARY
  5
1000015E
330
1000015D
100
AcDbDictionary
280
     1
  3
BTDETID
360
1000015F
  3
BTPARTID
360
10000160
  0
DICTIONARY
  5
10000162
330
10000161
100
AcDbDictionary
280
     1
  3
BTDETID
360
10000163
  3
BTPARTID
360
10000164
  0
DICTIONARY
  5
10000166
330
10000165
100
AcDbDictionary
280
     1
  3
BTDETID
360
10000167
  3
BTPARTID
360
10000168
  0
DICTIONARY
  5
1000016A
330
10000169
100
AcDbDictionary
280
     1
  3
BTDETID
360
1000016B
  3
BTPARTID
360
1000016C
  0
DICTIONARY
  5
1000016E
330
1000016D
100
AcDbDictionary
280
     1
  3
BTDETID
360
1000016F
  3
BTPARTID
360
10000170
  0
DICTIONARY
  5
10000172
330
10000171
100
AcDbDictionary
280
     1
  3
BTDETID
360
10000173
  3
BTPARTID
360
10000174
  0
DICTIONARY
  5
10000176
330
10000175
100
AcDbDictionary
280
     1
  3
BTDETID
360
10000177
  3
BTPARTID
360
10000178
  0
DICTIONARY
  5
1000017A
330
10000179
100
AcDbDictionary
280
     1
  3
BTDETID
360
1000017B
  3
BTPARTID
360
1000017C
  0
DICTIONARY
  5
1000017E
330
1000017D
100
AcDbDictionary
280
     1
  3
BTDETID
360
1000017F
  3
BTPARTID
360
10000180
  0
DICTIONARY
  5
10000182
330
10000181
100
AcDbDictionary
280
     1
  3
BTDETID
360
10000183
  3
BTPARTID
360
10000184
  0
DICTIONARY
  5
10000186
330
10000185
100
AcDbDictionary
280
     1
  3
BTDETID
360
10000187
  3
BTPARTID
360
10000188
  0
DICTIONARY
  5
1000018A
330
10000189
100
AcDbDictionary
280
     1
  3
BTDETID
360
1000018B
  3
BTPARTID
360
1000018C
  0
DICTIONARY
  5
1000018E
330
1000018D
100
AcDbDictionary
280
     1
  3
BTDETID
360
1000018F
  3
BTPARTID
360
10000190
  0
DICTIONARY
  5
10000192
330
10000191
100
AcDbDictionary
280
     1
  3
BTDETID
360
10000193
  3
BTPARTID
360
10000194
  0
DICTIONARY
  5
10000196
330
10000195
100
AcDbDictionary
280
     1
  3
BTDETID
360
10000197
  3
BTPARTID
360
10000198
  0
DICTIONARY
  5
1000019A
330
10000199
100
AcDbDictionary
280
     1
  3
BTDETID
360
1000019B
  3
BTPARTID
360
1000019C
  0
DICTIONARY
  5
1000019E
330
1000019D
100
AcDbDictionary
280
     1
  3
BTDETID
360
1000019F
  3
BTPARTID
360
100001A0
  0
DICTIONARY
  5
100001A2
330
100001A1
100
AcDbDictionary
280
     1
  3
BTDETID
360
100001A3
  3
BTPARTID
360
100001A4
  0
DICTIONARY
  5
100001A6
330
100001A5
100
AcDbDictionary
280
     1
  3
BTDETID
360
100001A7
  3
BTPARTID
360
100001A8
  0
DICTIONARY
  5
100001AA
330
100001A9
100
AcDbDictionary
280
     1
  3
BTDETID
360
100001AB
  3
BTPARTID
360
100001AC
  0
DICTIONARY
  5
100001AE
330
100001AD
100
AcDbDictionary
280
     1
  3
BTDETID
360
100001AF
  3
BTPARTID
360
100001B0
  0
DICTIONARY
  5
100001B2
330
100001B1
100
AcDbDictionary
280
     1
  3
BTDETID
360
100001B3
  3
BTPARTID
360
100001B4
  0
DICTIONARY
  5
100001B6
330
100001B5
100
AcDbDictionary
280
     1
  3
BTDETID
360
100001B7
  3
BTPARTID
360
100001B8
  0
DICTIONARY
  5
100001BA
330
100001B9
100
AcDbDictionary
280
     1
  3
BTDETID
360
100001BB
  3
BTPARTID
360
100001BC
  0
DICTIONARY
  5
100001BE
330
100001BD
100
AcDbDictionary
280
     1
  3
BTDETID
360
100001BF
  3
BTPARTID
360
100001C0
  0
DICTIONARY
  5
100001C2
330
100001C1
100
AcDbDictionary
280
     1
  3
BTDETID
360
100001C3
  3
BTPARTID
360
100001C4
  0
DICTIONARY
  5
100001C6
330
100001C5
100
AcDbDictionary
280
     1
  3
BTDETID
360
100001C7
  3
BTPARTID
360
100001C8
  0
DICTIONARY
  5
100001CA
330
100001C9
100
AcDbDictionary
280
     1
  3
BTDETID
360
100001CB
  3
BTPARTID
360
100001CC
  0
DICTIONARY
  5
100001CE
330
100001CD
100
AcDbDictionary
280
     1
  3
BTDETID
360
100001CF
  3
BTPARTID
360
100001D0
  0
DICTIONARY
  5
100001D2
330
100001D1
100
AcDbDictionary
280
     1
  3
BTDETID
360
100001D3
  3
BTPARTID
360
100001D4
  0
DICTIONARY
  5
100001D6
330
100001D5
100
AcDbDictionary
280
     1
  3
BTDETID
360
100001D7
  3
BTPARTID
360
100001D8
  0
DICTIONARY
  5
100001DA
330
100001D9
100
AcDbDictionary
280
     1
  3
BTDETID
360
100001DB
  3
BTPARTID
360
100001DC
  0
DICTIONARY
  5
100001DE
330
100001DD
100
AcDbDictionary
280
     1
  3
BTDETID
360
100001DF
  3
BTPARTID
360
100001E0
  0
DICTIONARY
  5
100001E2
330
100001E1
100
AcDbDictionary
280
     1
  3
BTDETID
360
100001E3
  3
BTPARTID
360
100001E4
  0
DICTIONARY
  5
100001E6
330
100001E5
100
AcDbDictionary
280
     1
  3
BTDETID
360
100001E7
  3
BTPARTID
360
100001E8
  0
DICTIONARY
  5
100001EA
330
100001E9
100
AcDbDictionary
280
     1
  3
BTDETID
360
100001EB
  3
BTPARTID
360
100001EC
  0
DICTIONARY
  5
100001EE
330
100001ED
100
AcDbDictionary
280
     1
  3
BTDETID
360
100001EF
  3
BTPARTID
360
100001F0
  0
DICTIONARY
  5
100001F2
330
100001F1
100
AcDbDictionary
280
     1
  3
BTDETID
360
100001F3
  3
BTPARTID
360
100001F4
  0
DICTIONARY
  5
100001F6
330
100001F5
100
AcDbDictionary
280
     1
  3
BTDETID
360
100001F7
  3
BTPARTID
360
100001F8
  0
DICTIONARY
  5
100001FA
330
100001F9
100
AcDbDictionary
280
     1
  3
BTDETID
360
100001FB
  3
BTPARTID
360
100001FC
  0
DICTIONARY
  5
100001FE
330
100001FD
100
AcDbDictionary
280
     1
  3
BTDETID
360
100001FF
  3
BTPARTID
360
10000200
  0
DICTIONARY
  5
10000202
330
10000201
100
AcDbDictionary
280
     1
  3
BTDETID
360
10000203
  3
BTPARTID
360
10000204
  0
DICTIONARY
  5
10000206
330
10000205
100
AcDbDictionary
280
     1
  3
BTDETID
360
10000207
  3
BTPARTID
360
10000208
  0
DICTIONARY
  5
1000020A
330
10000209
100
AcDbDictionary
280
     1
  3
BTDETID
360
1000020B
  3
BTPARTID
360
1000020C
  0
DICTIONARY
  5
1000020E
330
1000020D
100
AcDbDictionary
280
     1
  3
BTDETID
360
1000020F
  3
BTPARTID
360
10000210
  0
DICTIONARY
  5
10000212
330
10000211
100
AcDbDictionary
280
     1
  3
BTDETID
360
10000213
  3
BTPARTID
360
10000214
  0
DICTIONARY
  5
10000216
330
10000215
100
AcDbDictionary
280
     1
  3
BTDETID
360
10000217
  3
BTPARTID
360
10000218
  0
DICTIONARY
  5
1000021A
330
10000219
100
AcDbDictionary
280
     1
  3
BTDETID
360
1000021B
  3
BTPARTID
360
1000021C
  0
DICTIONARY
  5
1000021E
330
1000021D
100
AcDbDictionary
280
     1
  3
BTDETID
360
1000021F
  3
BTPARTID
360
10000220
  0
DICTIONARY
  5
10000222
330
10000221
100
AcDbDictionary
280
     1
  3
BTDETID
360
10000223
  3
BTPARTID
360
10000224
  0
DICTIONARY
  5
10000226
330
10000225
100
AcDbDictionary
280
     1
  3
BTDETID
360
10000227
  3
BTPARTID
360
10000228
  0
DICTIONARY
  5
1000022A
330
10000229
100
AcDbDictionary
280
     1
  3
BTDETID
360
1000022B
  3
BTPARTID
360
1000022C
  0
DICTIONARY
  5
1000022E
330
1000022D
100
AcDbDictionary
280
     1
  3
BTDETID
360
1000022F
  3
BTPARTID
360
10000230
  0
DICTIONARY
  5
10000232
330
10000231
100
AcDbDictionary
280
     1
  3
BTDETID
360
10000233
  3
BTPARTID
360
10000234
  0
DICTIONARY
  5
10000236
330
10000235
100
AcDbDictionary
280
     1
  3
BTDETID
360
10000237
  3
BTPARTID
360
10000238
  0
DICTIONARY
  5
1000023A
330
10000239
100
AcDbDictionary
280
     1
  3
BTDETID
360
1000023B
  3
BTPARTID
360
1000023C
  0
DICTIONARY
  5
1000023E
330
1000023D
100
AcDbDictionary
280
     1
  3
BTDETID
360
1000023F
  3
BTPARTID
360
10000240
  0
DICTIONARY
  5
10000242
330
10000241
100
AcDbDictionary
280
     1
  3
BTDETID
360
10000243
  3
BTPARTID
360
10000244
  0
DICTIONARY
  5
10000246
330
10000245
100
AcDbDictionary
280
     1
  3
BTDETID
360
10000247
  3
BTPARTID
360
10000248
  0
DICTIONARY
  5
1000024A
330
10000249
100
AcDbDictionary
280
     1
  3
BTDETID
360
1000024B
  3
BTPARTID
360
1000024C
  0
DICTIONARY
  5
1000024E
330
1000024D
100
AcDbDictionary
280
     1
  3
BTDETID
360
1000024F
  3
BTPARTID
360
10000250
  0
DICTIONARY
  5
10000252
330
10000251
100
AcDbDictionary
280
     1
  3
BTDETID
360
10000253
  3
BTPARTID
360
10000254
  0
DICTIONARY
  5
10000256
330
10000255
100
AcDbDictionary
280
     1
  3
BTDETID
360
10000257
  3
BTPARTID
360
10000258
  0
DICTIONARY
  5
1000025A
330
10000259
100
AcDbDictionary
280
     1
  3
BTDETID
360
1000025B
  3
BTPARTID
360
1000025C
  0
DICTIONARY
  5
1000025E
330
1000025D
100
AcDbDictionary
280
     1
  3
BTDETID
360
1000025F
  3
BTPARTID
360
10000260
  0
DICTIONARY
  5
10000262
330
10000261
100
AcDbDictionary
280
     1
  3
BTDETID
360
10000263
  3
BTPARTID
360
10000264
  0
DICTIONARY
  5
10000266
330
10000265
100
AcDbDictionary
280
     1
  3
BTDETID
360
10000267
  3
BTPARTID
360
10000268
  0
DICTIONARY
  5
1000026A
330
10000269
100
AcDbDictionary
280
     1
  3
BTDETID
360
1000026B
  3
BTPARTID
360
1000026C
  0
DICTIONARY
  5
1000026E
330
1000026D
100
AcDbDictionary
280
     1
  3
BTDETID
360
1000026F
  3
BTPARTID
360
10000270
  0
DICTIONARY
  5
10000272
330
10000271
100
AcDbDictionary
280
     1
  3
BTDETID
360
10000273
  3
BTPARTID
360
10000274
  0
DICTIONARY
  5
10000276
330
10000275
100
AcDbDictionary
280
     1
  3
BTDETID
360
10000277
  3
BTPARTID
360
10000278
  0
DICTIONARY
  5
1000027A
330
10000279
100
AcDbDictionary
280
     1
  3
BTDETID
360
1000027B
  3
BTPARTID
360
1000027C
  0
DICTIONARY
  5
1000027E
330
1000027D
100
AcDbDictionary
280
     1
  3
BTDETID
360
1000027F
  3
BTPARTID
360
10000280
  0
DICTIONARY
  5
10000282
330
10000281
100
AcDbDictionary
280
     1
  3
BTDETID
360
10000283
  3
BTPARTID
360
10000284
  0
DICTIONARY
  5
10000286
330
10000285
100
AcDbDictionary
280
     1
  3
BTDETID
360
10000287
  3
BTPARTID
360
10000288
  0
DICTIONARY
  5
1000028A
330
10000289
100
AcDbDictionary
280
     1
  3
BTDETID
360
1000028B
  3
BTPARTID
360
1000028C
  0
DICTIONARY
  5
1000028E
330
1000028D
100
AcDbDictionary
280
     1
  3
BTDETID
360
1000028F
  3
BTPARTID
360
10000290
  0
DICTIONARY
  5
10000292
330
10000291
100
AcDbDictionary
280
     1
  3
BTDETID
360
10000293
  3
BTPARTID
360
10000294
  0
DICTIONARY
  5
10000296
330
10000295
100
AcDbDictionary
280
     1
  3
BTDETID
360
10000297
  3
BTPARTID
360
10000298
  0
DICTIONARY
  5
1000029A
330
10000299
100
AcDbDictionary
280
     1
  3
BTDETID
360
1000029B
  3
BTPARTID
360
1000029C
  0
DICTIONARY
  5
1000029E
330
1000029D
100
AcDbDictionary
280
     1
  3
BTDETID
360
1000029F
  3
BTPARTID
360
100002A0
  0
DICTIONARY
  5
100002A2
330
100002A1
100
AcDbDictionary
280
     1
  3
BTDETID
360
100002A3
  3
BTPARTID
360
100002A4
  0
DICTIONARY
  5
100002A6
330
100002A5
100
AcDbDictionary
280
     1
  3
BTDETID
360
100002A7
  3
BTPARTID
360
100002A8
  0
DICTIONARY
  5
100002AA
330
100002A9
100
AcDbDictionary
280
     1
  3
BTDETID
360
100002AB
  3
BTPARTID
360
100002AC
  0
DICTIONARY
  5
100002AE
330
100002AD
100
AcDbDictionary
280
     1
  3
BTDETID
360
100002AF
  3
BTPARTID
360
100002B0
  0
DICTIONARY
  5
100002B2
330
100002B1
100
AcDbDictionary
280
     1
  3
BTDETID
360
100002B3
  3
BTPARTID
360
100002B4
  0
DICTIONARY
  5
100002B6
330
100002B5
100
AcDbDictionary
280
     1
  3
BTDETID
360
100002B7
  3
BTPARTID
360
100002B8
  0
DICTIONARY
  5
100002BA
330
100002B9
100
AcDbDictionary
280
     1
  3
BTDETID
360
100002BB
  3
BTPARTID
360
100002BC
  0
DICTIONARY
  5
100002BE
330
100002BD
100
AcDbDictionary
280
     1
  3
BTDETID
360
100002BF
  3
BTPARTID
360
100002C0
  0
DICTIONARY
  5
100002C2
330
100002C1
100
AcDbDictionary
280
     1
  3
BTDETID
360
100002C3
  3
BTPARTID
360
100002C4
  0
DICTIONARY
  5
100002C6
330
100002C5
100
AcDbDictionary
280
     1
  3
BTDETID
360
100002C7
  3
BTPARTID
360
100002C8
  0
DICTIONARY
  5
100002CA
330
100002C9
100
AcDbDictionary
280
     1
  3
BTDETID
360
100002CB
  3
BTPARTID
360
100002CC
  0
DICTIONARY
  5
100002CE
330
100002CD
100
AcDbDictionary
280
     1
  3
BTDETID
360
100002CF
  3
BTPARTID
360
100002D0
  0
DICTIONARY
  5
100002D2
330
100002D1
100
AcDbDictionary
280
     1
  3
BTDETID
360
100002D3
  3
BTPARTID
360
100002D4
  0
DICTIONARY
  5
100002D6
330
100002D5
100
AcDbDictionary
280
     1
  3
BTDETID
360
100002D7
  3
BTPARTID
360
100002D8
  0
DICTIONARY
  5
100002DA
330
100002D9
100
AcDbDictionary
280
     1
  3
BTDETID
360
100002DB
  3
BTPARTID
360
100002DC
  0
DICTIONARY
  5
100002DE
330
100002DD
100
AcDbDictionary
280
     1
  3
BTDETID
360
100002DF
  3
BTPARTID
360
100002E0
  0
DICTIONARY
  5
100002E2
330
100002E1
100
AcDbDictionary
280
     1
  3
BTDETID
360
100002E3
  3
BTPARTID
360
100002E4
  0
DICTIONARY
  5
100002E6
330
100002E5
100
AcDbDictionary
280
     1
  3
BTDETID
360
100002E7
  3
BTPARTID
360
100002E8
  0
DICTIONARY
  5
100002EA
330
100002E9
100
AcDbDictionary
280
     1
  3
BTDETID
360
100002EB
  3
BTPARTID
360
100002EC
  0
DICTIONARY
  5
100002EE
330
100002ED
100
AcDbDictionary
280
     1
  3
BTDETID
360
100002EF
  3
BTPARTID
360
100002F0
  0
DICTIONARY
  5
100002F2
330
100002F1
100
AcDbDictionary
280
     1
  3
BTDETID
360
100002F3
  3
BTPARTID
360
100002F4
  0
DICTIONARY
  5
100002F6
330
100002F5
100
AcDbDictionary
280
     1
  3
BTDETID
360
100002F7
  3
BTPARTID
360
100002F8
  0
DICTIONARY
  5
100002FA
330
100002F9
100
AcDbDictionary
280
     1
  3
BTDETID
360
100002FB
  3
BTPARTID
360
100002FC
  0
DICTIONARY
  5
100002FE
330
100002FD
100
AcDbDictionary
280
     1
  3
BTDETID
360
100002FF
  3
BTPARTID
360
10000300
  0
DICTIONARY
  5
10000302
330
10000301
100
AcDbDictionary
280
     1
  3
BTDETID
360
10000303
  3
BTPARTID
360
10000304
  0
DICTIONARY
  5
10000306
330
10000305
100
AcDbDictionary
280
     1
  3
BTDETID
360
10000307
  3
BTPARTID
360
10000308
  0
DICTIONARY
  5
1000030A
330
10000309
100
AcDbDictionary
280
     1
  3
BTDETID
360
1000030B
  3
BTPARTID
360
1000030C
  0
DICTIONARY
  5
1000030E
330
1000030D
100
AcDbDictionary
280
     1
  3
BTDETID
360
1000030F
  3
BTPARTID
360
10000310
  0
DICTIONARY
  5
10000312
330
10000311
100
AcDbDictionary
280
     1
  3
BTDETID
360
10000313
  3
BTPARTID
360
10000314
  0
DICTIONARY
  5
10000316
330
10000315
100
AcDbDictionary
280
     1
  3
BTDETID
360
10000317
  3
BTPARTID
360
10000318
  0
DICTIONARY
  5
1000031A
330
10000319
100
AcDbDictionary
280
     1
  3
BTDETID
360
1000031B
  3
BTPARTID
360
1000031C
  0
DICTIONARY
  5
1000031E
330
1000031D
100
AcDbDictionary
280
     1
  3
BTDETID
360
1000031F
  3
BTPARTID
360
10000320
  0
DICTIONARY
  5
10000322
330
10000321
100
AcDbDictionary
280
     1
  3
BTDETID
360
10000323
  3
BTPARTID
360
10000324
  0
DICTIONARY
  5
10000326
330
10000325
100
AcDbDictionary
280
     1
  3
BTDETID
360
10000327
  3
BTPARTID
360
10000328
  0
DICTIONARY
  5
1000032A
330
10000329
100
AcDbDictionary
280
     1
  3
BTDETID
360
1000032B
  3
BTPARTID
360
1000032C
  0
DICTIONARY
  5
1000032E
330
1000032D
100
AcDbDictionary
280
     1
  3
BTDETID
360
1000032F
  3
BTPARTID
360
10000330
  0
DICTIONARY
  5
10000332
330
10000331
100
AcDbDictionary
280
     1
  3
BTDETID
360
10000333
  3
BTPARTID
360
10000334
  0
DICTIONARY
  5
10000336
330
10000335
100
AcDbDictionary
280
     1
  3
BTDETID
360
10000337
  3
BTPARTID
360
10000338
  0
DICTIONARY
  5
1000033A
330
10000339
100
AcDbDictionary
280
     1
  3
BTDETID
360
1000033B
  3
BTPARTID
360
1000033C
  0
DICTIONARY
  5
1000033E
330
1000033D
100
AcDbDictionary
280
     1
  3
BTDETID
360
1000033F
  3
BTPARTID
360
10000340
  0
DICTIONARY
  5
10000342
330
10000341
100
AcDbDictionary
280
     1
  3
BTDETID
360
10000343
  3
BTPARTID
360
10000344
  0
DICTIONARY
  5
10000346
330
10000345
100
AcDbDictionary
280
     1
  3
BTDETID
360
10000347
  3
BTPARTID
360
10000348
  0
DICTIONARY
  5
1000034A
330
10000349
100
AcDbDictionary
280
     1
  3
BTDETID
360
1000034B
  3
BTPARTID
360
1000034C
  0
DICTIONARY
  5
1000034E
330
1000034D
100
AcDbDictionary
280
     1
  3
BTDETID
360
1000034F
  3
BTPARTID
360
10000350
  0
DICTIONARY
  5
10000352
330
10000351
100
AcDbDictionary
280
     1
  3
BTDETID
360
10000353
  3
BTPARTID
360
10000354
  0
DICTIONARY
  5
10000356
330
10000355
100
AcDbDictionary
280
     1
  3
BTDETID
360
10000357
  3
BTPARTID
360
10000358
  0
DICTIONARY
  5
1000035A
330
10000359
100
AcDbDictionary
280
     1
  3
BTDETID
360
1000035B
  3
BTPARTID
360
1000035C
  0
DICTIONARY
  5
1000035E
330
1000035D
100
AcDbDictionary
280
     1
  3
BTDETID
360
1000035F
  3
BTPARTID
360
10000360
  0
DICTIONARY
  5
10000362
330
10000361
100
AcDbDictionary
280
     1
  3
BTDETID
360
10000363
  3
BTPARTID
360
10000364
  0
DICTIONARY
  5
10000366
330
10000365
100
AcDbDictionary
280
     1
  3
BTDETID
360
10000367
  3
BTPARTID
360
10000368
  0
DICTIONARY
  5
1000036A
330
10000369
100
AcDbDictionary
280
     1
  3
BTDETID
360
1000036B
  3
BTPARTID
360
1000036C
  0
DICTIONARY
  5
1000036E
330
1000036D
100
AcDbDictionary
280
     1
  3
BTDETID
360
1000036F
  3
BTPARTID
360
10000370
  0
DICTIONARY
  5
10000372
330
10000371
100
AcDbDictionary
280
     1
  3
BTDETID
360
10000373
  3
BTPARTID
360
10000374
  0
DICTIONARY
  5
10000376
330
10000375
100
AcDbDictionary
280
     1
  3
BTDETID
360
10000377
  3
BTPARTID
360
10000378
  0
DICTIONARY
  5
1000037A
330
10000379
100
AcDbDictionary
280
     1
  3
BTDETID
360
1000037B
  3
BTPARTID
360
1000037C
  0
DICTIONARY
  5
1000037E
330
1000037D
100
AcDbDictionary
280
     1
  3
BTDETID
360
1000037F
  3
BTPARTID
360
10000380
  0
DICTIONARY
  5
10000382
330
10000381
100
AcDbDictionary
280
     1
  3
BTDETID
360
10000383
  3
BTPARTID
360
10000384
  0
DICTIONARY
  5
10000386
330
10000385
100
AcDbDictionary
280
     1
  3
BTDETID
360
10000387
  3
BTPARTID
360
10000388
  0
DICTIONARY
  5
1000038A
330
10000389
100
AcDbDictionary
280
     1
  3
BTDETID
360
1000038B
  3
BTPARTID
360
1000038C
  0
DICTIONARY
  5
1000038E
330
1000038D
100
AcDbDictionary
280
     1
  3
BTDETID
360
1000038F
  3
BTPARTID
360
10000390
  0
DICTIONARY
  5
10000392
330
10000391
100
AcDbDictionary
280
     1
  3
BTDETID
360
10000393
  3
BTPARTID
360
10000394
  0
DICTIONARY
  5
10000396
330
10000395
100
AcDbDictionary
280
     1
  3
BTDETID
360
10000397
  3
BTPARTID
360
10000398
  0
DICTIONARY
  5
1000039A
330
10000399
100
AcDbDictionary
280
     1
  3
BTDETID
360
1000039B
  3
BTPARTID
360
1000039C
  0
DICTIONARY
  5
1000039E
330
1000039D
100
AcDbDictionary
280
     1
  3
BTDETID
360
1000039F
  3
BTPARTID
360
100003A0
  0
DICTIONARY
  5
100003A2
330
100003A1
100
AcDbDictionary
280
     1
  3
BTDETID
360
100003A3
  3
BTPARTID
360
100003A4
  0
DICTIONARY
  5
100003A6
330
100003A5
100
AcDbDictionary
280
     1
  3
BTDETID
360
100003A7
  3
BTPARTID
360
100003A8
  0
DICTIONARY
  5
100003AA
330
100003A9
100
AcDbDictionary
280
     1
  3
BTDETID
360
100003AB
  3
BTPARTID
360
100003AC
  0
DICTIONARY
  5
100003AE
330
100003AD
100
AcDbDictionary
280
     1
  3
BTDETID
360
100003AF
  3
BTPARTID
360
100003B0
  0
DICTIONARY
  5
100003B2
330
100003B1
100
AcDbDictionary
280
     1
  3
BTDETID
360
100003B3
  3
BTPARTID
360
100003B4
  0
DICTIONARY
  5
100003B6
330
100003B5
100
AcDbDictionary
280
     1
  3
BTDETID
360
100003B7
  3
BTPARTID
360
100003B8
  0
DICTIONARY
  5
100003BA
330
100003B9
100
AcDbDictionary
280
     1
  3
BTDETID
360
100003BB
  3
BTPARTID
360
100003BC
  0
DICTIONARY
  5
100003BE
330
100003BD
100
AcDbDictionary
280
     1
  3
BTDETID
360
100003BF
  3
BTPARTID
360
100003C0
  0
DICTIONARY
  5
100003C2
330
100003C1
100
AcDbDictionary
280
     1
  3
BTDETID
360
100003C3
  3
BTPARTID
360
100003C4
  0
DICTIONARY
  5
100003C6
330
100003C5
100
AcDbDictionary
280
     1
  3
BTDETID
360
100003C7
  3
BTPARTID
360
100003C8
  0
DICTIONARY
  5
100003CA
330
100003C9
100
AcDbDictionary
280
     1
  3
BTDETID
360
100003CB
  3
BTPARTID
360
100003CC
  0
DICTIONARY
  5
100003CE
330
100003CD
100
AcDbDictionary
280
     1
  3
BTDETID
360
100003CF
  3
BTPARTID
360
100003D0
  0
DICTIONARY
  5
100003D2
330
100003D1
100
AcDbDictionary
280
     1
  3
BTDETID
360
100003D3
  3
BTPARTID
360
100003D4
  0
DICTIONARY
  5
100003D6
330
100003D5
100
AcDbDictionary
280
     1
  3
BTDETID
360
100003D7
  3
BTPARTID
360
100003D8
  0
DICTIONARY
  5
100003DA
330
100003D9
100
AcDbDictionary
280
     1
  3
BTDETID
360
100003DB
  3
BTPARTID
360
100003DC
  0
DICTIONARY
  5
100003DE
330
100003DD
100
AcDbDictionary
280
     1
  3
BTDETID
360
100003DF
  3
BTPARTID
360
100003E0
  0
DICTIONARY
  5
100003E2
330
100003E1
100
AcDbDictionary
280
     1
  3
BTDETID
360
100003E3
  3
BTPARTID
360
100003E4
  0
DICTIONARY
  5
100003E6
330
100003E5
100
AcDbDictionary
280
     1
  3
BTDETID
360
100003E7
  3
BTPARTID
360
100003E8
  0
DICTIONARY
  5
100003EA
330
100003E9
100
AcDbDictionary
280
     1
  3
BTDETID
360
100003EB
  3
BTPARTID
360
100003EC
  0
DICTIONARY
  5
100003EE
330
100003ED
100
AcDbDictionary
280
     1
  3
BTDETID
360
100003EF
  3
BTPARTID
360
100003F0
  0
DICTIONARY
  5
100003F2
330
100003F1
100
AcDbDictionary
280
     1
  3
BTDETID
360
100003F3
  3
BTPARTID
360
100003F4
  0
DICTIONARY
  5
100003F6
330
100003F5
100
AcDbDictionary
280
     1
  3
BTDETID
360
100003F7
  3
BTPARTID
360
100003F8
  0
DICTIONARY
  5
100003FA
330
100003F9
100
AcDbDictionary
280
     1
  3
BTDETID
360
100003FB
  3
BTPARTID
360
100003FC
  0
DICTIONARY
  5
100003FE
330
100003FD
100
AcDbDictionary
280
     1
  3
BTDETID
360
100003FF
  3
BTPARTID
360
10000400
  0
DICTIONARY
  5
10000402
330
10000401
100
AcDbDictionary
280
     1
  3
BTDETID
360
10000403
  3
BTPARTID
360
10000404
  0
DICTIONARY
  5
10000406
330
10000405
100
AcDbDictionary
280
     1
  3
BTDETID
360
10000407
  3
BTPARTID
360
10000408
  0
DICTIONARY
  5
1000040A
330
10000409
100
AcDbDictionary
280
     1
  3
BTDETID
360
1000040B
  3
BTPARTID
360
1000040C
  0
DICTIONARY
  5
1000040E
330
1000040D
100
AcDbDictionary
280
     1
  3
BTDETID
360
1000040F
  3
BTPARTID
360
10000410
  0
DICTIONARY
  5
10000412
330
10000411
100
AcDbDictionary
280
     1
  3
BTDETID
360
10000413
  3
BTPARTID
360
10000414
  0
DICTIONARY
  5
10000416
330
10000415
100
AcDbDictionary
280
     1
  3
BTDETID
360
10000417
  3
BTPARTID
360
10000418
  0
DICTIONARY
  5
1000041A
330
10000419
100
AcDbDictionary
280
     1
  3
BTDETID
360
1000041B
  3
BTPARTID
360
1000041C
  0
DICTIONARY
  5
1000041E
330
1000041D
100
AcDbDictionary
280
     1
  3
BTDETID
360
1000041F
  3
BTPARTID
360
10000420
  0
DICTIONARY
  5
10000422
330
10000421
100
AcDbDictionary
280
     1
  3
BTDETID
360
10000423
  3
BTPARTID
360
10000424
  0
DICTIONARY
  5
10000426
330
10000425
100
AcDbDictionary
280
     1
  3
BTDETID
360
10000427
  3
BTPARTID
360
10000428
  0
DICTIONARY
  5
1000042A
330
10000429
100
AcDbDictionary
280
     1
  3
BTDETID
360
1000042B
  3
BTPARTID
360
1000042C
  0
DICTIONARY
  5
1000042E
330
1000042D
100
AcDbDictionary
280
     1
  3
BTDETID
360
1000042F
  3
BTPARTID
360
10000430
  0
DICTIONARY
  5
10000432
330
10000431
100
AcDbDictionary
280
     1
  3
BTDETID
360
10000433
  3
BTPARTID
360
10000434
  0
DICTIONARY
  5
10000436
330
10000435
100
AcDbDictionary
280
     1
  3
BTDETID
360
10000437
  3
BTPARTID
360
10000438
  0
DICTIONARY
  5
1000043A
330
10000439
100
AcDbDictionary
280
     1
  3
BTDETID
360
1000043B
  3
BTPARTID
360
1000043C
  0
DICTIONARY
  5
1000043E
330
1000043D
100
AcDbDictionary
280
     1
  3
BTDETID
360
1000043F
  3
BTPARTID
360
10000440
  0
DICTIONARY
  5
10000442
330
10000441
100
AcDbDictionary
280
     1
  3
BTDETID
360
10000443
  3
BTPARTID
360
10000444
  0
DICTIONARY
  5
10000446
330
10000445
100
AcDbDictionary
280
     1
  3
BTDETID
360
10000447
  3
BTPARTID
360
10000448
  0
DICTIONARY
  5
1000044A
330
10000449
100
AcDbDictionary
280
     1
  3
BTDETID
360
1000044B
  3
BTPARTID
360
1000044C
  0
DICTIONARY
  5
1000044E
330
1000044D
100
AcDbDictionary
280
     1
  3
BTDETID
360
1000044F
  3
BTPARTID
360
10000450
  0
DICTIONARY
  5
10000452
330
10000451
100
AcDbDictionary
280
     1
  3
BTDETID
360
10000453
  3
BTPARTID
360
10000454
  0
DICTIONARY
  5
10000456
330
10000455
100
AcDbDictionary
280
     1
  3
BTDETID
360
10000457
  3
BTPARTID
360
10000458
  0
DICTIONARY
  5
1000045A
330
10000459
100
AcDbDictionary
280
     1
  3
BTDETID
360
1000045B
  3
BTPARTID
360
1000045C
  0
DICTIONARY
  5
1000045E
330
1000045D
100
AcDbDictionary
280
     1
  3
BTDETID
360
1000045F
  3
BTPARTID
360
10000460
  0
DICTIONARY
  5
10000462
330
10000461
100
AcDbDictionary
280
     1
  3
BTDETID
360
10000463
  3
BTPARTID
360
10000464
  0
DICTIONARY
  5
10000466
330
10000465
100
AcDbDictionary
280
     1
  3
BTDETID
360
10000467
  3
BTPARTID
360
10000468
  0
DICTIONARY
  5
1000046A
330
10000469
100
AcDbDictionary
280
     1
  3
BTDETID
360
1000046B
  3
BTPARTID
360
1000046C
  0
DICTIONARY
  5
1000046E
330
1000046D
100
AcDbDictionary
280
     1
  3
BTDETID
360
1000046F
  3
BTPARTID
360
10000470
  0
DICTIONARY
  5
10000472
330
10000471
100
AcDbDictionary
280
     1
  3
BTDETID
360
10000473
  3
BTPARTID
360
10000474
  0
DICTIONARY
  5
10000476
330
10000475
100
AcDbDictionary
280
     1
  3
BTDETID
360
10000477
  3
BTPARTID
360
10000478
  0
DICTIONARY
  5
1000047A
330
10000479
100
AcDbDictionary
280
     1
  3
BTDETID
360
1000047B
  3
BTPARTID
360
1000047C
  0
DICTIONARY
  5
1000047E
330
1000047D
100
AcDbDictionary
280
     1
  3
BTDETID
360
1000047F
  3
BTPARTID
360
10000480
  0
DICTIONARY
  5
10000482
330
10000481
100
AcDbDictionary
280
     1
  3
BTDETID
360
10000483
  3
BTPARTID
360
10000484
  0
DICTIONARY
  5
10000486
330
10000485
100
AcDbDictionary
280
     1
  3
BTDETID
360
10000487
  3
BTPARTID
360
10000488
  0
DICTIONARY
  5
1000048A
330
10000489
100
AcDbDictionary
280
     1
  3
BTDETID
360
1000048B
  3
BTPARTID
360
1000048C
  0
DICTIONARY
  5
1000048E
330
1000048D
100
AcDbDictionary
280
     1
  3
BTDETID
360
1000048F
  3
BTPARTID
360
10000490
  0
DICTIONARY
  5
10000492
330
10000491
100
AcDbDictionary
280
     1
  3
BTDETID
360
10000493
  3
BTPARTID
360
10000494
  0
DICTIONARY
  5
10000496
330
10000495
100
AcDbDictionary
280
     1
  3
BTDETID
360
10000497
  3
BTPARTID
360
10000498
  0
DICTIONARY
  5
1000049A
330
10000499
100
AcDbDictionary
280
     1
  3
BTDETID
360
1000049B
  3
BTPARTID
360
1000049C
  0
DICTIONARY
  5
1000049E
330
1000049D
100
AcDbDictionary
280
     1
  3
BTDETID
360
1000049F
  3
BTPARTID
360
100004A0
  0
DICTIONARY
  5
100004A2
330
100004A1
100
AcDbDictionary
280
     1
  3
BTDETID
360
100004A3
  3
BTPARTID
360
100004A4
  0
DICTIONARY
  5
100004A6
330
100004A5
100
AcDbDictionary
280
     1
  3
BTDETID
360
100004A7
  3
BTPARTID
360
100004A8
  0
DICTIONARY
  5
100004AA
330
100004A9
100
AcDbDictionary
280
     1
  3
BTDETID
360
100004AB
  3
BTPARTID
360
100004AC
  0
DICTIONARY
  5
100004AE
330
100004AD
100
AcDbDictionary
280
     1
  3
BTDETID
360
100004AF
  3
BTPARTID
360
100004B0
  0
DICTIONARY
  5
100004B2
330
100004B1
100
AcDbDictionary
280
     1
  3
BTDETID
360
100004B3
  3
BTPARTID
360
100004B4
  0
DICTIONARY
  5
100004B6
330
100004B5
100
AcDbDictionary
280
     1
  3
BTDETID
360
100004B7
  3
BTPARTID
360
100004B8
  0
DICTIONARY
  5
100004BA
330
100004B9
100
AcDbDictionary
280
     1
  3
BTDETID
360
100004BB
  3
BTPARTID
360
100004BC
  0
DICTIONARY
  5
100004BE
330
100004BD
100
AcDbDictionary
280
     1
  3
BTDETID
360
100004BF
  3
BTPARTID
360
100004C0
  0
DICTIONARY
  5
100004C2
330
100004C1
100
AcDbDictionary
280
     1
  3
BTDETID
360
100004C3
  3
BTPARTID
360
100004C4
  0
DICTIONARY
  5
100004C6
330
100004C5
100
AcDbDictionary
280
     1
  3
BTDETID
360
100004C7
  3
BTPARTID
360
100004C8
  0
DICTIONARY
  5
100004CA
330
100004C9
100
AcDbDictionary
280
     1
  3
BTDETID
360
100004CB
  3
BTPARTID
360
100004CC
  0
DICTIONARY
  5
100004CE
330
100004CD
100
AcDbDictionary
280
     1
  3
BTDETID
360
100004CF
  3
BTPARTID
360
100004D0
  0
DICTIONARY
  5
100004D2
330
100004D1
100
AcDbDictionary
280
     1
  3
BTDETID
360
100004D3
  3
BTPARTID
360
100004D4
  0
DICTIONARY
  5
100004D6
330
100004D5
100
AcDbDictionary
280
     1
  3
BTDETID
360
100004D7
  3
BTPARTID
360
100004D8
  0
DICTIONARY
  5
100004DA
330
100004D9
100
AcDbDictionary
280
     1
  3
BTDETID
360
100004DB
  3
BTPARTID
360
100004DC
  0
DICTIONARY
  5
100004DE
330
100004DD
100
AcDbDictionary
280
     1
  3
BTDETID
360
100004DF
  3
BTPARTID
360
100004E0
  0
DICTIONARY
  5
100004E2
330
100004E1
100
AcDbDictionary
280
     1
  3
BTDETID
360
100004E3
  3
BTPARTID
360
100004E4
  0
DICTIONARY
  5
100004E6
330
100004E5
100
AcDbDictionary
280
     1
  3
BTDETID
360
100004E7
  3
BTPARTID
360
100004E8
  0
DICTIONARY
  5
100004EA
330
100004E9
100
AcDbDictionary
280
     1
  3
BTDETID
360
100004EB
  3
BTPARTID
360
100004EC
  0
DICTIONARY
  5
100004EE
330
100004ED
100
AcDbDictionary
280
     1
  3
BTDETID
360
100004EF
  3
BTPARTID
360
100004F0
  0
DICTIONARY
  5
100004F2
330
100004F1
100
AcDbDictionary
280
     1
  3
BTDETID
360
100004F3
  3
BTPARTID
360
100004F4
  0
DICTIONARY
  5
100004F6
330
100004F5
100
AcDbDictionary
280
     1
  3
BTDETID
360
100004F7
  3
BTPARTID
360
100004F8
  0
DICTIONARY
  5
100004FA
330
100004F9
100
AcDbDictionary
280
     1
  3
BTDETID
360
100004FB
  3
BTPARTID
360
100004FC
  0
DICTIONARY
  5
100004FE
330
100004FD
100
AcDbDictionary
280
     1
  3
BTDETID
360
100004FF
  3
BTPARTID
360
10000500
  0
DICTIONARY
  5
10000502
330
10000501
100
AcDbDictionary
280
     1
  3
BTDETID
360
10000503
  3
BTPARTID
360
10000504
  0
DICTIONARY
  5
10000506
330
10000505
100
AcDbDictionary
280
     1
  3
BTDETID
360
10000507
  3
BTPARTID
360
10000508
  0
DICTIONARY
  5
1000050A
330
10000509
100
AcDbDictionary
280
     1
  3
BTDETID
360
1000050B
  3
BTPARTID
360
1000050C
  0
DICTIONARY
  5
1000050E
330
1000050D
100
AcDbDictionary
280
     1
  3
BTDETID
360
1000050F
  3
BTPARTID
360
10000510
  0
DICTIONARY
  5
10000512
330
10000511
100
AcDbDictionary
280
     1
  3
BTDETID
360
10000513
  3
BTPARTID
360
10000514
  0
DICTIONARY
  5
10000516
330
10000515
100
AcDbDictionary
280
     1
  3
BTDETID
360
10000517
  3
BTPARTID
360
10000518
  0
DICTIONARY
  5
1000051A
330
10000519
100
AcDbDictionary
280
     1
  3
BTDETID
360
1000051B
  3
BTPARTID
360
1000051C
  0
DICTIONARY
  5
1000051E
330
1000051D
100
AcDbDictionary
280
     1
  3
BTDETID
360
1000051F
  3
BTPARTID
360
10000520
  0
DICTIONARY
  5
10000522
330
10000521
100
AcDbDictionary
280
     1
  3
BTDETID
360
10000523
  3
BTPARTID
360
10000524
  0
DICTIONARY
  5
10000526
330
10000525
100
AcDbDictionary
280
     1
  3
BTDETID
360
10000527
  3
BTPARTID
360
10000528
  0
DICTIONARY
  5
1000052A
330
10000529
100
AcDbDictionary
280
     1
  3
BTDETID
360
1000052B
  3
BTPARTID
360
1000052C
  0
DICTIONARY
  5
1000052E
330
1000052D
100
AcDbDictionary
280
     1
  3
BTDETID
360
1000052F
  3
BTPARTID
360
10000530
  0
DICTIONARY
  5
10000532
330
10000531
100
AcDbDictionary
280
     1
  3
BTDETID
360
10000533
  3
BTPARTID
360
10000534
  0
DICTIONARY
  5
10000536
330
10000535
100
AcDbDictionary
280
     1
  3
BTDETID
360
10000537
  3
BTPARTID
360
10000538
  0
DICTIONARY
  5
1000053A
330
10000539
100
AcDbDictionary
280
     1
  3
BTDETID
360
1000053B
  3
BTPARTID
360
1000053C
  0
DICTIONARY
  5
1000053E
330
1000053D
100
AcDbDictionary
280
     1
  3
BTDETID
360
1000053F
  3
BTPARTID
360
10000540
  0
DICTIONARY
  5
10000542
330
10000541
100
AcDbDictionary
280
     1
  3
BTDETID
360
10000543
  3
BTPARTID
360
10000544
  0
DICTIONARY
  5
10000546
330
10000545
100
AcDbDictionary
280
     1
  3
BTDETID
360
10000547
  3
BTPARTID
360
10000548
  0
DICTIONARY
  5
1000054A
330
10000549
100
AcDbDictionary
280
     1
  3
BTDETID
360
1000054B
  3
BTPARTID
360
1000054C
  0
DICTIONARY
  5
1000054E
330
1000054D
100
AcDbDictionary
280
     1
  3
BTDETID
360
1000054F
  3
BTPARTID
360
10000550
  0
DICTIONARY
  5
10000552
330
10000551
100
AcDbDictionary
280
     1
  3
BTDETID
360
10000553
  3
BTPARTID
360
10000554
  0
DICTIONARY
  5
10000556
330
10000555
100
AcDbDictionary
280
     1
  3
BTDETID
360
10000557
  3
BTPARTID
360
10000558
  0
DICTIONARY
  5
1000055A
330
10000559
100
AcDbDictionary
280
     1
  3
BTDETID
360
1000055B
  3
BTPARTID
360
1000055C
  0
DICTIONARY
  5
1000055E
330
1000055D
100
AcDbDictionary
280
     1
  3
BTDETID
360
1000055F
  3
BTPARTID
360
10000560
  0
DICTIONARY
  5
10000562
330
10000561
100
AcDbDictionary
280
     1
  3
BTDETID
360
10000563
  3
BTPARTID
360
10000564
  0
DICTIONARY
  5
10000566
330
10000565
100
AcDbDictionary
280
     1
  3
BTDETID
360
10000567
  3
BTPARTID
360
10000568
  0
DICTIONARY
  5
1000056A
330
10000569
100
AcDbDictionary
280
     1
  3
BTDETID
360
1000056B
  3
BTPARTID
360
1000056C
  0
DICTIONARY
  5
1000056E
330
1000056D
100
AcDbDictionary
280
     1
  3
BTDETID
360
1000056F
  3
BTPARTID
360
10000570
  0
DICTIONARY
  5
10000572
330
10000571
100
AcDbDictionary
280
     1
  3
BTDETID
360
10000573
  3
BTPARTID
360
10000574
  0
DICTIONARY
  5
10000576
330
10000575
100
AcDbDictionary
280
     1
  3
BTDETID
360
10000577
  3
BTPARTID
360
10000578
  0
DICTIONARY
  5
1000057A
330
10000579
100
AcDbDictionary
280
     1
  3
BTDETID
360
1000057B
  3
BTPARTID
360
1000057C
  0
DICTIONARY
  5
1000057E
330
1000057D
100
AcDbDictionary
280
     1
  3
BTDETID
360
1000057F
  3
BTPARTID
360
10000580
  0
DICTIONARY
  5
10000582
330
10000581
100
AcDbDictionary
280
     1
  3
BTDETID
360
10000583
  3
BTPARTID
360
10000584
  0
DICTIONARY
  5
10000586
330
10000585
100
AcDbDictionary
280
     1
  3
BTDETID
360
10000587
  3
BTPARTID
360
10000588
  0
DICTIONARY
  5
1000058A
330
10000589
100
AcDbDictionary
280
     1
  3
BTDETID
360
1000058B
  3
BTPARTID
360
1000058C
  0
DICTIONARY
  5
1000058E
330
1000058D
100
AcDbDictionary
280
     1
  3
BTDETID
360
1000058F
  3
BTPARTID
360
10000590
  0
DICTIONARY
  5
10000592
330
10000591
100
AcDbDictionary
280
     1
  3
BTDETID
360
10000593
  3
BTPARTID
360
10000594
  0
DICTIONARY
  5
10000596
330
10000595
100
AcDbDictionary
280
     1
  3
BTDETID
360
10000597
  3
BTPARTID
360
10000598
  0
DICTIONARY
  5
1000059A
330
10000599
100
AcDbDictionary
280
     1
  3
BTDETID
360
1000059B
  3
BTPARTID
360
1000059C
  0
DICTIONARY
  5
1000059E
330
1000059D
100
AcDbDictionary
280
     1
  3
BTDETID
360
1000059F
  3
BTPARTID
360
100005A0
  0
DICTIONARY
  5
100005A2
330
100005A1
100
AcDbDictionary
280
     1
  3
BTDETID
360
100005A3
  3
BTPARTID
360
100005A4
  0
DICTIONARY
  5
100005A6
330
100005A5
100
AcDbDictionary
280
     1
  3
BTDETID
360
100005A7
  3
BTPARTID
360
100005A8
  0
DICTIONARY
  5
100005AA
330
100005A9
100
AcDbDictionary
280
     1
  3
BTDETID
360
100005AB
  3
BTPARTID
360
100005AC
  0
DICTIONARY
  5
100005AE
330
100005AD
100
AcDbDictionary
280
     1
  3
BTDETID
360
100005AF
  3
BTPARTID
360
100005B0
  0
DICTIONARY
  5
100005B2
330
100005B1
100
AcDbDictionary
280
     1
  3
BTDETID
360
100005B3
  3
BTPARTID
360
100005B4
  0
DICTIONARY
  5
100005B6
330
100005B5
100
AcDbDictionary
280
     1
  3
BTDETID
360
100005B7
  3
BTPARTID
360
100005B8
  0
DICTIONARY
  5
100005BA
330
100005B9
100
AcDbDictionary
280
     1
  3
BTDETID
360
100005BB
  3
BTPARTID
360
100005BC
  0
DICTIONARY
  5
100005BE
330
100005BD
100
AcDbDictionary
280
     1
  3
BTDETID
360
100005BF
  3
BTPARTID
360
100005C0
  0
DICTIONARY
  5
100005C2
330
100005C1
100
AcDbDictionary
280
     1
  3
BTDETID
360
100005C3
  3
BTPARTID
360
100005C4
  0
DICTIONARY
  5
100005C6
330
100005C5
100
AcDbDictionary
280
     1
  3
BTDETID
360
100005C7
  3
BTPARTID
360
100005C8
  0
DICTIONARY
  5
100005CA
330
100005C9
100
AcDbDictionary
280
     1
  3
BTDETID
360
100005CB
  3
BTPARTID
360
100005CC
  0
DICTIONARY
  5
100005CE
330
100005CD
100
AcDbDictionary
280
     1
  3
BTDETID
360
100005CF
  3
BTPARTID
360
100005D0
  0
DICTIONARY
  5
100005D2
330
100005D1
100
AcDbDictionary
280
     1
  3
BTDETID
360
100005D3
  3
BTPARTID
360
100005D4
  0
DICTIONARY
  5
100005D6
330
100005D5
100
AcDbDictionary
280
     1
  3
BTDETID
360
100005D7
  3
BTPARTID
360
100005D8
  0
DICTIONARY
  5
100005DA
330
100005D9
100
AcDbDictionary
280
     1
  3
BTDETID
360
100005DB
  3
BTPARTID
360
100005DC
  0
DICTIONARY
  5
100005DE
330
100005DD
100
AcDbDictionary
280
     1
  3
BTDETID
360
100005DF
  3
BTPARTID
360
100005E0
  0
DICTIONARY
  5
100005E2
330
100005E1
100
AcDbDictionary
280
     1
  3
BTDETID
360
100005E3
  3
BTPARTID
360
100005E4
  0
DICTIONARY
  5
100005E6
330
100005E5
100
AcDbDictionary
280
     1
  3
BTDETID
360
100005E7
  3
BTPARTID
360
100005E8
  0
DICTIONARY
  5
100005EA
330
100005E9
100
AcDbDictionary
280
     1
  3
BTDETID
360
100005EB
  3
BTPARTID
360
100005EC
  0
DICTIONARY
  5
100005EE
330
100005ED
100
AcDbDictionary
280
     1
  3
BTDETID
360
100005EF
  3
BTPARTID
360
100005F0
  0
DICTIONARY
  5
100005F2
330
100005F1
100
AcDbDictionary
280
     1
  3
BTDETID
360
100005F3
  3
BTPARTID
360
100005F4
  0
DICTIONARY
  5
100005F6
330
100005F5
100
AcDbDictionary
280
     1
  3
BTDETID
360
100005F7
  3
BTPARTID
360
100005F8
  0
DICTIONARY
  5
100005FA
330
100005F9
100
AcDbDictionary
280
     1
  3
BTDETID
360
100005FB
  3
BTPARTID
360
100005FC
  0
DICTIONARY
  5
100005FE
330
100005FD
100
AcDbDictionary
280
     1
  3
BTDETID
360
100005FF
  3
BTPARTID
360
10000600
  0
DICTIONARY
  5
10000602
330
10000601
100
AcDbDictionary
280
     1
  3
BTDETID
360
10000603
  3
BTPARTID
360
10000604
  0
DICTIONARY
  5
10000606
330
10000605
100
AcDbDictionary
280
     1
  3
BTDETID
360
10000607
  3
BTPARTID
360
10000608
  0
DICTIONARY
  5
1000060A
330
10000609
100
AcDbDictionary
280
     1
  3
BTDETID
360
1000060B
  3
BTPARTID
360
1000060C
  0
DICTIONARY
  5
1000060E
330
1000060D
100
AcDbDictionary
280
     1
  3
BTDETID
360
1000060F
  3
BTPARTID
360
10000610
  0
DICTIONARY
  5
10000612
330
10000611
100
AcDbDictionary
280
     1
  3
BTDETID
360
10000613
  3
BTPARTID
360
10000614
  0
DICTIONARY
  5
10000616
330
10000615
100
AcDbDictionary
280
     1
  3
BTDETID
360
10000617
  3
BTPARTID
360
10000618
  0
DICTIONARY
  5
1000061A
330
10000619
100
AcDbDictionary
280
     1
  3
BTDETID
360
1000061B
  3
BTPARTID
360
1000061C
  0
DICTIONARY
  5
1000061E
330
1000061D
100
AcDbDictionary
280
     1
  3
BTDETID
360
1000061F
  3
BTPARTID
360
10000620
  0
DICTIONARY
  5
10000622
330
10000621
100
AcDbDictionary
280
     1
  3
BTDETID
360
10000623
  3
BTPARTID
360
10000624
  0
DICTIONARY
  5
10000626
330
10000625
100
AcDbDictionary
280
     1
  3
BTDETID
360
10000627
  3
BTPARTID
360
10000628
  0
DICTIONARY
  5
1000062A
330
10000629
100
AcDbDictionary
280
     1
  3
BTDETID
360
1000062B
  3
BTPARTID
360
1000062C
  0
DICTIONARY
  5
1000062E
330
1000062D
100
AcDbDictionary
280
     1
  3
BTDETID
360
1000062F
  3
BTPARTID
360
10000630
  0
DICTIONARY
  5
10000632
330
10000631
100
AcDbDictionary
280
     1
  3
BTDETID
360
10000633
  3
BTPARTID
360
10000634
  0
DICTIONARY
  5
10000636
330
10000635
100
AcDbDictionary
280
     1
  3
BTDETID
360
10000637
  3
BTPARTID
360
10000638
  0
DICTIONARY
  5
1000063A
330
10000639
100
AcDbDictionary
280
     1
  3
BTDETID
360
1000063B
  3
BTPARTID
360
1000063C
  0
DICTIONARY
  5
1000063E
330
1000063D
100
AcDbDictionary
280
     1
  3
BTDETID
360
1000063F
  3
BTPARTID
360
10000640
  0
DICTIONARY
  5
10000642
330
10000641
100
AcDbDictionary
280
     1
  3
BTDETID
360
10000643
  3
BTPARTID
360
10000644
  0
DICTIONARY
  5
10000646
330
10000645
100
AcDbDictionary
280
     1
  3
BTDETID
360
10000647
  3
BTPARTID
360
10000648
  0
DICTIONARY
  5
1000064A
330
10000649
100
AcDbDictionary
280
     1
  3
BTDETID
360
1000064B
  3
BTPARTID
360
1000064C
  0
DICTIONARY
  5
1000064E
330
1000064D
100
AcDbDictionary
280
     1
  3
BTDETID
360
1000064F
  3
BTPARTID
360
10000650
  0
DICTIONARY
  5
10000652
330
10000651
100
AcDbDictionary
280
     1
  3
BTDETID
360
10000653
  3
BTPARTID
360
10000654
  0
DICTIONARY
  5
10000656
330
10000655
100
AcDbDictionary
280
     1
  3
BTDETID
360
10000657
  3
BTPARTID
360
10000658
  0
DICTIONARY
  5
1000065A
330
10000659
100
AcDbDictionary
280
     1
  3
BTDETID
360
1000065B
  3
BTPARTID
360
1000065C
  0
DICTIONARY
  5
1000065E
330
1000065D
100
AcDbDictionary
280
     1
  3
BTDETID
360
1000065F
  3
BTPARTID
360
10000660
  0
DICTIONARY
  5
10000662
330
10000661
100
AcDbDictionary
280
     1
  3
BTDETID
360
10000663
  3
BTPARTID
360
10000664
  0
DICTIONARY
  5
10000666
330
10000665
100
AcDbDictionary
280
     1
  3
BTDETID
360
10000667
  3
BTPARTID
360
10000668
  0
DICTIONARY
  5
1000066A
330
10000669
100
AcDbDictionary
280
     1
  3
BTDETID
360
1000066B
  3
BTPARTID
360
1000066C
  0
DICTIONARY
  5
1000066E
330
1000066D
100
AcDbDictionary
280
     1
  3
BTDETID
360
1000066F
  3
BTPARTID
360
10000670
  0
DICTIONARY
  5
10000672
330
10000671
100
AcDbDictionary
280
     1
  3
BTDETID
360
10000673
  3
BTPARTID
360
10000674
  0
DICTIONARY
  5
10000676
330
10000675
100
AcDbDictionary
280
     1
  3
BTDETID
360
10000677
  3
BTPARTID
360
10000678
  0
DICTIONARY
  5
1000067A
330
10000679
100
AcDbDictionary
280
     1
  3
BTDETID
360
1000067B
  3
BTPARTID
360
1000067C
  0
DICTIONARY
  5
1000067E
330
1000067D
100
AcDbDictionary
280
     1
  3
BTDETID
360
1000067F
  3
BTPARTID
360
10000680
  0
DICTIONARY
  5
10000682
330
10000681
100
AcDbDictionary
280
     1
  3
BTDETID
360
10000683
  3
BTPARTID
360
10000684
  0
DICTIONARY
  5
10000686
330
10000685
100
AcDbDictionary
280
     1
  3
BTDETID
360
10000687
  3
BTPARTID
360
10000688
  0
DICTIONARY
  5
1000068A
330
10000689
100
AcDbDictionary
280
     1
  3
BTDETID
360
1000068B
  3
BTPARTID
360
1000068C
  0
DICTIONARY
  5
1000068E
330
1000068D
100
AcDbDictionary
280
     1
  3
BTDETID
360
1000068F
  3
BTPARTID
360
10000690
  0
DICTIONARY
  5
10000692
330
10000691
100
AcDbDictionary
280
     1
  3
BTDETID
360
10000693
  3
BTPARTID
360
10000694
  0
DICTIONARY
  5
10000696
330
10000695
100
AcDbDictionary
280
     1
  3
BTDETID
360
10000697
  3
BTPARTID
360
10000698
  0
DICTIONARY
  5
1000069A
330
10000699
100
AcDbDictionary
280
     1
  3
BTDETID
360
1000069B
  3
BTPARTID
360
1000069C
  0
DICTIONARY
  5
1000069E
330
1000069D
100
AcDbDictionary
280
     1
  3
BTDETID
360
1000069F
  3
BTPARTID
360
100006A0
  0
DICTIONARY
  5
100006A2
330
100006A1
100
AcDbDictionary
280
     1
  3
BTDETID
360
100006A3
  3
BTPARTID
360
100006A4
  0
DICTIONARY
  5
100006A6
330
100006A5
100
AcDbDictionary
280
     1
  3
BTDETID
360
100006A7
  3
BTPARTID
360
100006A8
  0
DICTIONARY
  5
100006AA
330
100006A9
100
AcDbDictionary
280
     1
  3
BTDETID
360
100006AB
  3
BTPARTID
360
100006AC
  0
DICTIONARY
  5
100006AE
330
100006AD
100
AcDbDictionary
280
     1
  3
BTDETID
360
100006AF
  3
BTPARTID
360
100006B0
  0
DICTIONARY
  5
100006B2
330
100006B1
100
AcDbDictionary
280
     1
  3
BTDETID
360
100006B3
  3
BTPARTID
360
100006B4
  0
DICTIONARY
  5
100006B6
330
100006B5
100
AcDbDictionary
280
     1
  3
BTDETID
360
100006B7
  3
BTPARTID
360
100006B8
  0
DICTIONARY
  5
100006BA
330
100006B9
100
AcDbDictionary
280
     1
  3
BTDETID
360
100006BB
  3
BTPARTID
360
100006BC
  0
DICTIONARY
  5
100006BE
330
100006BD
100
AcDbDictionary
280
     1
  3
BTDETID
360
100006BF
  3
BTPARTID
360
100006C0
  0
DICTIONARY
  5
100006C2
330
100006C1
100
AcDbDictionary
280
     1
  3
BTDETID
360
100006C3
  3
BTPARTID
360
100006C4
  0
DICTIONARY
  5
100006C6
330
100006C5
100
AcDbDictionary
280
     1
  3
BTDETID
360
100006C7
  3
BTPARTID
360
100006C8
  0
DICTIONARY
  5
100006CA
330
100006C9
100
AcDbDictionary
280
     1
  3
BTDETID
360
100006CB
  3
BTPARTID
360
100006CC
  0
DICTIONARY
  5
100006CE
330
100006CD
100
AcDbDictionary
280
     1
  3
BTDETID
360
100006CF
  3
BTPARTID
360
100006D0
  0
DICTIONARY
  5
100006D2
330
100006D1
100
AcDbDictionary
280
     1
  3
BTDETID
360
100006D3
  3
BTPARTID
360
100006D4
  0
DICTIONARY
  5
100006D6
330
100006D5
100
AcDbDictionary
280
     1
  3
BTDETID
360
100006D7
  3
BTPARTID
360
100006D8
  0
DICTIONARY
  5
100006DA
330
100006D9
100
AcDbDictionary
280
     1
  3
BTDETID
360
100006DB
  3
BTPARTID
360
100006DC
  0
DICTIONARY
  5
100006DE
330
100006DD
100
AcDbDictionary
280
     1
  3
BTDETID
360
100006DF
  3
BTPARTID
360
100006E0
  0
DICTIONARY
  5
100006E2
330
100006E1
100
AcDbDictionary
280
     1
  3
BTDETID
360
100006E3
  3
BTPARTID
360
100006E4
  0
DICTIONARY
  5
100006E6
330
100006E5
100
AcDbDictionary
280
     1
  3
BTDETID
360
100006E7
  3
BTPARTID
360
100006E8
  0
DICTIONARY
  5
100006EA
330
100006E9
100
AcDbDictionary
280
     1
  3
BTDETID
360
100006EB
  3
BTPARTID
360
100006EC
  0
DICTIONARY
  5
100006EE
330
100006ED
100
AcDbDictionary
280
     1
  3
BTDETID
360
100006EF
  3
BTPARTID
360
100006F0
  0
DICTIONARY
  5
100006F2
330
100006F1
100
AcDbDictionary
280
     1
  3
BTDETID
360
100006F3
  3
BTPARTID
360
100006F4
  0
DICTIONARY
  5
100006F6
330
100006F5
100
AcDbDictionary
280
     1
  3
BTDETID
360
100006F7
  3
BTPARTID
360
100006F8
  0
DICTIONARY
  5
100006FA
330
100006F9
100
AcDbDictionary
280
     1
  3
BTDETID
360
100006FB
  3
BTPARTID
360
100006FC
  0
DICTIONARY
  5
100006FE
330
100006FD
100
AcDbDictionary
280
     1
  3
BTDETID
360
100006FF
  3
BTPARTID
360
10000700
  0
DICTIONARY
  5
10000702
330
10000701
100
AcDbDictionary
280
     1
  3
BTDETID
360
10000703
  3
BTPARTID
360
10000704
  0
DICTIONARY
  5
10000706
330
10000705
100
AcDbDictionary
280
     1
  3
BTDETID
360
10000707
  3
BTPARTID
360
10000708
  0
DICTIONARY
  5
1000070A
330
10000709
100
AcDbDictionary
280
     1
  3
BTDETID
360
1000070B
  3
BTPARTID
360
1000070C
  0
DICTIONARY
  5
1000070E
330
1000070D
100
AcDbDictionary
280
     1
  3
BTDETID
360
1000070F
  3
BTPARTID
360
10000710
  0
DICTIONARY
  5
10000712
330
10000711
100
AcDbDictionary
280
     1
  3
BTDETID
360
10000713
  3
BTPARTID
360
10000714
  0
DICTIONARY
  5
10000716
330
10000715
100
AcDbDictionary
280
     1
  3
BTDETID
360
10000717
  3
BTPARTID
360
10000718
  0
DICTIONARY
  5
1000071A
330
10000719
100
AcDbDictionary
280
     1
  3
BTDETID
360
1000071B
  3
BTPARTID
360
1000071C
  0
DICTIONARY
  5
1000071E
330
1000071D
100
AcDbDictionary
280
     1
  3
BTDETID
360
1000071F
  3
BTPARTID
360
10000720
  0
DICTIONARY
  5
10000722
330
10000721
100
AcDbDictionary
280
     1
  3
BTDETID
360
10000723
  3
BTPARTID
360
10000724
  0
DICTIONARY
  5
10000726
330
10000725
100
AcDbDictionary
280
     1
  3
BTDETID
360
10000727
  3
BTPARTID
360
10000728
  0
DICTIONARY
  5
1000072A
330
10000729
100
AcDbDictionary
280
     1
  3
BTDETID
360
1000072B
  3
BTPARTID
360
1000072C
  0
DICTIONARY
  5
1000072E
330
1000072D
100
AcDbDictionary
280
     1
  3
BTDETID
360
1000072F
  3
BTPARTID
360
10000730
  0
DICTIONARY
  5
10000732
330
10000731
100
AcDbDictionary
280
     1
  3
BTDETID
360
10000733
  3
BTPARTID
360
10000734
  0
DICTIONARY
  5
10000736
330
10000735
100
AcDbDictionary
280
     1
  3
BTDETID
360
10000737
  3
BTPARTID
360
10000738
  0
DICTIONARY
  5
1000073A
330
10000739
100
AcDbDictionary
280
     1
  3
BTDETID
360
1000073B
  3
BTPARTID
360
1000073C
  0
DICTIONARY
  5
1000073E
330
1000073D
100
AcDbDictionary
280
     1
  3
BTDETID
360
1000073F
  3
BTPARTID
360
10000740
  0
DICTIONARY
  5
10000742
330
10000741
100
AcDbDictionary
280
     1
  3
BTDETID
360
10000743
  3
BTPARTID
360
10000744
  0
DICTIONARY
  5
10000746
330
10000745
100
AcDbDictionary
280
     1
  3
BTDETID
360
10000747
  3
BTPARTID
360
10000748
  0
DICTIONARY
  5
1000074A
330
10000749
100
AcDbDictionary
280
     1
  3
BTDETID
360
1000074B
  3
BTPARTID
360
1000074C
  0
DICTIONARY
  5
1000074E
330
1000074D
100
AcDbDictionary
280
     1
  3
BTDETID
360
1000074F
  3
BTPARTID
360
10000750
  0
DICTIONARY
  5
10000752
330
10000751
100
AcDbDictionary
280
     1
  3
BTDETID
360
10000753
  3
BTPARTID
360
10000754
  0
DICTIONARY
  5
10000756
330
10000755
100
AcDbDictionary
280
     1
  3
BTDETID
360
10000757
  3
BTPARTID
360
10000758
  0
DICTIONARY
  5
1000075A
330
10000759
100
AcDbDictionary
280
     1
  3
BTDETID
360
1000075B
  3
BTPARTID
360
1000075C
  0
DICTIONARY
  5
1000075E
330
1000075D
100
AcDbDictionary
280
     1
  3
BTDETID
360
1000075F
  3
BTPARTID
360
10000760
  0
DICTIONARY
  5
10000762
330
10000761
100
AcDbDictionary
280
     1
  3
BTDETID
360
10000763
  3
BTPARTID
360
10000764
  0
DICTIONARY
  5
10000766
330
10000765
100
AcDbDictionary
280
     1
  3
BTDETID
360
10000767
  3
BTPARTID
360
10000768
  0
DICTIONARY
  5
1000076A
330
10000769
100
AcDbDictionary
280
     1
  3
BTDETID
360
1000076B
  3
BTPARTID
360
1000076C
  0
DICTIONARY
  5
1000076E
330
1000076D
100
AcDbDictionary
280
     1
  3
BTDETID
360
1000076F
  3
BTPARTID
360
10000770
  0
DICTIONARY
  5
10000772
330
10000771
100
AcDbDictionary
280
     1
  3
BTDETID
360
10000773
  3
BTPARTID
360
10000774
  0
DICTIONARY
  5
10000776
330
10000775
100
AcDbDictionary
280
     1
  3
BTDETID
360
10000777
  3
BTPARTID
360
10000778
  0
DICTIONARY
  5
1000077A
330
10000779
100
AcDbDictionary
280
     1
  3
BTDETID
360
1000077B
  3
BTPARTID
360
1000077C
  0
DICTIONARY
  5
1000077E
330
1000077D
100
AcDbDictionary
280
     1
  3
BTDETID
360
1000077F
  3
BTPARTID
360
10000780
  0
DICTIONARY
  5
10000782
330
10000781
100
AcDbDictionary
280
     1
  3
BTDETID
360
10000783
  3
BTPARTID
360
10000784
  0
DICTIONARY
  5
10000786
330
10000785
100
AcDbDictionary
280
     1
  3
BTDETID
360
10000787
  3
BTPARTID
360
10000788
  0
DICTIONARY
  5
1000078A
330
10000789
100
AcDbDictionary
280
     1
  3
BTDETID
360
1000078B
  3
BTPARTID
360
1000078C
  0
DICTIONARY
  5
1000078E
330
1000078D
100
AcDbDictionary
280
     1
  3
BTDETID
360
1000078F
  3
BTPARTID
360
10000790
  0
DICTIONARY
  5
10000792
330
10000791
100
AcDbDictionary
280
     1
  3
BTDETID
360
10000793
  3
BTPARTID
360
10000794
  0
DICTIONARY
  5
10000796
330
10000795
100
AcDbDictionary
280
     1
  3
BTDETID
360
10000797
  3
BTPARTID
360
10000798
  0
DICTIONARY
  5
1000079A
330
10000799
100
AcDbDictionary
280
     1
  3
BTDETID
360
1000079B
  3
BTPARTID
360
1000079C
  0
DICTIONARY
  5
1000079E
330
1000079D
100
AcDbDictionary
280
     1
  3
BTDETID
360
1000079F
  3
BTPARTID
360
100007A0
  0
DICTIONARY
  5
100007A2
330
100007A1
100
AcDbDictionary
280
     1
  3
BTDETID
360
100007A3
  3
BTPARTID
360
100007A4
  0
DICTIONARY
  5
100007A6
330
100007A5
100
AcDbDictionary
280
     1
  3
BTDETID
360
100007A7
  3
BTPARTID
360
100007A8
  0
DICTIONARY
  5
100007AA
330
100007A9
100
AcDbDictionary
280
     1
  3
BTDETID
360
100007AB
  3
BTPARTID
360
100007AC
  0
DICTIONARY
  5
100007AE
330
100007AD
100
AcDbDictionary
280
     1
  3
BTDETID
360
100007AF
  3
BTPARTID
360
100007B0
  0
DICTIONARY
  5
100007B2
330
100007B1
100
AcDbDictionary
280
     1
  3
BTDETID
360
100007B3
  3
BTPARTID
360
100007B4
  0
DICTIONARY
  5
100007B6
330
100007B5
100
AcDbDictionary
280
     1
  3
BTDETID
360
100007B7
  3
BTPARTID
360
100007B8
  0
DICTIONARY
  5
100007BA
330
100007B9
100
AcDbDictionary
280
     1
  3
BTDETID
360
100007BB
  3
BTPARTID
360
100007BC
  0
DICTIONARY
  5
100007BE
330
100007BD
100
AcDbDictionary
280
     1
  3
BTDETID
360
100007BF
  3
BTPARTID
360
100007C0
  0
DICTIONARY
  5
100007C2
330
100007C1
100
AcDbDictionary
280
     1
  3
BTDETID
360
100007C3
  3
BTPARTID
360
100007C4
  0
DICTIONARY
  5
100007C6
330
100007C5
100
AcDbDictionary
280
     1
  3
BTDETID
360
100007C7
  3
BTPARTID
360
100007C8
  0
DICTIONARY
  5
100007CA
330
100007C9
100
AcDbDictionary
280
     1
  3
BTDETID
360
100007CB
  3
BTPARTID
360
100007CC
  0
DICTIONARY
  5
100007CE
330
100007CD
100
AcDbDictionary
280
     1
  3
BTDETID
360
100007CF
  3
BTPARTID
360
100007D0
  0
DICTIONARY
  5
100007D2
330
100007D1
100
AcDbDictionary
280
     1
  3
BTDETID
360
100007D3
  3
BTPARTID
360
100007D4
  0
DICTIONARY
  5
100007D6
330
100007D5
100
AcDbDictionary
280
     1
  3
BTDETID
360
100007D7
  3
BTPARTID
360
100007D8
  0
DICTIONARY
  5
100007DA
330
100007D9
100
AcDbDictionary
280
     1
  3
BTDETID
360
100007DB
  3
BTPARTID
360
100007DC
  0
DICTIONARY
  5
100007DE
330
100007DD
100
AcDbDictionary
280
     1
  3
BTDETID
360
100007DF
  3
BTPARTID
360
100007E0
  0
DICTIONARY
  5
100007E2
330
100007E1
100
AcDbDictionary
280
     1
  3
BTDETID
360
100007E3
  3
BTPARTID
360
100007E4
  0
DICTIONARY
  5
100007E6
330
100007E5
100
AcDbDictionary
280
     1
  3
BTDETID
360
100007E7
  3
BTPARTID
360
100007E8
  0
DICTIONARY
  5
100007EA
330
100007E9
100
AcDbDictionary
280
     1
  3
BTDETID
360
100007EB
  3
BTPARTID
360
100007EC
  0
DICTIONARY
  5
100007EE
330
100007ED
100
AcDbDictionary
280
     1
  3
BTDETID
360
100007EF
  3
BTPARTID
360
100007F0
  0
DICTIONARY
  5
100007F2
330
100007F1
100
AcDbDictionary
280
     1
  3
BTDETID
360
100007F3
  3
BTPARTID
360
100007F4
  0
DICTIONARY
  5
100007F6
330
100007F5
100
AcDbDictionary
280
     1
  3
BTDETID
360
100007F7
  3
BTPARTID
360
100007F8
  0
DICTIONARY
  5
100007FA
330
100007F9
100
AcDbDictionary
280
     1
  3
BTDETID
360
100007FB
  3
BTPARTID
360
100007FC
  0
DICTIONARY
  5
100007FE
330
100007FD
100
AcDbDictionary
280
     1
  3
BTDETID
360
100007FF
  3
BTPARTID
360
10000800
  0
DICTIONARY
  5
10000802
330
10000801
100
AcDbDictionary
280
     1
  3
BTDETID
360
10000803
  3
BTPARTID
360
10000804
  0
DICTIONARY
  5
10000806
330
10000805
100
AcDbDictionary
280
     1
  3
BTDETID
360
10000807
  3
BTPARTID
360
10000808
  0
DICTIONARY
  5
1000080A
330
10000809
100
AcDbDictionary
280
     1
  3
BTDETID
360
1000080B
  3
BTPARTID
360
1000080C
  0
DICTIONARY
  5
1000080E
330
1000080D
100
AcDbDictionary
280
     1
  3
BTDETID
360
1000080F
  3
BTPARTID
360
10000810
  0
DICTIONARY
  5
10000812
330
10000811
100
AcDbDictionary
280
     1
  3
BTDETID
360
10000813
  3
BTPARTID
360
10000814
  0
DICTIONARY
  5
10000816
330
10000815
100
AcDbDictionary
280
     1
  3
BTDETID
360
10000817
  3
BTPARTID
360
10000818
  0
DICTIONARY
  5
1000081A
330
10000819
100
AcDbDictionary
280
     1
  3
BTDETID
360
1000081B
  3
BTPARTID
360
1000081C
  0
DICTIONARY
  5
1000081E
330
1000081D
100
AcDbDictionary
280
     1
  3
BTDETID
360
1000081F
  3
BTPARTID
360
10000820
  0
DICTIONARY
  5
10000822
330
10000821
100
AcDbDictionary
280
     1
  3
BTDETID
360
10000823
  3
BTPARTID
360
10000824
  0
DICTIONARY
  5
10000826
330
10000825
100
AcDbDictionary
280
     1
  3
BTDETID
360
10000827
  3
BTPARTID
360
10000828
  0
DICTIONARY
  5
1000082A
330
10000829
100
AcDbDictionary
280
     1
  3
BTDETID
360
1000082B
  3
BTPARTID
360
1000082C
  0
DICTIONARY
  5
1000082E
330
1000082D
100
AcDbDictionary
280
     1
  3
BTDETID
360
1000082F
  3
BTPARTID
360
10000830
  0
DICTIONARY
  5
10000832
330
10000831
100
AcDbDictionary
280
     1
  3
BTDETID
360
10000833
  3
BTPARTID
360
10000834
  0
DICTIONARY
  5
10000836
330
10000835
100
AcDbDictionary
280
     1
  3
BTDETID
360
10000837
  3
BTPARTID
360
10000838
  0
DICTIONARY
  5
1000083A
330
10000839
100
AcDbDictionary
280
     1
  3
BTDETID
360
1000083B
  3
BTPARTID
360
1000083C
  0
DICTIONARY
  5
1000083E
330
1000083D
100
AcDbDictionary
280
     1
  3
BTDETID
360
1000083F
  3
BTPARTID
360
10000840
  0
DICTIONARY
  5
10000842
330
10000841
100
AcDbDictionary
280
     1
  3
BTDETID
360
10000843
  3
BTPARTID
360
10000844
  0
DICTIONARY
  5
10000846
330
10000845
100
AcDbDictionary
280
     1
  3
BTDETID
360
10000847
  3
BTPARTID
360
10000848
  0
DICTIONARY
  5
1000084A
330
10000849
100
AcDbDictionary
280
     1
  3
BTDETID
360
1000084B
  3
BTPARTID
360
1000084C
  0
DICTIONARY
  5
1000084E
330
1000084D
100
AcDbDictionary
280
     1
  3
BTDETID
360
1000084F
  3
BTPARTID
360
10000850
  0
DICTIONARY
  5
10000852
330
10000851
100
AcDbDictionary
280
     1
  3
BTDETID
360
10000853
  3
BTPARTID
360
10000854
  0
DICTIONARY
  5
10000856
330
10000855
100
AcDbDictionary
280
     1
  3
BTDETID
360
10000857
  3
BTPARTID
360
10000858
  0
DICTIONARY
  5
1000085A
330
10000859
100
AcDbDictionary
280
     1
  3
BTDETID
360
1000085B
  3
BTPARTID
360
1000085C
  0
DICTIONARY
  5
1000085E
330
1000085D
100
AcDbDictionary
280
     1
  3
BTDETID
360
1000085F
  3
BTPARTID
360
10000860
  0
DICTIONARY
  5
10000862
330
10000861
100
AcDbDictionary
280
     1
  3
BTDETID
360
10000863
  3
BTPARTID
360
10000864
  0
DICTIONARY
  5
10000866
330
10000865
100
AcDbDictionary
280
     1
  3
BTDETID
360
10000867
  3
BTPARTID
360
10000868
  0
DICTIONARY
  5
1000086A
330
10000869
100
AcDbDictionary
280
     1
  3
BTDETID
360
1000086B
  3
BTPARTID
360
1000086C
  0
DICTIONARY
  5
1000086E
330
1000086D
100
AcDbDictionary
280
     1
  3
BTDETID
360
1000086F
  3
BTPARTID
360
10000870
  0
DICTIONARY
  5
10000872
330
10000871
100
AcDbDictionary
280
     1
  3
BTDETID
360
10000873
  3
BTPARTID
360
10000874
  0
DICTIONARY
  5
10000876
330
10000875
100
AcDbDictionary
280
     1
  3
BTDETID
360
10000877
  3
BTPARTID
360
10000878
  0
DICTIONARY
  5
1000087A
330
10000879
100
AcDbDictionary
280
     1
  3
BTDETID
360
1000087B
  3
BTPARTID
360
1000087C
  0
DICTIONARY
  5
1000087E
330
1000087D
100
AcDbDictionary
280
     1
  3
BTDETID
360
1000087F
  3
BTPARTID
360
10000880
  0
DICTIONARY
  5
10000882
330
10000881
100
AcDbDictionary
280
     1
  3
BTDETID
360
10000883
  3
BTPARTID
360
10000884
  0
DICTIONARY
  5
10000886
330
10000885
100
AcDbDictionary
280
     1
  3
BTDETID
360
10000887
  3
BTPARTID
360
10000888
  0
DICTIONARY
  5
1000088A
330
10000889
100
AcDbDictionary
280
     1
  3
BTDETID
360
1000088B
  3
BTPARTID
360
1000088C
  0
DICTIONARY
  5
1000088E
330
1000088D
100
AcDbDictionary
280
     1
  3
BTDETID
360
1000088F
  3
BTPARTID
360
10000890
  0
DICTIONARY
  5
10000892
330
10000891
100
AcDbDictionary
280
     1
  3
BTDETID
360
10000893
  3
BTPARTID
360
10000894
  0
DICTIONARY
  5
10000896
330
10000895
100
AcDbDictionary
280
     1
  3
BTDETID
360
10000897
  3
BTPARTID
360
10000898
  0
DICTIONARY
  5
1000089A
330
10000899
100
AcDbDictionary
280
     1
  3
BTDETID
360
1000089B
  3
BTPARTID
360
1000089C
  0
DICTIONARY
  5
1000089E
330
1000089D
100
AcDbDictionary
280
     1
  3
BTDETID
360
1000089F
  3
BTPARTID
360
100008A0
  0
DICTIONARY
  5
100008A2
330
100008A1
100
AcDbDictionary
280
     1
  3
BTDETID
360
100008A3
  3
BTPARTID
360
100008A4
  0
DICTIONARY
  5
100008A6
330
100008A5
100
AcDbDictionary
280
     1
  3
BTDETID
360
100008A7
  3
BTPARTID
360
100008A8
  0
DICTIONARY
  5
100008AA
330
100008A9
100
AcDbDictionary
280
     1
  3
BTDETID
360
100008AB
  3
BTPARTID
360
100008AC
  0
DICTIONARY
  5
100008AE
330
100008AD
100
AcDbDictionary
280
     1
  3
BTDETID
360
100008AF
  3
BTPARTID
360
100008B0
  0
DICTIONARY
  5
100008B2
330
100008B1
100
AcDbDictionary
280
     1
  3
BTDETID
360
100008B3
  3
BTPARTID
360
100008B4
  0
DICTIONARY
  5
100008B6
330
100008B5
100
AcDbDictionary
280
     1
  3
BTDETID
360
100008B7
  3
BTPARTID
360
100008B8
  0
DICTIONARY
  5
100008BA
330
100008B9
100
AcDbDictionary
280
     1
  3
BTDETID
360
100008BB
  3
BTPARTID
360
100008BC
  0
DICTIONARY
  5
100008BE
330
100008BD
100
AcDbDictionary
280
     1
  3
BTDETID
360
100008BF
  3
BTPARTID
360
100008C0
  0
DICTIONARY
  5
100008C2
330
100008C1
100
AcDbDictionary
280
     1
  3
BTDETID
360
100008C3
  3
BTPARTID
360
100008C4
  0
DICTIONARY
  5
100008C6
330
100008C5
100
AcDbDictionary
280
     1
  3
BTDETID
360
100008C7
  3
BTPARTID
360
100008C8
  0
DICTIONARY
  5
100008CA
330
100008C9
100
AcDbDictionary
280
     1
  3
BTDETID
360
100008CB
  3
BTPARTID
360
100008CC
  0
DICTIONARY
  5
100008CE
330
100008CD
100
AcDbDictionary
280
     1
  3
BTDETID
360
100008CF
  3
BTPARTID
360
100008D0
  0
DICTIONARY
  5
100008D2
330
100008D1
100
AcDbDictionary
280
     1
  3
BTDETID
360
100008D3
  3
BTPARTID
360
100008D4
  0
DICTIONARY
  5
100008D6
330
100008D5
100
AcDbDictionary
280
     1
  3
BTDETID
360
100008D7
  3
BTPARTID
360
100008D8
  0
DICTIONARY
  5
100008DA
330
100008D9
100
AcDbDictionary
280
     1
  3
BTDETID
360
100008DB
  3
BTPARTID
360
100008DC
  0
DICTIONARY
  5
100008DE
330
100008DD
100
AcDbDictionary
280
     1
  3
BTDETID
360
100008DF
  3
BTPARTID
360
100008E0
  0
DICTIONARY
  5
100008E2
330
100008E1
100
AcDbDictionary
280
     1
  3
BTDETID
360
100008E3
  3
BTPARTID
360
100008E4
  0
DICTIONARY
  5
100008E6
330
100008E5
100
AcDbDictionary
280
     1
  3
BTDETID
360
100008E7
  3
BTPARTID
360
100008E8
  0
DICTIONARY
  5
100008EA
330
100008E9
100
AcDbDictionary
280
     1
  3
BTDETID
360
100008EB
  3
BTPARTID
360
100008EC
  0
DICTIONARY
  5
100008EE
330
100008ED
100
AcDbDictionary
280
     1
  3
BTDETID
360
100008EF
  3
BTPARTID
360
100008F0
  0
DICTIONARY
  5
100008F2
330
100008F1
100
AcDbDictionary
280
     1
  3
BTDETID
360
100008F3
  3
BTPARTID
360
100008F4
  0
DICTIONARY
  5
100008F6
330
100008F5
100
AcDbDictionary
280
     1
  3
BTDETID
360
100008F7
  3
BTPARTID
360
100008F8
  0
DICTIONARY
  5
100008FA
330
100008F9
100
AcDbDictionary
280
     1
  3
BTDETID
360
100008FB
  3
BTPARTID
360
100008FC
  0
DICTIONARY
  5
100008FE
330
100008FD
100
AcDbDictionary
280
     1
  3
BTDETID
360
100008FF
  3
BTPARTID
360
10000900
  0
DICTIONARY
  5
10000902
330
10000901
100
AcDbDictionary
280
     1
  3
BTDETID
360
10000903
  3
BTPARTID
360
10000904
  0
DICTIONARY
  5
10000906
330
10000905
100
AcDbDictionary
280
     1
  3
BTDETID
360
10000907
  3
BTPARTID
360
10000908
  0
DICTIONARY
  5
1000090A
330
10000909
100
AcDbDictionary
280
     1
  3
BTDETID
360
1000090B
  3
BTPARTID
360
1000090C
  0
DICTIONARY
  5
1000090E
330
1000090D
100
AcDbDictionary
280
     1
  3
BTDETID
360
1000090F
  3
BTPARTID
360
10000910
  0
DICTIONARY
  5
10000912
330
10000911
100
AcDbDictionary
280
     1
  3
BTDETID
360
10000913
  3
BTPARTID
360
10000914
  0
DICTIONARY
  5
10000916
330
10000915
100
AcDbDictionary
280
     1
  3
BTDETID
360
10000917
  3
BTPARTID
360
10000918
  0
DICTIONARY
  5
1000091A
330
10000919
100
AcDbDictionary
280
     1
  3
BTDETID
360
1000091B
  3
BTPARTID
360
1000091C
  0
DICTIONARY
  5
1000091E
330
1000091D
100
AcDbDictionary
280
     1
  3
BTDETID
360
1000091F
  3
BTPARTID
360
10000920
  0
DICTIONARY
  5
10000922
330
10000921
100
AcDbDictionary
280
     1
  3
BTDETID
360
10000923
  3
BTPARTID
360
10000924
  0
DICTIONARY
  5
10000926
330
10000925
100
AcDbDictionary
280
     1
  3
BTDETID
360
10000927
  3
BTPARTID
360
10000928
  0
DICTIONARY
  5
1000092A
330
10000929
100
AcDbDictionary
280
     1
  3
BTDETID
360
1000092B
  3
BTPARTID
360
1000092C
  0
DICTIONARY
  5
1000092E
330
1000092D
100
AcDbDictionary
280
     1
  3
BTDETID
360
1000092F
  3
BTPARTID
360
10000930
  0
DICTIONARY
  5
10000932
330
10000931
100
AcDbDictionary
280
     1
  3
BTDETID
360
10000933
  3
BTPARTID
360
10000934
  0
DICTIONARY
  5
10000936
330
10000935
100
AcDbDictionary
280
     1
  3
BTDETID
360
10000937
  3
BTPARTID
360
10000938
  0
DICTIONARY
  5
1000093A
330
10000939
100
AcDbDictionary
280
     1
  3
BTDETID
360
1000093B
  3
BTPARTID
360
1000093C
  0
DICTIONARY
  5
1000093E
330
1000093D
100
AcDbDictionary
280
     1
  3
BTDETID
360
1000093F
  3
BTPARTID
360
10000940
  0
DICTIONARY
  5
10000942
330
10000941
100
AcDbDictionary
280
     1
  3
BTDETID
360
10000943
  3
BTPARTID
360
10000944
  0
DICTIONARY
  5
10000946
330
10000945
100
AcDbDictionary
280
     1
  3
BTDETID
360
10000947
  3
BTPARTID
360
10000948
  0
DICTIONARY
  5
1000094A
330
10000949
100
AcDbDictionary
280
     1
  3
BTDETID
360
1000094B
  3
BTPARTID
360
1000094C
  0
DICTIONARY
  5
1000094E
330
1000094D
100
AcDbDictionary
280
     1
  3
BTDETID
360
1000094F
  3
BTPARTID
360
10000950
  0
DICTIONARY
  5
10000952
330
10000951
100
AcDbDictionary
280
     1
  3
BTDETID
360
10000953
  3
BTPARTID
360
10000954
  0
DICTIONARY
  5
10000956
330
10000955
100
AcDbDictionary
280
     1
  3
BTDETID
360
10000957
  3
BTPARTID
360
10000958
  0
DICTIONARY
  5
1000095A
330
10000959
100
AcDbDictionary
280
     1
  3
BTDETID
360
1000095B
  3
BTPARTID
360
1000095C
  0
DICTIONARY
  5
1000095E
330
1000095D
100
AcDbDictionary
280
     1
  3
BTDETID
360
1000095F
  3
BTPARTID
360
10000960
  0
DICTIONARY
  5
10000962
330
10000961
100
AcDbDictionary
280
     1
  3
BTDETID
360
10000963
  3
BTPARTID
360
10000964
  0
DICTIONARY
  5
10000966
330
10000965
100
AcDbDictionary
280
     1
  3
BTDETID
360
10000967
  3
BTPARTID
360
10000968
  0
DICTIONARY
  5
1000096A
330
10000969
100
AcDbDictionary
280
     1
  3
BTDETID
360
1000096B
  3
BTPARTID
360
1000096C
  0
DICTIONARY
  5
1000096E
330
1000096D
100
AcDbDictionary
280
     1
  3
BTDETID
360
1000096F
  3
BTPARTID
360
10000970
  0
DICTIONARY
  5
10000972
330
10000971
100
AcDbDictionary
280
     1
  3
BTDETID
360
10000973
  3
BTPARTID
360
10000974
  0
DICTIONARY
  5
10000976
330
10000975
100
AcDbDictionary
280
     1
  3
BTDETID
360
10000977
  3
BTPARTID
360
10000978
  0
DICTIONARY
  5
1000097A
330
10000979
100
AcDbDictionary
280
     1
  3
BTDETID
360
1000097B
  3
BTPARTID
360
1000097C
  0
DICTIONARY
  5
1000097E
330
1000097D
100
AcDbDictionary
280
     1
  3
BTDETID
360
1000097F
  3
BTPARTID
360
10000980
  0
DICTIONARY
  5
10000982
330
10000981
100
AcDbDictionary
280
     1
  3
BTDETID
360
10000983
  3
BTPARTID
360
10000984
  0
DICTIONARY
  5
10000986
330
10000985
100
AcDbDictionary
280
     1
  3
BTDETID
360
10000987
  3
BTPARTID
360
10000988
  0
DICTIONARY
  5
1000098A
330
10000989
100
AcDbDictionary
280
     1
  3
BTDETID
360
1000098B
  3
BTPARTID
360
1000098C
  0
DICTIONARY
  5
1000098E
330
1000098D
100
AcDbDictionary
280
     1
  3
BTDETID
360
1000098F
  3
BTPARTID
360
10000990
  0
DICTIONARY
  5
10000992
330
10000991
100
AcDbDictionary
280
     1
  3
BTDETID
360
10000993
  3
BTPARTID
360
10000994
  0
DICTIONARY
  5
10000996
330
10000995
100
AcDbDictionary
280
     1
  3
BTDETID
360
10000997
  3
BTPARTID
360
10000998
  0
DICTIONARY
  5
1000099A
330
10000999
100
AcDbDictionary
280
     1
  3
BTDETID
360
1000099B
  3
BTPARTID
360
1000099C
  0
DICTIONARY
  5
1000099E
330
1000099D
100
AcDbDictionary
280
     1
  3
BTDETID
360
1000099F
  3
BTPARTID
360
100009A0
  0
DICTIONARY
  5
100009A2
330
100009A1
100
AcDbDictionary
280
     1
  3
BTDETID
360
100009A3
  3
BTPARTID
360
100009A4
  0
DICTIONARY
  5
100009A6
330
100009A5
100
AcDbDictionary
280
     1
  3
BTDETID
360
100009A7
  3
BTPARTID
360
100009A8
  0
DICTIONARY
  5
100009AA
330
100009A9
100
AcDbDictionary
280
     1
  3
BTDETID
360
100009AB
  3
BTPARTID
360
100009AC
  0
DICTIONARY
  5
100009AE
330
100009AD
100
AcDbDictionary
280
     1
  3
BTDETID
360
100009AF
  3
BTPARTID
360
100009B0
  0
DICTIONARY
  5
100009B2
330
100009B1
100
AcDbDictionary
280
     1
  3
BTDETID
360
100009B3
  3
BTPARTID
360
100009B4
  0
DICTIONARY
  5
100009B6
330
100009B5
100
AcDbDictionary
280
     1
  3
BTDETID
360
100009B7
  3
BTPARTID
360
100009B8
  0
DICTIONARY
  5
100009BA
330
100009B9
100
AcDbDictionary
280
     1
  3
BTDETID
360
100009BB
  3
BTPARTID
360
100009BC
  0
DICTIONARY
  5
100009BE
330
100009BD
100
AcDbDictionary
280
     1
  3
BTDETID
360
100009BF
  3
BTPARTID
360
100009C0
  0
DICTIONARY
  5
100009C2
330
100009C1
100
AcDbDictionary
280
     1
  3
BTDETID
360
100009C3
  3
BTPARTID
360
100009C4
  0
DICTIONARY
  5
100009C6
330
100009C5
100
AcDbDictionary
280
     1
  3
BTDETID
360
100009C7
  3
BTPARTID
360
100009C8
  0
DICTIONARY
  5
100009CA
330
100009C9
100
AcDbDictionary
280
     1
  3
BTDETID
360
100009CB
  3
BTPARTID
360
100009CC
  0
DICTIONARY
  5
100009CE
330
100009CD
100
AcDbDictionary
280
     1
  3
BTDETID
360
100009CF
  3
BTPARTID
360
100009D0
  0
DICTIONARY
  5
100009D2
330
100009D1
100
AcDbDictionary
280
     1
  3
BTDETID
360
100009D3
  3
BTPARTID
360
100009D4
  0
DICTIONARY
  5
100009D6
330
100009D5
100
AcDbDictionary
280
     1
  3
BTDETID
360
100009D7
  3
BTPARTID
360
100009D8
  0
DICTIONARY
  5
100009DA
330
100009D9
100
AcDbDictionary
280
     1
  3
BTDETID
360
100009DB
  3
BTPARTID
360
100009DC
  0
DICTIONARY
  5
100009DE
330
100009DD
100
AcDbDictionary
280
     1
  3
BTDETID
360
100009DF
  3
BTPARTID
360
100009E0
  0
DICTIONARY
  5
100009E2
330
100009E1
100
AcDbDictionary
280
     1
  3
BTDETID
360
100009E3
  3
BTPARTID
360
100009E4
  0
DICTIONARY
  5
100009E6
330
100009E5
100
AcDbDictionary
280
     1
  3
BTDETID
360
100009E7
  3
BTPARTID
360
100009E8
  0
DICTIONARY
  5
100009EA
330
100009E9
100
AcDbDictionary
280
     1
  3
BTDETID
360
100009EB
  3
BTPARTID
360
100009EC
  0
DICTIONARY
  5
100009EE
330
100009ED
100
AcDbDictionary
280
     1
  3
BTDETID
360
100009EF
  3
BTPARTID
360
100009F0
  0
DICTIONARY
  5
100009F2
330
100009F1
100
AcDbDictionary
280
     1
  3
BTDETID
360
100009F3
  3
BTPARTID
360
100009F4
  0
DICTIONARY
  5
100009F6
330
100009F5
100
AcDbDictionary
280
     1
  3
BTDETID
360
100009F7
  3
BTPARTID
360
100009F8
  0
DICTIONARY
  5
100009FA
330
100009F9
100
AcDbDictionary
280
     1
  3
BTDETID
360
100009FB
  3
BTPARTID
360
100009FC
  0
DICTIONARY
  5
100009FE
330
100009FD
100
AcDbDictionary
280
     1
  3
BTDETID
360
100009FF
  3
BTPARTID
360
10000A00
  0
DICTIONARY
  5
10000A02
330
10000A01
100
AcDbDictionary
280
     1
  3
BTDETID
360
10000A03
  3
BTPARTID
360
10000A04
  0
DICTIONARY
  5
10000A06
330
10000A05
100
AcDbDictionary
280
     1
  3
BTDETID
360
10000A07
  3
BTPARTID
360
10000A08
  0
DICTIONARY
  5
10000A0A
330
10000A09
100
AcDbDictionary
280
     1
  3
BTDETID
360
10000A0B
  3
BTPARTID
360
10000A0C
  0
DICTIONARY
  5
10000A0E
330
10000A0D
100
AcDbDictionary
280
     1
  3
BTDETID
360
10000A0F
  3
BTPARTID
360
10000A10
  0
DICTIONARY
  5
10000A12
330
10000A11
100
AcDbDictionary
280
     1
  3
BTDETID
360
10000A13
  3
BTPARTID
360
10000A14
  0
DICTIONARY
  5
10000A16
330
10000A15
100
AcDbDictionary
280
     1
  3
BTDETID
360
10000A17
  3
BTPARTID
360
10000A18
  0
DICTIONARY
  5
10000A1A
330
10000A19
100
AcDbDictionary
280
     1
  3
BTDETID
360
10000A1B
  3
BTPARTID
360
10000A1C
  0
DICTIONARY
  5
10000A1E
330
10000A1D
100
AcDbDictionary
280
     1
  3
BTDETID
360
10000A1F
  3
BTPARTID
360
10000A20
  0
DICTIONARY
  5
10000A22
330
10000A21
100
AcDbDictionary
280
     1
  3
BTDETID
360
10000A23
  3
BTPARTID
360
10000A24
  0
DICTIONARY
  5
10000A26
330
10000A25
100
AcDbDictionary
280
     1
  3
BTDETID
360
10000A27
  3
BTPARTID
360
10000A28
  0
DICTIONARY
  5
10000A2A
330
10000A29
100
AcDbDictionary
280
     1
  3
BTDETID
360
10000A2B
  3
BTPARTID
360
10000A2C
  0
DICTIONARY
  5
10000A2E
330
10000A2D
100
AcDbDictionary
280
     1
  3
BTDETID
360
10000A2F
  3
BTPARTID
360
10000A30
  0
DICTIONARY
  5
10000A32
330
10000A31
100
AcDbDictionary
280
     1
  3
BTDETID
360
10000A33
  3
BTPARTID
360
10000A34
  0
DICTIONARY
  5
10000A36
330
10000A35
100
AcDbDictionary
280
     1
  3
BTDETID
360
10000A37
  3
BTPARTID
360
10000A38
  0
DICTIONARY
  5
10000A3A
330
10000A39
100
AcDbDictionary
280
     1
  3
BTDETID
360
10000A3B
  3
BTPARTID
360
10000A3C
  0
DICTIONARY
  5
10000A3E
330
10000A3D
100
AcDbDictionary
280
     1
  3
BTDETID
360
10000A3F
  3
BTPARTID
360
10000A40
  0
DICTIONARY
  5
10000A42
330
10000A41
100
AcDbDictionary
280
     1
  3
BTDETID
360
10000A43
  3
BTPARTID
360
10000A44
  0
DICTIONARY
  5
10000A46
330
10000A45
100
AcDbDictionary
280
     1
  3
BTDETID
360
10000A47
  3
BTPARTID
360
10000A48
  0
DICTIONARY
  5
10000A4A
330
10000A49
100
AcDbDictionary
280
     1
  3
BTDETID
360
10000A4B
  3
BTPARTID
360
10000A4C
  0
DICTIONARY
  5
10000A4E
330
10000A4D
100
AcDbDictionary
280
     1
  3
BTDETID
360
10000A4F
  3
BTPARTID
360
10000A50
  0
DICTIONARY
  5
10000A52
330
10000A51
100
AcDbDictionary
280
     1
  3
BTDETID
360
10000A53
  3
BTPARTID
360
10000A54
  0
DICTIONARY
  5
10000A56
330
10000A55
100
AcDbDictionary
280
     1
  3
BTDETID
360
10000A57
  3
BTPARTID
360
10000A58
  0
DICTIONARY
  5
10000A5A
330
10000A59
100
AcDbDictionary
280
     1
  3
BTDETID
360
10000A5B
  3
BTPARTID
360
10000A5C
  0
DICTIONARY
  5
10000A5E
330
10000A5D
100
AcDbDictionary
280
     1
  3
BTDETID
360
10000A5F
  3
BTPARTID
360
10000A60
  0
DICTIONARY
  5
10000A62
330
10000A61
100
AcDbDictionary
280
     1
  3
BTDETID
360
10000A63
  3
BTPARTID
360
10000A64
  0
DICTIONARY
  5
10000A66
330
10000A65
100
AcDbDictionary
280
     1
  3
BTDETID
360
10000A67
  3
BTPARTID
360
10000A68
  0
DICTIONARY
  5
10000A6A
330
10000A69
100
AcDbDictionary
280
     1
  3
BTDETID
360
10000A6B
  3
BTPARTID
360
10000A6C
  0
DICTIONARY
  5
10000A6E
330
10000A6D
100
AcDbDictionary
280
     1
  3
BTDETID
360
10000A6F
  3
BTPARTID
360
10000A70
  0
DICTIONARY
  5
10000A72
330
10000A71
100
AcDbDictionary
280
     1
  3
BTDETID
360
10000A73
  3
BTPARTID
360
10000A74
  0
DICTIONARY
  5
10000A76
330
10000A75
100
AcDbDictionary
280
     1
  3
BTDETID
360
10000A77
  3
BTPARTID
360
10000A78
  0
DICTIONARY
  5
10000A7A
330
10000A79
100
AcDbDictionary
280
     1
  3
BTDETID
360
10000A7B
  3
BTPARTID
360
10000A7C
  0
DICTIONARY
  5
10000A7E
330
10000A7D
100
AcDbDictionary
280
     1
  3
BTDETID
360
10000A7F
  3
BTPARTID
360
10000A80
  0
DICTIONARY
  5
10000A82
330
10000A81
100
AcDbDictionary
280
     1
  3
BTDETID
360
10000A83
  3
BTPARTID
360
10000A84
  0
DICTIONARY
  5
10000A86
330
10000A85
100
AcDbDictionary
280
     1
  3
BTDETID
360
10000A87
  3
BTPARTID
360
10000A88
  0
DICTIONARY
  5
10000A8A
330
10000A89
100
AcDbDictionary
280
     1
  3
BTDETID
360
10000A8B
  3
BTPARTID
360
10000A8C
  0
DICTIONARY
  5
10000A8E
330
10000A8D
100
AcDbDictionary
280
     1
  3
BTDETID
360
10000A8F
  3
BTPARTID
360
10000A90
  0
DICTIONARY
  5
10000A92
330
10000A91
100
AcDbDictionary
280
     1
  3
BTDETID
360
10000A93
  3
BTPARTID
360
10000A94
  0
DICTIONARY
  5
10000A96
330
10000A95
100
AcDbDictionary
280
     1
  3
BTDETID
360
10000A97
  3
BTPARTID
360
10000A98
  0
DICTIONARY
  5
10000A9A
330
10000A99
100
AcDbDictionary
280
     1
  3
BTDETID
360
10000A9B
  3
BTPARTID
360
10000A9C
  0
DICTIONARY
  5
10000A9E
330
10000A9D
100
AcDbDictionary
280
     1
  3
BTDETID
360
10000A9F
  3
BTPARTID
360
10000AA0
  0
DICTIONARY
  5
10000AA2
330
10000AA1
100
AcDbDictionary
280
     1
  3
BTDETID
360
10000AA3
  3
BTPARTID
360
10000AA4
  0
DICTIONARY
  5
10000AA6
330
10000AA5
100
AcDbDictionary
280
     1
  3
BTDETID
360
10000AA7
  3
BTPARTID
360
10000AA8
  0
DICTIONARY
  5
10000AAA
330
10000AA9
100
AcDbDictionary
280
     1
  3
BTDETID
360
10000AAB
  3
BTPARTID
360
10000AAC
  0
DICTIONARY
  5
10000AAE
330
10000AAD
100
AcDbDictionary
280
     1
  3
BTDETID
360
10000AAF
  3
BTPARTID
360
10000AB0
  0
DICTIONARY
  5
10000AB2
330
10000AB1
100
AcDbDictionary
280
     1
  3
BTDETID
360
10000AB3
  3
BTPARTID
360
10000AB4
  0
DICTIONARY
  5
10000AB6
330
10000AB5
100
AcDbDictionary
280
     1
  3
BTDETID
360
10000AB7
  3
BTPARTID
360
10000AB8
  0
DICTIONARY
  5
10000ABA
330
10000AB9
100
AcDbDictionary
280
     1
  3
BTDETID
360
10000ABB
  3
BTPARTID
360
10000ABC
  0
DICTIONARY
  5
10000ABE
330
10000ABD
100
AcDbDictionary
280
     1
  3
BTDETID
360
10000ABF
  3
BTPARTID
360
10000AC0
  0
DICTIONARY
  5
10000AC2
330
10000AC1
100
AcDbDictionary
280
     1
  3
BTDETID
360
10000AC3
  3
BTPARTID
360
10000AC4
  0
DICTIONARY
  5
10000AC6
330
10000AC5
100
AcDbDictionary
280
     1
  3
BTDETID
360
10000AC7
  3
BTPARTID
360
10000AC8
  0
DICTIONARY
  5
10000ACA
330
10000AC9
100
AcDbDictionary
280
     1
  3
BTDETID
360
10000ACB
  3
BTPARTID
360
10000ACC
  0
DICTIONARY
  5
10000ACE
330
10000ACD
100
AcDbDictionary
280
     1
  3
BTDETID
360
10000ACF
  3
BTPARTID
360
10000AD0
  0
DICTIONARY
  5
10000AD2
330
10000AD1
100
AcDbDictionary
280
     1
  3
BTDETID
360
10000AD3
  3
BTPARTID
360
10000AD4
  0
DICTIONARY
  5
10000AD6
330
10000AD5
100
AcDbDictionary
280
     1
  3
BTDETID
360
10000AD7
  3
BTPARTID
360
10000AD8
  0
DICTIONARY
  5
10000ADA
330
10000AD9
100
AcDbDictionary
280
     1
  3
BTDETID
360
10000ADB
  3
BTPARTID
360
10000ADC
  0
DICTIONARY
  5
10000ADE
330
10000ADD
100
AcDbDictionary
280
     1
  3
BTDETID
360
10000ADF
  3
BTPARTID
360
10000AE0
  0
DICTIONARY
  5
10000AE2
330
10000AE1
100
AcDbDictionary
280
     1
  3
BTDETID
360
10000AE3
  3
BTPARTID
360
10000AE4
  0
DICTIONARY
  5
10000AE6
330
10000AE5
100
AcDbDictionary
280
     1
  3
BTDETID
360
10000AE7
  3
BTPARTID
360
10000AE8
  0
DICTIONARY
  5
10000AEA
330
10000AE9
100
AcDbDictionary
280
     1
  3
BTDETID
360
10000AEB
  3
BTPARTID
360
10000AEC
  0
DICTIONARY
  5
10000AEE
330
10000AED
100
AcDbDictionary
280
     1
  3
BTDETID
360
10000AEF
  3
BTPARTID
360
10000AF0
  0
DICTIONARY
  5
10000AF2
330
10000AF1
100
AcDbDictionary
280
     1
  3
BTDETID
360
10000AF3
  3
BTPARTID
360
10000AF4
  0
DICTIONARY
  5
10000AF6
330
10000AF5
100
AcDbDictionary
280
     1
  3
BTDETID
360
10000AF7
  3
BTPARTID
360
10000AF8
  0
DICTIONARY
  5
10000AFA
330
10000AF9
100
AcDbDictionary
280
     1
  3
BTDETID
360
10000AFB
  3
BTPARTID
360
10000AFC
  0
DICTIONARY
  5
10000AFE
330
10000AFD
100
AcDbDictionary
280
     1
  3
BTDETID
360
10000AFF
  3
BTPARTID
360
10000B00
  0
DICTIONARY
  5
10000B02
330
10000B01
100
AcDbDictionary
280
     1
  3
BTDETID
360
10000B03
  3
BTPARTID
360
10000B04
  0
DICTIONARY
  5
10000B06
330
10000B05
100
AcDbDictionary
280
     1
  3
BTDETID
360
10000B07
  3
BTPARTID
360
10000B08
  0
DICTIONARY
  5
D
102
{ACAD_REACTORS
330
C
102
}
330
C
100
AcDbDictionary
  0
DICTIONARY
  5
1A
102
{ACAD_REACTORS
330
C
102
}
330
C
100
AcDbDictionary
  0
DICTIONARY
  5
43
102
{ACAD_REACTORS
330
C
102
}
330
C
100
AcDbDictionary
  3
BYBLOCK
350
45
  3
BYLAYER
350
44
  3
GLOBAL
350
46
  0
DICTIONARY
  5
5B
102
{ACAD_REACTORS
330
C
102
}
330
C
100
AcDbDictionary
  3
STANDARD
350
5C
  0
DICTIONARY
  5
17
102
{ACAD_REACTORS
330
C
102
}
330
C
100
AcDbDictionary
  3
STANDARD
350
18
  0
DICTIONARY
  5
19
102
{ACAD_REACTORS
330
C
102
}
330
C
100
AcDbDictionary
  0
DICTIONARY
  5
47
102
{ACAD_REACTORS
330
C
102
}
330
C
100
AcDbDictionary
  3
SCALE100_1
350
10000023
  3
SCALE10_1
350
1000001D
  3
SCALE12_1
350
1000001E
  3
SCALE16_1
350
1000001F
  3
SCALE1_1
350
10000006
  3
SCALE1_10
350
1000000D
  3
SCALE1_100
350
10000016
  3
SCALE1_12
350
1000000E
  3
SCALE1_16
350
1000000F
  3
SCALE1_2
350
10000007
  3
SCALE1_20
350
10000010
  3
SCALE1_25
350
10000011
  3
SCALE1_3
350
10000008
  3
SCALE1_32
350
10000012
  3
SCALE1_4
350
10000009
  3
SCALE1_40
350
10000013
  3
SCALE1_5
350
1000000A
  3
SCALE1_50
350
10000014
  3
SCALE1_6
350
1000000B
  3
SCALE1_8
350
1000000C
  3
SCALE1_80
350
10000015
  3
SCALE20_1
350
10000020
  3
SCALE2_1
350
10000017
  3
SCALE32_1
350
10000021
  3
SCALE3_1
350
10000018
  3
SCALE4_1
350
10000019
  3
SCALE50_1
350
10000022
  3
SCALE5_1
350
1000001A
  3
SCALE6_1
350
1000001B
  3
SCALE8_1
350
1000001C
  0
DICTIONARY
  5
2A
102
{ACAD_REACTORS
330
C
102
}
330
C
100
AcDbDictionary
  3
2DWIREFRAME
350
2F
  3
BASIC
350
32
  3
BRIGHTEN
350
36
  3
COLORCHANGE
350
3A
  3
CONCEPTUAL
350
34
  3
DIM
350
35
  3
EDGECOLOROFF
350
3D
  3
FACEPATTERN
350
39
  3
FLAT
350
2B
  3
FLATWITHEDGES
350
2C
  3
GOURAUD
350
2D
  3
GOURAUDWITHEDGES
350
2E
  3
HIDDEN
350
31
  3
JITTEROFF
350
3B
  3
LINEPATTERN
350
38
  3
OVERHANGOFF
350
3C
  3
REALISTIC
350
33
  3
SHADED
350
42
  3
SHADED_WITH_EDGES
350
41
  3
SHADES_OF_GRAY
350
3E
  3
SKETCHY
350
3F
  3
THICKEN
350
37
  3
WIREFRAME
350
30
  3
X-RAY
350
40
  0
DICTIONARY
  5
10000B0B
102
{ACAD_REACTORS
330
C
102
}
330
C
100
AcDbDictionary
  3
CEPSNID
350
10000B15
  3
CEPSNTYPE
350
10000B14
  3
DIMSTYLEDATA
350
10000B2B
  3
FINGERPRINTGUID
350
10000B16
  3
HYPERLINKBASE
350
10000B0E
  3
INSUNITS
350
10000B13
  3
LAYOUTDICT
350
10000B10
  3
LWETCUNION
350
10000B12
  3
PLOTSETDICT
350
10000B11
  3
PSVPSCALE
350
10000B18
  3
PUCSBASE
350
10000B1B
  3
PUCSORGBACK
350
10000B21
  3
PUCSORGBOTTOM
350
10000B1D
  3
PUCSORGFRONT
350
10000B20
  3
PUCSORGLEFT
350
10000B1E
  3
PUCSORGRIGHT
350
10000B1F
  3
PUCSORGTOP
350
10000B1C
  3
PUCSORTHOREF
350
10000B19
  3
PUCSORTHOVIEW
350
10000B1A
  3
STYLESHEET
350
10000B0F
  3
TSTACKALIGN
350
10000B0C
  3
TSTACKSIZE
350
10000B0D
  3
UCSBASE
350
10000B24
  3
UCSORGBACK
350
10000B2A
  3
UCSORGBOTTOM
350
10000B26
  3
UCSORGFRONT
350
10000B29
  3
UCSORGLEFT
350
10000B27
  3
UCSORGRIGHT
350
10000B28
  3
UCSORGTOP
350
10000B25
  3
UCSORTHOREF
350
10000B22
  3
UCSORTHOVIEW
350
10000B23
  3
VERSIONGUID
350
10000B17
  0
DICTIONARY
  5
10000B2C
102
{ACAD_REACTORS
330
C
102
}
330
C
100
AcDbDictionary
  3
CANNOSCALE
350
10000B3A
  3
CENTEREXE
350
10000B33
  3
CENTERLTYPEFILE
350
10000B34
  3
CMLEADERSTYLE
350
10000B2E
  3
CTABLESTYLE
350
10000B2D
  3
DIMASSOC
350
10000B35
  3
HIDETEXT
350
10000B36
  3
MSLTSCALE
350
10000B3B
  3
PSOLHEIGHT
350
10000B30
  3
PSOLWIDTH
350
10000B2F
  0
XRECORD
  5
10000B37
102
{ACAD_REACTORS
330
C
102
}
330
C
100
AcDbXrecord
  1
DWGPROPS COOKIE
  2

  3

  4

  6
File was created by BTDwgCreate
  7

  8
onshape
  9

300
=
301
=
302
=
303
=
304
=
305
=
306
=
307
=
308
=
309
=
 40
0.0
 41
2461260.925765162
 42
2461260.925765336
  1

 90
        0
  0
DICTIONARY
  5
10000001
102
{ACAD_REACTORS
330
C
102
}
330
C
100
AcDbDictionary
280
     1
  3
DIM_UNITS
360
10000003
  3
DWGGEN_VERSION
360
10000002
  3
FIRST_ANGLE
360
10000005
  0
XRECORD
  5
10000B39
102
{ACAD_REACTORS
330
10000B38
102
}
330
10000B38
100
AcDbXrecord
102
VTR_0.000_0.000_1.000_1.000_VISUALSTYLE
340
2F
102
VTR_0.000_0.000_1.000_1.000_GRIDDISPLAY
 70
     3
102
VTR_0.000_0.000_1.000_1.000_GRIDMAJOR
 70
     5
102
VTR_0.000_0.000_1.000_1.000_DEFAULTLIGHTING
280
     1
102
VTR_0.000_0.000_1.000_1.000_DEFAULTLIGHTINGTYPE
 70
     1
102
VTR_0.000_0.000_1.000_1.000_BRIGHTNESS
141
0.0
102
VTR_0.000_0.000_1.000_1.000_CONTRAST
142
0.0
  0
SORTENTSTABLE
  5
10000B0A
102
{ACAD_REACTORS
330
10000B09
102
}
330
10000B09
100
AcDbSortentsTable
330
1F
  0
XRECORD
  5
1000005B
102
{ACAD_REACTORS
330
1000005A
102
}
330
1000005A
100
AcDbXrecord
1000
KF1r
  0
XRECORD
  5
1000005C
102
{ACAD_REACTORS
330
1000005A
102
}
330
1000005A
100
AcDbXrecord
1000
KFbr
  0
XRECORD
  5
1000005F
102
{ACAD_REACTORS
330
1000005E
102
}
330
1000005E
100
AcDbXrecord
1000
KFxr
  0
XRECORD
  5
10000060
102
{ACAD_REACTORS
330
1000005E
102
}
330
1000005E
100
AcDbXrecord
1000
KFXr
  0
XRECORD
  5
10000063
102
{ACAD_REACTORS
330
10000062
102
}
330
10000062
100
AcDbXrecord
1000
KFtr
  0
XRECORD
  5
10000064
102
{ACAD_REACTORS
330
10000062
102
}
330
10000062
100
AcDbXrecord
1000
KFTr
  0
XRECORD
  5
10000067
102
{ACAD_REACTORS
330
10000066
102
}
330
10000066
100
AcDbXrecord
1000
KFpr
  0
XRECORD
  5
10000068
102
{ACAD_REACTORS
330
10000066
102
}
330
10000066
100
AcDbXrecord
1000
KFPr
  0
XRECORD
  5
1000006B
102
{ACAD_REACTORS
330
1000006A
102
}
330
1000006A
100
AcDbXrecord
1000
KFlr
  0
XRECORD
  5
1000006C
102
{ACAD_REACTORS
330
1000006A
102
}
330
1000006A
100
AcDbXrecord
1000
KFLr
  0
XRECORD
  5
1000006F
102
{ACAD_REACTORS
330
1000006E
102
}
330
1000006E
100
AcDbXrecord
1000
KFhr
  0
XRECORD
  5
10000070
102
{ACAD_REACTORS
330
1000006E
102
}
330
1000006E
100
AcDbXrecord
1000
KFHr
  0
XRECORD
  5
10000073
102
{ACAD_REACTORS
330
10000072
102
}
330
10000072
100
AcDbXrecord
1000
KFdr
  0
XRECORD
  5
10000074
102
{ACAD_REACTORS
330
10000072
102
}
330
10000072
100
AcDbXrecord
1000
KFDr
  0
XRECORD
  5
10000077
102
{ACAD_REACTORS
330
10000076
102
}
330
10000076
100
AcDbXrecord
1000
KFZr
  0
XRECORD
  5
10000078
102
{ACAD_REACTORS
330
10000076
102
}
330
10000076
100
AcDbXrecord
1000
KF/q
  0
XRECORD
  5
1000007B
102
{ACAD_REACTORS
330
1000007A
102
}
330
1000007A
100
AcDbXrecord
1000
KFVr
  0
XRECORD
  5
1000007C
102
{ACAD_REACTORS
330
1000007A
102
}
330
1000007A
100
AcDbXrecord
1000
KF7q
  0
XRECORD
  5
1000007F
102
{ACAD_REACTORS
330
1000007E
102
}
330
1000007E
100
AcDbXrecord
1000
KFRr
  0
XRECORD
  5
10000080
102
{ACAD_REACTORS
330
1000007E
102
}
330
1000007E
100
AcDbXrecord
1000
KF3q
  0
XRECORD
  5
10000083
102
{ACAD_REACTORS
330
10000082
102
}
330
10000082
100
AcDbXrecord
1000
KFNr
  0
XRECORD
  5
10000084
102
{ACAD_REACTORS
330
10000082
102
}
330
10000082
100
AcDbXrecord
1000
KFzq
  0
XRECORD
  5
10000087
102
{ACAD_REACTORS
330
10000086
102
}
330
10000086
100
AcDbXrecord
1000
KFJr
  0
XRECORD
  5
10000088
102
{ACAD_REACTORS
330
10000086
102
}
330
10000086
100
AcDbXrecord
1000
KFvq
  0
XRECORD
  5
1000008B
102
{ACAD_REACTORS
330
1000008A
102
}
330
1000008A
100
AcDbXrecord
1000
KFFr
  0
XRECORD
  5
1000008C
102
{ACAD_REACTORS
330
1000008A
102
}
330
1000008A
100
AcDbXrecord
1000
KFrq
  0
XRECORD
  5
1000008F
102
{ACAD_REACTORS
330
1000008E
102
}
330
1000008E
100
AcDbXrecord
1000
KFBr
  0
XRECORD
  5
10000090
102
{ACAD_REACTORS
330
1000008E
102
}
330
1000008E
100
AcDbXrecord
1000
KFnq
  0
XRECORD
  5
10000093
102
{ACAD_REACTORS
330
10000092
102
}
330
10000092
100
AcDbXrecord
1000
KF9q
  0
XRECORD
  5
10000094
102
{ACAD_REACTORS
330
10000092
102
}
330
10000092
100
AcDbXrecord
1000
KFjq
  0
XRECORD
  5
10000097
102
{ACAD_REACTORS
330
10000096
102
}
330
10000096
100
AcDbXrecord
1000
KF5q
  0
XRECORD
  5
10000098
102
{ACAD_REACTORS
330
10000096
102
}
330
10000096
100
AcDbXrecord
1000
KFfq
  0
XRECORD
  5
1000009B
102
{ACAD_REACTORS
330
1000009A
102
}
330
1000009A
100
AcDbXrecord
1000
KF1q
  0
XRECORD
  5
1000009C
102
{ACAD_REACTORS
330
1000009A
102
}
330
1000009A
100
AcDbXrecord
1000
KFbq
  0
XRECORD
  5
1000009F
102
{ACAD_REACTORS
330
1000009E
102
}
330
1000009E
100
AcDbXrecord
1000
KFxq
  0
XRECORD
  5
100000A0
102
{ACAD_REACTORS
330
1000009E
102
}
330
1000009E
100
AcDbXrecord
1000
KFXq
  0
XRECORD
  5
100000A3
102
{ACAD_REACTORS
330
100000A2
102
}
330
100000A2
100
AcDbXrecord
1000
KFtq
  0
XRECORD
  5
100000A4
102
{ACAD_REACTORS
330
100000A2
102
}
330
100000A2
100
AcDbXrecord
1000
KFTq
  0
XRECORD
  5
100000A7
102
{ACAD_REACTORS
330
100000A6
102
}
330
100000A6
100
AcDbXrecord
1000
KFpq
  0
XRECORD
  5
100000A8
102
{ACAD_REACTORS
330
100000A6
102
}
330
100000A6
100
AcDbXrecord
1000
KFPq
  0
XRECORD
  5
100000AB
102
{ACAD_REACTORS
330
100000AA
102
}
330
100000AA
100
AcDbXrecord
1000
KFlq
  0
XRECORD
  5
100000AC
102
{ACAD_REACTORS
330
100000AA
102
}
330
100000AA
100
AcDbXrecord
1000
KFLq
  0
XRECORD
  5
100000AF
102
{ACAD_REACTORS
330
100000AE
102
}
330
100000AE
100
AcDbXrecord
1000
KFhq
  0
XRECORD
  5
100000B0
102
{ACAD_REACTORS
330
100000AE
102
}
330
100000AE
100
AcDbXrecord
1000
KFHq
  0
XRECORD
  5
100000B3
102
{ACAD_REACTORS
330
100000B2
102
}
330
100000B2
100
AcDbXrecord
1000
KFdq
  0
XRECORD
  5
100000B4
102
{ACAD_REACTORS
330
100000B2
102
}
330
100000B2
100
AcDbXrecord
1000
KFDq
  0
XRECORD
  5
100000B7
102
{ACAD_REACTORS
330
100000B6
102
}
330
100000B6
100
AcDbXrecord
1000
KFZq
  0
XRECORD
  5
100000B8
102
{ACAD_REACTORS
330
100000B6
102
}
330
100000B6
100
AcDbXrecord
1000
KF/p
  0
XRECORD
  5
100000BB
102
{ACAD_REACTORS
330
100000BA
102
}
330
100000BA
100
AcDbXrecord
1000
KFVq
  0
XRECORD
  5
100000BC
102
{ACAD_REACTORS
330
100000BA
102
}
330
100000BA
100
AcDbXrecord
1000
KF7p
  0
XRECORD
  5
100000BF
102
{ACAD_REACTORS
330
100000BE
102
}
330
100000BE
100
AcDbXrecord
1000
KFRq
  0
XRECORD
  5
100000C0
102
{ACAD_REACTORS
330
100000BE
102
}
330
100000BE
100
AcDbXrecord
1000
KF3p
  0
XRECORD
  5
100000C3
102
{ACAD_REACTORS
330
100000C2
102
}
330
100000C2
100
AcDbXrecord
1000
KFNq
  0
XRECORD
  5
100000C4
102
{ACAD_REACTORS
330
100000C2
102
}
330
100000C2
100
AcDbXrecord
1000
KFzp
  0
XRECORD
  5
100000C7
102
{ACAD_REACTORS
330
100000C6
102
}
330
100000C6
100
AcDbXrecord
1000
KFJq
  0
XRECORD
  5
100000C8
102
{ACAD_REACTORS
330
100000C6
102
}
330
100000C6
100
AcDbXrecord
1000
KFvp
  0
XRECORD
  5
100000CB
102
{ACAD_REACTORS
330
100000CA
102
}
330
100000CA
100
AcDbXrecord
1000
KFFq
  0
XRECORD
  5
100000CC
102
{ACAD_REACTORS
330
100000CA
102
}
330
100000CA
100
AcDbXrecord
1000
KFrp
  0
XRECORD
  5
100000CF
102
{ACAD_REACTORS
330
100000CE
102
}
330
100000CE
100
AcDbXrecord
1000
KFBq
  0
XRECORD
  5
100000D0
102
{ACAD_REACTORS
330
100000CE
102
}
330
100000CE
100
AcDbXrecord
1000
KFnp
  0
XRECORD
  5
100000D3
102
{ACAD_REACTORS
330
100000D2
102
}
330
100000D2
100
AcDbXrecord
1000
KF9p
  0
XRECORD
  5
100000D4
102
{ACAD_REACTORS
330
100000D2
102
}
330
100000D2
100
AcDbXrecord
1000
KFjp
  0
XRECORD
  5
100000D7
102
{ACAD_REACTORS
330
100000D6
102
}
330
100000D6
100
AcDbXrecord
1000
KF5p
  0
XRECORD
  5
100000D8
102
{ACAD_REACTORS
330
100000D6
102
}
330
100000D6
100
AcDbXrecord
1000
KFfp
  0
XRECORD
  5
100000DB
102
{ACAD_REACTORS
330
100000DA
102
}
330
100000DA
100
AcDbXrecord
1000
KF1p
  0
XRECORD
  5
100000DC
102
{ACAD_REACTORS
330
100000DA
102
}
330
100000DA
100
AcDbXrecord
1000
KFbp
  0
XRECORD
  5
100000DF
102
{ACAD_REACTORS
330
100000DE
102
}
330
100000DE
100
AcDbXrecord
1000
KFxp
  0
XRECORD
  5
100000E0
102
{ACAD_REACTORS
330
100000DE
102
}
330
100000DE
100
AcDbXrecord
1000
KFXp
  0
XRECORD
  5
100000E3
102
{ACAD_REACTORS
330
100000E2
102
}
330
100000E2
100
AcDbXrecord
1000
KFtp
  0
XRECORD
  5
100000E4
102
{ACAD_REACTORS
330
100000E2
102
}
330
100000E2
100
AcDbXrecord
1000
KFTp
  0
XRECORD
  5
100000E7
102
{ACAD_REACTORS
330
100000E6
102
}
330
100000E6
100
AcDbXrecord
1000
KFpp
  0
XRECORD
  5
100000E8
102
{ACAD_REACTORS
330
100000E6
102
}
330
100000E6
100
AcDbXrecord
1000
KFPp
  0
XRECORD
  5
100000EB
102
{ACAD_REACTORS
330
100000EA
102
}
330
100000EA
100
AcDbXrecord
1000
KFlp
  0
XRECORD
  5
100000EC
102
{ACAD_REACTORS
330
100000EA
102
}
330
100000EA
100
AcDbXrecord
1000
KFLp
  0
XRECORD
  5
100000EF
102
{ACAD_REACTORS
330
100000EE
102
}
330
100000EE
100
AcDbXrecord
1000
KFhp
  0
XRECORD
  5
100000F0
102
{ACAD_REACTORS
330
100000EE
102
}
330
100000EE
100
AcDbXrecord
1000
KFHp
  0
XRECORD
  5
100000F3
102
{ACAD_REACTORS
330
100000F2
102
}
330
100000F2
100
AcDbXrecord
1000
KFdp
  0
XRECORD
  5
100000F4
102
{ACAD_REACTORS
330
100000F2
102
}
330
100000F2
100
AcDbXrecord
1000
KFDp
  0
XRECORD
  5
100000F7
102
{ACAD_REACTORS
330
100000F6
102
}
330
100000F6
100
AcDbXrecord
1000
KFZp
  0
XRECORD
  5
100000F8
102
{ACAD_REACTORS
330
100000F6
102
}
330
100000F6
100
AcDbXrecord
1000
KF/o
  0
XRECORD
  5
100000FB
102
{ACAD_REACTORS
330
100000FA
102
}
330
100000FA
100
AcDbXrecord
1000
KFVp
  0
XRECORD
  5
100000FC
102
{ACAD_REACTORS
330
100000FA
102
}
330
100000FA
100
AcDbXrecord
1000
KF7o
  0
XRECORD
  5
100000FF
102
{ACAD_REACTORS
330
100000FE
102
}
330
100000FE
100
AcDbXrecord
1000
KFRp
  0
XRECORD
  5
10000100
102
{ACAD_REACTORS
330
100000FE
102
}
330
100000FE
100
AcDbXrecord
1000
KF3o
  0
XRECORD
  5
10000103
102
{ACAD_REACTORS
330
10000102
102
}
330
10000102
100
AcDbXrecord
1000
KFNp
  0
XRECORD
  5
10000104
102
{ACAD_REACTORS
330
10000102
102
}
330
10000102
100
AcDbXrecord
1000
KFzo
  0
XRECORD
  5
10000107
102
{ACAD_REACTORS
330
10000106
102
}
330
10000106
100
AcDbXrecord
1000
KFJp
  0
XRECORD
  5
10000108
102
{ACAD_REACTORS
330
10000106
102
}
330
10000106
100
AcDbXrecord
1000
KFvo
  0
XRECORD
  5
1000010B
102
{ACAD_REACTORS
330
1000010A
102
}
330
1000010A
100
AcDbXrecord
1000
KFFp
  0
XRECORD
  5
1000010C
102
{ACAD_REACTORS
330
1000010A
102
}
330
1000010A
100
AcDbXrecord
1000
KFro
  0
XRECORD
  5
1000010F
102
{ACAD_REACTORS
330
1000010E
102
}
330
1000010E
100
AcDbXrecord
1000
KFBp
  0
XRECORD
  5
10000110
102
{ACAD_REACTORS
330
1000010E
102
}
330
1000010E
100
AcDbXrecord
1000
KFno
  0
XRECORD
  5
10000113
102
{ACAD_REACTORS
330
10000112
102
}
330
10000112
100
AcDbXrecord
1000
KF9o
  0
XRECORD
  5
10000114
102
{ACAD_REACTORS
330
10000112
102
}
330
10000112
100
AcDbXrecord
1000
KFjo
  0
XRECORD
  5
10000117
102
{ACAD_REACTORS
330
10000116
102
}
330
10000116
100
AcDbXrecord
1000
KF5o
  0
XRECORD
  5
10000118
102
{ACAD_REACTORS
330
10000116
102
}
330
10000116
100
AcDbXrecord
1000
KFfo
  0
XRECORD
  5
1000011B
102
{ACAD_REACTORS
330
1000011A
102
}
330
1000011A
100
AcDbXrecord
1000
KF1o
  0
XRECORD
  5
1000011C
102
{ACAD_REACTORS
330
1000011A
102
}
330
1000011A
100
AcDbXrecord
1000
KFbo
  0
XRECORD
  5
1000011F
102
{ACAD_REACTORS
330
1000011E
102
}
330
1000011E
100
AcDbXrecord
1000
KFxo
  0
XRECORD
  5
10000120
102
{ACAD_REACTORS
330
1000011E
102
}
330
1000011E
100
AcDbXrecord
1000
KFXo
  0
XRECORD
  5
10000123
102
{ACAD_REACTORS
330
10000122
102
}
330
10000122
100
AcDbXrecord
1000
KFto
  0
XRECORD
  5
10000124
102
{ACAD_REACTORS
330
10000122
102
}
330
10000122
100
AcDbXrecord
1000
KFTo
  0
XRECORD
  5
10000127
102
{ACAD_REACTORS
330
10000126
102
}
330
10000126
100
AcDbXrecord
1000
KFpo
  0
XRECORD
  5
10000128
102
{ACAD_REACTORS
330
10000126
102
}
330
10000126
100
AcDbXrecord
1000
KFPo
  0
XRECORD
  5
1000012B
102
{ACAD_REACTORS
330
1000012A
102
}
330
1000012A
100
AcDbXrecord
1000
KFlo
  0
XRECORD
  5
1000012C
102
{ACAD_REACTORS
330
1000012A
102
}
330
1000012A
100
AcDbXrecord
1000
KFLo
  0
XRECORD
  5
1000012F
102
{ACAD_REACTORS
330
1000012E
102
}
330
1000012E
100
AcDbXrecord
1000
KFho
  0
XRECORD
  5
10000130
102
{ACAD_REACTORS
330
1000012E
102
}
330
1000012E
100
AcDbXrecord
1000
KFHo
  0
XRECORD
  5
10000133
102
{ACAD_REACTORS
330
10000132
102
}
330
10000132
100
AcDbXrecord
1000
KFdo
  0
XRECORD
  5
10000134
102
{ACAD_REACTORS
330
10000132
102
}
330
10000132
100
AcDbXrecord
1000
KFDo
  0
XRECORD
  5
10000137
102
{ACAD_REACTORS
330
10000136
102
}
330
10000136
100
AcDbXrecord
1000
KFZo
  0
XRECORD
  5
10000138
102
{ACAD_REACTORS
330
10000136
102
}
330
10000136
100
AcDbXrecord
1000
KF/n
  0
XRECORD
  5
1000013B
102
{ACAD_REACTORS
330
1000013A
102
}
330
1000013A
100
AcDbXrecord
1000
KFVo
  0
XRECORD
  5
1000013C
102
{ACAD_REACTORS
330
1000013A
102
}
330
1000013A
100
AcDbXrecord
1000
KF7n
  0
XRECORD
  5
1000013F
102
{ACAD_REACTORS
330
1000013E
102
}
330
1000013E
100
AcDbXrecord
1000
KFhn
  0
XRECORD
  5
10000140
102
{ACAD_REACTORS
330
1000013E
102
}
330
1000013E
100
AcDbXrecord
1000
KFHn
  0
XRECORD
  5
10000143
102
{ACAD_REACTORS
330
10000142
102
}
330
10000142
100
AcDbXrecord
1000
KFdn
  0
XRECORD
  5
10000144
102
{ACAD_REACTORS
330
10000142
102
}
330
10000142
100
AcDbXrecord
1000
KFDn
  0
XRECORD
  5
10000147
102
{ACAD_REACTORS
330
10000146
102
}
330
10000146
100
AcDbXrecord
1000
KFZn
  0
XRECORD
  5
10000148
102
{ACAD_REACTORS
330
10000146
102
}
330
10000146
100
AcDbXrecord
1000
KF/m
  0
XRECORD
  5
1000014B
102
{ACAD_REACTORS
330
1000014A
102
}
330
1000014A
100
AcDbXrecord
1000
KFVn
  0
XRECORD
  5
1000014C
102
{ACAD_REACTORS
330
1000014A
102
}
330
1000014A
100
AcDbXrecord
1000
KF7m
  0
XRECORD
  5
1000014F
102
{ACAD_REACTORS
330
1000014E
102
}
330
1000014E
100
AcDbXrecord
1000
KFRn
  0
XRECORD
  5
10000150
102
{ACAD_REACTORS
330
1000014E
102
}
330
1000014E
100
AcDbXrecord
1000
KF3m
  0
XRECORD
  5
10000153
102
{ACAD_REACTORS
330
10000152
102
}
330
10000152
100
AcDbXrecord
1000
KFNn
  0
XRECORD
  5
10000154
102
{ACAD_REACTORS
330
10000152
102
}
330
10000152
100
AcDbXrecord
1000
KFzm
  0
XRECORD
  5
10000157
102
{ACAD_REACTORS
330
10000156
102
}
330
10000156
100
AcDbXrecord
1000
KFJn
  0
XRECORD
  5
10000158
102
{ACAD_REACTORS
330
10000156
102
}
330
10000156
100
AcDbXrecord
1000
KFvm
  0
XRECORD
  5
1000015B
102
{ACAD_REACTORS
330
1000015A
102
}
330
1000015A
100
AcDbXrecord
1000
KFFn
  0
XRECORD
  5
1000015C
102
{ACAD_REACTORS
330
1000015A
102
}
330
1000015A
100
AcDbXrecord
1000
KFrm
  0
XRECORD
  5
1000015F
102
{ACAD_REACTORS
330
1000015E
102
}
330
1000015E
100
AcDbXrecord
1000
KFBn
  0
XRECORD
  5
10000160
102
{ACAD_REACTORS
330
1000015E
102
}
330
1000015E
100
AcDbXrecord
1000
KFnm
  0
XRECORD
  5
10000163
102
{ACAD_REACTORS
330
10000162
102
}
330
10000162
100
AcDbXrecord
1000
KF9m
  0
XRECORD
  5
10000164
102
{ACAD_REACTORS
330
10000162
102
}
330
10000162
100
AcDbXrecord
1000
KFjm
  0
XRECORD
  5
10000167
102
{ACAD_REACTORS
330
10000166
102
}
330
10000166
100
AcDbXrecord
1000
KF5m
  0
XRECORD
  5
10000168
102
{ACAD_REACTORS
330
10000166
102
}
330
10000166
100
AcDbXrecord
1000
KFfm
  0
XRECORD
  5
1000016B
102
{ACAD_REACTORS
330
1000016A
102
}
330
1000016A
100
AcDbXrecord
1000
KF1m
  0
XRECORD
  5
1000016C
102
{ACAD_REACTORS
330
1000016A
102
}
330
1000016A
100
AcDbXrecord
1000
KFbm
  0
XRECORD
  5
1000016F
102
{ACAD_REACTORS
330
1000016E
102
}
330
1000016E
100
AcDbXrecord
1000
KFxm
  0
XRECORD
  5
10000170
102
{ACAD_REACTORS
330
1000016E
102
}
330
1000016E
100
AcDbXrecord
1000
KFXm
  0
XRECORD
  5
10000173
102
{ACAD_REACTORS
330
10000172
102
}
330
10000172
100
AcDbXrecord
1000
KFtm
  0
XRECORD
  5
10000174
102
{ACAD_REACTORS
330
10000172
102
}
330
10000172
100
AcDbXrecord
1000
KFTm
  0
XRECORD
  5
10000177
102
{ACAD_REACTORS
330
10000176
102
}
330
10000176
100
AcDbXrecord
1000
KFpm
  0
XRECORD
  5
10000178
102
{ACAD_REACTORS
330
10000176
102
}
330
10000176
100
AcDbXrecord
1000
KFPm
  0
XRECORD
  5
1000017B
102
{ACAD_REACTORS
330
1000017A
102
}
330
1000017A
100
AcDbXrecord
1000
KFlm
  0
XRECORD
  5
1000017C
102
{ACAD_REACTORS
330
1000017A
102
}
330
1000017A
100
AcDbXrecord
1000
KFLm
  0
XRECORD
  5
1000017F
102
{ACAD_REACTORS
330
1000017E
102
}
330
1000017E
100
AcDbXrecord
1000
KFhm
  0
XRECORD
  5
10000180
102
{ACAD_REACTORS
330
1000017E
102
}
330
1000017E
100
AcDbXrecord
1000
KFHm
  0
XRECORD
  5
10000183
102
{ACAD_REACTORS
330
10000182
102
}
330
10000182
100
AcDbXrecord
1000
KFdm
  0
XRECORD
  5
10000184
102
{ACAD_REACTORS
330
10000182
102
}
330
10000182
100
AcDbXrecord
1000
KFDm
  0
XRECORD
  5
10000187
102
{ACAD_REACTORS
330
10000186
102
}
330
10000186
100
AcDbXrecord
1000
KFZm
  0
XRECORD
  5
10000188
102
{ACAD_REACTORS
330
10000186
102
}
330
10000186
100
AcDbXrecord
1000
KF/l
  0
XRECORD
  5
1000018B
102
{ACAD_REACTORS
330
1000018A
102
}
330
1000018A
100
AcDbXrecord
1000
KFVm
  0
XRECORD
  5
1000018C
102
{ACAD_REACTORS
330
1000018A
102
}
330
1000018A
100
AcDbXrecord
1000
KF7l
  0
XRECORD
  5
1000018F
102
{ACAD_REACTORS
330
1000018E
102
}
330
1000018E
100
AcDbXrecord
1000
KFpl
  0
XRECORD
  5
10000190
102
{ACAD_REACTORS
330
1000018E
102
}
330
1000018E
100
AcDbXrecord
1000
KFPl
  0
XRECORD
  5
10000193
102
{ACAD_REACTORS
330
10000192
102
}
330
10000192
100
AcDbXrecord
1000
KFll
  0
XRECORD
  5
10000194
102
{ACAD_REACTORS
330
10000192
102
}
330
10000192
100
AcDbXrecord
1000
KFLl
  0
XRECORD
  5
10000197
102
{ACAD_REACTORS
330
10000196
102
}
330
10000196
100
AcDbXrecord
1000
KFhl
  0
XRECORD
  5
10000198
102
{ACAD_REACTORS
330
10000196
102
}
330
10000196
100
AcDbXrecord
1000
KFHl
  0
XRECORD
  5
1000019B
102
{ACAD_REACTORS
330
1000019A
102
}
330
1000019A
100
AcDbXrecord
1000
KFdl
  0
XRECORD
  5
1000019C
102
{ACAD_REACTORS
330
1000019A
102
}
330
1000019A
100
AcDbXrecord
1000
KFDl
  0
XRECORD
  5
1000019F
102
{ACAD_REACTORS
330
1000019E
102
}
330
1000019E
100
AcDbXrecord
1000
KFVl
  0
XRECORD
  5
100001A0
102
{ACAD_REACTORS
330
1000019E
102
}
330
1000019E
100
AcDbXrecord
1000
KF7k
  0
XRECORD
  5
100001A3
102
{ACAD_REACTORS
330
100001A2
102
}
330
100001A2
100
AcDbXrecord
1000
KFZl
  0
XRECORD
  5
100001A4
102
{ACAD_REACTORS
330
100001A2
102
}
330
100001A2
100
AcDbXrecord
1000
KF/k
  0
XRECORD
  5
100001A7
102
{ACAD_REACTORS
330
100001A6
102
}
330
100001A6
100
AcDbXrecord
1000
KFtl
  0
XRECORD
  5
100001A8
102
{ACAD_REACTORS
330
100001A6
102
}
330
100001A6
100
AcDbXrecord
1000
KFTl
  0
XRECORD
  5
100001AB
102
{ACAD_REACTORS
330
100001AA
102
}
330
100001AA
100
AcDbXrecord
1000
KFxl
  0
XRECORD
  5
100001AC
102
{ACAD_REACTORS
330
100001AA
102
}
330
100001AA
100
AcDbXrecord
1000
KFXl
  0
XRECORD
  5
100001AF
102
{ACAD_REACTORS
330
100001AE
102
}
330
100001AE
100
AcDbXrecord
1000
KF1l
  0
XRECORD
  5
100001B0
102
{ACAD_REACTORS
330
100001AE
102
}
330
100001AE
100
AcDbXrecord
1000
KFbl
  0
XRECORD
  5
100001B3
102
{ACAD_REACTORS
330
100001B2
102
}
330
100001B2
100
AcDbXrecord
1000
KF5l
  0
XRECORD
  5
100001B4
102
{ACAD_REACTORS
330
100001B2
102
}
330
100001B2
100
AcDbXrecord
1000
KFfl
  0
XRECORD
  5
100001B7
102
{ACAD_REACTORS
330
100001B6
102
}
330
100001B6
100
AcDbXrecord
1000
KF9l
  0
XRECORD
  5
100001B8
102
{ACAD_REACTORS
330
100001B6
102
}
330
100001B6
100
AcDbXrecord
1000
KFjl
  0
XRECORD
  5
100001BB
102
{ACAD_REACTORS
330
100001BA
102
}
330
100001BA
100
AcDbXrecord
1000
KFBm
  0
XRECORD
  5
100001BC
102
{ACAD_REACTORS
330
100001BA
102
}
330
100001BA
100
AcDbXrecord
1000
KFnl
  0
XRECORD
  5
100001BF
102
{ACAD_REACTORS
330
100001BE
102
}
330
100001BE
100
AcDbXrecord
1000
KFFm
  0
XRECORD
  5
100001C0
102
{ACAD_REACTORS
330
100001BE
102
}
330
100001BE
100
AcDbXrecord
1000
KFrl
  0
XRECORD
  5
100001C3
102
{ACAD_REACTORS
330
100001C2
102
}
330
100001C2
100
AcDbXrecord
1000
KFJm
  0
XRECORD
  5
100001C4
102
{ACAD_REACTORS
330
100001C2
102
}
330
100001C2
100
AcDbXrecord
1000
KFvl
  0
XRECORD
  5
100001C7
102
{ACAD_REACTORS
330
100001C6
102
}
330
100001C6
100
AcDbXrecord
1000
KFNm
  0
XRECORD
  5
100001C8
102
{ACAD_REACTORS
330
100001C6
102
}
330
100001C6
100
AcDbXrecord
1000
KFzl
  0
XRECORD
  5
100001CB
102
{ACAD_REACTORS
330
100001CA
102
}
330
100001CA
100
AcDbXrecord
1000
KFRm
  0
XRECORD
  5
100001CC
102
{ACAD_REACTORS
330
100001CA
102
}
330
100001CA
100
AcDbXrecord
1000
KF3l
  0
XRECORD
  5
100001CF
102
{ACAD_REACTORS
330
100001CE
102
}
330
100001CE
100
AcDbXrecord
1000
KFln
  0
XRECORD
  5
100001D0
102
{ACAD_REACTORS
330
100001CE
102
}
330
100001CE
100
AcDbXrecord
1000
KFLn
  0
XRECORD
  5
100001D3
102
{ACAD_REACTORS
330
100001D2
102
}
330
100001D2
100
AcDbXrecord
1000
KFpn
  0
XRECORD
  5
100001D4
102
{ACAD_REACTORS
330
100001D2
102
}
330
100001D2
100
AcDbXrecord
1000
KFPn
  0
XRECORD
  5
100001D7
102
{ACAD_REACTORS
330
100001D6
102
}
330
100001D6
100
AcDbXrecord
1000
KFtn
  0
XRECORD
  5
100001D8
102
{ACAD_REACTORS
330
100001D6
102
}
330
100001D6
100
AcDbXrecord
1000
KFTn
  0
XRECORD
  5
100001DB
102
{ACAD_REACTORS
330
100001DA
102
}
330
100001DA
100
AcDbXrecord
1000
KFxn
  0
XRECORD
  5
100001DC
102
{ACAD_REACTORS
330
100001DA
102
}
330
100001DA
100
AcDbXrecord
1000
KFXn
  0
XRECORD
  5
100001DF
102
{ACAD_REACTORS
330
100001DE
102
}
330
100001DE
100
AcDbXrecord
1000
KF1n
  0
XRECORD
  5
100001E0
102
{ACAD_REACTORS
330
100001DE
102
}
330
100001DE
100
AcDbXrecord
1000
KFbn
  0
XRECORD
  5
100001E3
102
{ACAD_REACTORS
330
100001E2
102
}
330
100001E2
100
AcDbXrecord
1000
KF5n
  0
XRECORD
  5
100001E4
102
{ACAD_REACTORS
330
100001E2
102
}
330
100001E2
100
AcDbXrecord
1000
KFfn
  0
XRECORD
  5
100001E7
102
{ACAD_REACTORS
330
100001E6
102
}
330
100001E6
100
AcDbXrecord
1000
KF9n
  0
XRECORD
  5
100001E8
102
{ACAD_REACTORS
330
100001E6
102
}
330
100001E6
100
AcDbXrecord
1000
KFjn
  0
XRECORD
  5
100001EB
102
{ACAD_REACTORS
330
100001EA
102
}
330
100001EA
100
AcDbXrecord
1000
KFBo
  0
XRECORD
  5
100001EC
102
{ACAD_REACTORS
330
100001EA
102
}
330
100001EA
100
AcDbXrecord
1000
KFnn
  0
XRECORD
  5
100001EF
102
{ACAD_REACTORS
330
100001EE
102
}
330
100001EE
100
AcDbXrecord
1000
KFFo
  0
XRECORD
  5
100001F0
102
{ACAD_REACTORS
330
100001EE
102
}
330
100001EE
100
AcDbXrecord
1000
KFrn
  0
XRECORD
  5
100001F3
102
{ACAD_REACTORS
330
100001F2
102
}
330
100001F2
100
AcDbXrecord
1000
KFJo
  0
XRECORD
  5
100001F4
102
{ACAD_REACTORS
330
100001F2
102
}
330
100001F2
100
AcDbXrecord
1000
KFvn
  0
XRECORD
  5
100001F7
102
{ACAD_REACTORS
330
100001F6
102
}
330
100001F6
100
AcDbXrecord
1000
KFNo
  0
XRECORD
  5
100001F8
102
{ACAD_REACTORS
330
100001F6
102
}
330
100001F6
100
AcDbXrecord
1000
KFzn
  0
XRECORD
  5
100001FB
102
{ACAD_REACTORS
330
100001FA
102
}
330
100001FA
100
AcDbXrecord
1000
KFRo
  0
XRECORD
  5
100001FC
102
{ACAD_REACTORS
330
100001FA
102
}
330
100001FA
100
AcDbXrecord
1000
KF3n
  0
XRECORD
  5
100001FF
102
{ACAD_REACTORS
330
100001FE
102
}
330
100001FE
100
AcDbXrecord
1000
JFB
  0
XRECORD
  5
10000200
102
{ACAD_REACTORS
330
100001FE
102
}
330
100001FE
100
AcDbXrecord
1000
JFD
  0
XRECORD
  5
10000203
102
{ACAD_REACTORS
330
10000202
102
}
330
10000202
100
AcDbXrecord
1000
JFF
  0
XRECORD
  5
10000204
102
{ACAD_REACTORS
330
10000202
102
}
330
10000202
100
AcDbXrecord
1000
JFH
  0
XRECORD
  5
10000207
102
{ACAD_REACTORS
330
10000206
102
}
330
10000206
100
AcDbXrecord
1000
JFJ
  0
XRECORD
  5
10000208
102
{ACAD_REACTORS
330
10000206
102
}
330
10000206
100
AcDbXrecord
1000
JFL
  0
XRECORD
  5
1000020B
102
{ACAD_REACTORS
330
1000020A
102
}
330
1000020A
100
AcDbXrecord
1000
JFN
  0
XRECORD
  5
1000020C
102
{ACAD_REACTORS
330
1000020A
102
}
330
1000020A
100
AcDbXrecord
1000
JFP
  0
XRECORD
  5
1000020F
102
{ACAD_REACTORS
330
1000020E
102
}
330
1000020E
100
AcDbXrecord
1000
JFR
  0
XRECORD
  5
10000210
102
{ACAD_REACTORS
330
1000020E
102
}
330
1000020E
100
AcDbXrecord
1000
JFT
  0
XRECORD
  5
10000213
102
{ACAD_REACTORS
330
10000212
102
}
330
10000212
100
AcDbXrecord
1000
JFV
  0
XRECORD
  5
10000214
102
{ACAD_REACTORS
330
10000212
102
}
330
10000212
100
AcDbXrecord
1000
JFX
  0
XRECORD
  5
10000217
102
{ACAD_REACTORS
330
10000216
102
}
330
10000216
100
AcDbXrecord
1000
JFZ
  0
XRECORD
  5
10000218
102
{ACAD_REACTORS
330
10000216
102
}
330
10000216
100
AcDbXrecord
1000
JFb
  0
XRECORD
  5
1000021B
102
{ACAD_REACTORS
330
1000021A
102
}
330
1000021A
100
AcDbXrecord
1000
JFd
  0
XRECORD
  5
1000021C
102
{ACAD_REACTORS
330
1000021A
102
}
330
1000021A
100
AcDbXrecord
1000
JFf
  0
XRECORD
  5
1000021F
102
{ACAD_REACTORS
330
1000021E
102
}
330
1000021E
100
AcDbXrecord
1000
JFh
  0
XRECORD
  5
10000220
102
{ACAD_REACTORS
330
1000021E
102
}
330
1000021E
100
AcDbXrecord
1000
JFj
  0
XRECORD
  5
10000223
102
{ACAD_REACTORS
330
10000222
102
}
330
10000222
100
AcDbXrecord
1000
JFl
  0
XRECORD
  5
10000224
102
{ACAD_REACTORS
330
10000222
102
}
330
10000222
100
AcDbXrecord
1000
JFn
  0
XRECORD
  5
10000227
102
{ACAD_REACTORS
330
10000226
102
}
330
10000226
100
AcDbXrecord
1000
JFp
  0
XRECORD
  5
10000228
102
{ACAD_REACTORS
330
10000226
102
}
330
10000226
100
AcDbXrecord
1000
JFr
  0
XRECORD
  5
1000022B
102
{ACAD_REACTORS
330
1000022A
102
}
330
1000022A
100
AcDbXrecord
1000
JFt
  0
XRECORD
  5
1000022C
102
{ACAD_REACTORS
330
1000022A
102
}
330
1000022A
100
AcDbXrecord
1000
JFv
  0
XRECORD
  5
1000022F
102
{ACAD_REACTORS
330
1000022E
102
}
330
1000022E
100
AcDbXrecord
1000
JFx
  0
XRECORD
  5
10000230
102
{ACAD_REACTORS
330
1000022E
102
}
330
1000022E
100
AcDbXrecord
1000
JFz
  0
XRECORD
  5
10000233
102
{ACAD_REACTORS
330
10000232
102
}
330
10000232
100
AcDbXrecord
1000
JF1
  0
XRECORD
  5
10000234
102
{ACAD_REACTORS
330
10000232
102
}
330
10000232
100
AcDbXrecord
1000
JF3
  0
XRECORD
  5
10000237
102
{ACAD_REACTORS
330
10000236
102
}
330
10000236
100
AcDbXrecord
1000
JF5
  0
XRECORD
  5
10000238
102
{ACAD_REACTORS
330
10000236
102
}
330
10000236
100
AcDbXrecord
1000
JF7
  0
XRECORD
  5
1000023B
102
{ACAD_REACTORS
330
1000023A
102
}
330
1000023A
100
AcDbXrecord
1000
JF9
  0
XRECORD
  5
1000023C
102
{ACAD_REACTORS
330
1000023A
102
}
330
1000023A
100
AcDbXrecord
1000
JF/
  0
XRECORD
  5
1000023F
102
{ACAD_REACTORS
330
1000023E
102
}
330
1000023E
100
AcDbXrecord
1000
KFBB
  0
XRECORD
  5
10000240
102
{ACAD_REACTORS
330
1000023E
102
}
330
1000023E
100
AcDbXrecord
1000
KFDB
  0
XRECORD
  5
10000243
102
{ACAD_REACTORS
330
10000242
102
}
330
10000242
100
AcDbXrecord
1000
KFFB
  0
XRECORD
  5
10000244
102
{ACAD_REACTORS
330
10000242
102
}
330
10000242
100
AcDbXrecord
1000
KFHB
  0
XRECORD
  5
10000247
102
{ACAD_REACTORS
330
10000246
102
}
330
10000246
100
AcDbXrecord
1000
KFJB
  0
XRECORD
  5
10000248
102
{ACAD_REACTORS
330
10000246
102
}
330
10000246
100
AcDbXrecord
1000
KFLB
  0
XRECORD
  5
1000024B
102
{ACAD_REACTORS
330
1000024A
102
}
330
1000024A
100
AcDbXrecord
1000
KFRB
  0
XRECORD
  5
1000024C
102
{ACAD_REACTORS
330
1000024A
102
}
330
1000024A
100
AcDbXrecord
1000
KFTB
  0
XRECORD
  5
1000024F
102
{ACAD_REACTORS
330
1000024E
102
}
330
1000024E
100
AcDbXrecord
1000
KFhB
  0
XRECORD
  5
10000250
102
{ACAD_REACTORS
330
1000024E
102
}
330
1000024E
100
AcDbXrecord
1000
KFjB
  0
XRECORD
  5
10000253
102
{ACAD_REACTORS
330
10000252
102
}
330
10000252
100
AcDbXrecord
1000
KFlB
  0
XRECORD
  5
10000254
102
{ACAD_REACTORS
330
10000252
102
}
330
10000252
100
AcDbXrecord
1000
KFnB
  0
XRECORD
  5
10000257
102
{ACAD_REACTORS
330
10000256
102
}
330
10000256
100
AcDbXrecord
1000
KFpB
  0
XRECORD
  5
10000258
102
{ACAD_REACTORS
330
10000256
102
}
330
10000256
100
AcDbXrecord
1000
KFrB
  0
XRECORD
  5
1000025B
102
{ACAD_REACTORS
330
1000025A
102
}
330
1000025A
100
AcDbXrecord
1000
KFtB
  0
XRECORD
  5
1000025C
102
{ACAD_REACTORS
330
1000025A
102
}
330
1000025A
100
AcDbXrecord
1000
KFvB
  0
XRECORD
  5
1000025F
102
{ACAD_REACTORS
330
1000025E
102
}
330
1000025E
100
AcDbXrecord
1000
KFxB
  0
XRECORD
  5
10000260
102
{ACAD_REACTORS
330
1000025E
102
}
330
1000025E
100
AcDbXrecord
1000
KFzB
  0
XRECORD
  5
10000263
102
{ACAD_REACTORS
330
10000262
102
}
330
10000262
100
AcDbXrecord
1000
KF1B
  0
XRECORD
  5
10000264
102
{ACAD_REACTORS
330
10000262
102
}
330
10000262
100
AcDbXrecord
1000
KF3B
  0
XRECORD
  5
10000267
102
{ACAD_REACTORS
330
10000266
102
}
330
10000266
100
AcDbXrecord
1000
KF5B
  0
XRECORD
  5
10000268
102
{ACAD_REACTORS
330
10000266
102
}
330
10000266
100
AcDbXrecord
1000
KF7B
  0
XRECORD
  5
1000026B
102
{ACAD_REACTORS
330
1000026A
102
}
330
1000026A
100
AcDbXrecord
1000
KF9B
  0
XRECORD
  5
1000026C
102
{ACAD_REACTORS
330
1000026A
102
}
330
1000026A
100
AcDbXrecord
1000
KF/B
  0
XRECORD
  5
1000026F
102
{ACAD_REACTORS
330
1000026E
102
}
330
1000026E
100
AcDbXrecord
1000
KFBC
  0
XRECORD
  5
10000270
102
{ACAD_REACTORS
330
1000026E
102
}
330
1000026E
100
AcDbXrecord
1000
KFDC
  0
XRECORD
  5
10000273
102
{ACAD_REACTORS
330
10000272
102
}
330
10000272
100
AcDbXrecord
1000
KFFC
  0
XRECORD
  5
10000274
102
{ACAD_REACTORS
330
10000272
102
}
330
10000272
100
AcDbXrecord
1000
KFHC
  0
XRECORD
  5
10000277
102
{ACAD_REACTORS
330
10000276
102
}
330
10000276
100
AcDbXrecord
1000
KFJC
  0
XRECORD
  5
10000278
102
{ACAD_REACTORS
330
10000276
102
}
330
10000276
100
AcDbXrecord
1000
KFLC
  0
XRECORD
  5
1000027B
102
{ACAD_REACTORS
330
1000027A
102
}
330
1000027A
100
AcDbXrecord
1000
KFNC
  0
XRECORD
  5
1000027C
102
{ACAD_REACTORS
330
1000027A
102
}
330
1000027A
100
AcDbXrecord
1000
KFPC
  0
XRECORD
  5
1000027F
102
{ACAD_REACTORS
330
1000027E
102
}
330
1000027E
100
AcDbXrecord
1000
KFVC
  0
XRECORD
  5
10000280
102
{ACAD_REACTORS
330
1000027E
102
}
330
1000027E
100
AcDbXrecord
1000
KFXC
  0
XRECORD
  5
10000283
102
{ACAD_REACTORS
330
10000282
102
}
330
10000282
100
AcDbXrecord
1000
KFZC
  0
XRECORD
  5
10000284
102
{ACAD_REACTORS
330
10000282
102
}
330
10000282
100
AcDbXrecord
1000
KFbC
  0
XRECORD
  5
10000287
102
{ACAD_REACTORS
330
10000286
102
}
330
10000286
100
AcDbXrecord
1000
KFdC
  0
XRECORD
  5
10000288
102
{ACAD_REACTORS
330
10000286
102
}
330
10000286
100
AcDbXrecord
1000
KFfC
  0
XRECORD
  5
1000028B
102
{ACAD_REACTORS
330
1000028A
102
}
330
1000028A
100
AcDbXrecord
1000
KFhC
  0
XRECORD
  5
1000028C
102
{ACAD_REACTORS
330
1000028A
102
}
330
1000028A
100
AcDbXrecord
1000
KFjC
  0
XRECORD
  5
1000028F
102
{ACAD_REACTORS
330
1000028E
102
}
330
1000028E
100
AcDbXrecord
1000
KFlC
  0
XRECORD
  5
10000290
102
{ACAD_REACTORS
330
1000028E
102
}
330
1000028E
100
AcDbXrecord
1000
KFnC
  0
XRECORD
  5
10000293
102
{ACAD_REACTORS
330
10000292
102
}
330
10000292
100
AcDbXrecord
1000
KFpC
  0
XRECORD
  5
10000294
102
{ACAD_REACTORS
330
10000292
102
}
330
10000292
100
AcDbXrecord
1000
KFrC
  0
XRECORD
  5
10000297
102
{ACAD_REACTORS
330
10000296
102
}
330
10000296
100
AcDbXrecord
1000
KFxC
  0
XRECORD
  5
10000298
102
{ACAD_REACTORS
330
10000296
102
}
330
10000296
100
AcDbXrecord
1000
KFzC
  0
XRECORD
  5
1000029B
102
{ACAD_REACTORS
330
1000029A
102
}
330
1000029A
100
AcDbXrecord
1000
KF1C
  0
XRECORD
  5
1000029C
102
{ACAD_REACTORS
330
1000029A
102
}
330
1000029A
100
AcDbXrecord
1000
KF3C
  0
XRECORD
  5
1000029F
102
{ACAD_REACTORS
330
1000029E
102
}
330
1000029E
100
AcDbXrecord
1000
KF5C
  0
XRECORD
  5
100002A0
102
{ACAD_REACTORS
330
1000029E
102
}
330
1000029E
100
AcDbXrecord
1000
KF7C
  0
XRECORD
  5
100002A3
102
{ACAD_REACTORS
330
100002A2
102
}
330
100002A2
100
AcDbXrecord
1000
KF9C
  0
XRECORD
  5
100002A4
102
{ACAD_REACTORS
330
100002A2
102
}
330
100002A2
100
AcDbXrecord
1000
KF/C
  0
XRECORD
  5
100002A7
102
{ACAD_REACTORS
330
100002A6
102
}
330
100002A6
100
AcDbXrecord
1000
KFBD
  0
XRECORD
  5
100002A8
102
{ACAD_REACTORS
330
100002A6
102
}
330
100002A6
100
AcDbXrecord
1000
KFDD
  0
XRECORD
  5
100002AB
102
{ACAD_REACTORS
330
100002AA
102
}
330
100002AA
100
AcDbXrecord
1000
KFFD
  0
XRECORD
  5
100002AC
102
{ACAD_REACTORS
330
100002AA
102
}
330
100002AA
100
AcDbXrecord
1000
KFHD
  0
XRECORD
  5
100002AF
102
{ACAD_REACTORS
330
100002AE
102
}
330
100002AE
100
AcDbXrecord
1000
KFJD
  0
XRECORD
  5
100002B0
102
{ACAD_REACTORS
330
100002AE
102
}
330
100002AE
100
AcDbXrecord
1000
KFLD
  0
XRECORD
  5
100002B3
102
{ACAD_REACTORS
330
100002B2
102
}
330
100002B2
100
AcDbXrecord
1000
KFND
  0
XRECORD
  5
100002B4
102
{ACAD_REACTORS
330
100002B2
102
}
330
100002B2
100
AcDbXrecord
1000
KFPD
  0
XRECORD
  5
100002B7
102
{ACAD_REACTORS
330
100002B6
102
}
330
100002B6
100
AcDbXrecord
1000
KFRD
  0
XRECORD
  5
100002B8
102
{ACAD_REACTORS
330
100002B6
102
}
330
100002B6
100
AcDbXrecord
1000
KFTD
  0
XRECORD
  5
100002BB
102
{ACAD_REACTORS
330
100002BA
102
}
330
100002BA
100
AcDbXrecord
1000
KFVD
  0
XRECORD
  5
100002BC
102
{ACAD_REACTORS
330
100002BA
102
}
330
100002BA
100
AcDbXrecord
1000
KFXD
  0
XRECORD
  5
100002BF
102
{ACAD_REACTORS
330
100002BE
102
}
330
100002BE
100
AcDbXrecord
1000
KFZD
  0
XRECORD
  5
100002C0
102
{ACAD_REACTORS
330
100002BE
102
}
330
100002BE
100
AcDbXrecord
1000
KFbD
  0
XRECORD
  5
100002C3
102
{ACAD_REACTORS
330
100002C2
102
}
330
100002C2
100
AcDbXrecord
1000
KFdD
  0
XRECORD
  5
100002C4
102
{ACAD_REACTORS
330
100002C2
102
}
330
100002C2
100
AcDbXrecord
1000
KFfD
  0
XRECORD
  5
100002C7
102
{ACAD_REACTORS
330
100002C6
102
}
330
100002C6
100
AcDbXrecord
1000
KFhD
  0
XRECORD
  5
100002C8
102
{ACAD_REACTORS
330
100002C6
102
}
330
100002C6
100
AcDbXrecord
1000
KFjD
  0
XRECORD
  5
100002CB
102
{ACAD_REACTORS
330
100002CA
102
}
330
100002CA
100
AcDbXrecord
1000
KFlD
  0
XRECORD
  5
100002CC
102
{ACAD_REACTORS
330
100002CA
102
}
330
100002CA
100
AcDbXrecord
1000
KFnD
  0
XRECORD
  5
100002CF
102
{ACAD_REACTORS
330
100002CE
102
}
330
100002CE
100
AcDbXrecord
1000
KFpD
  0
XRECORD
  5
100002D0
102
{ACAD_REACTORS
330
100002CE
102
}
330
100002CE
100
AcDbXrecord
1000
KFrD
  0
XRECORD
  5
100002D3
102
{ACAD_REACTORS
330
100002D2
102
}
330
100002D2
100
AcDbXrecord
1000
KFtD
  0
XRECORD
  5
100002D4
102
{ACAD_REACTORS
330
100002D2
102
}
330
100002D2
100
AcDbXrecord
1000
KFvD
  0
XRECORD
  5
100002D7
102
{ACAD_REACTORS
330
100002D6
102
}
330
100002D6
100
AcDbXrecord
1000
KFxD
  0
XRECORD
  5
100002D8
102
{ACAD_REACTORS
330
100002D6
102
}
330
100002D6
100
AcDbXrecord
1000
KFzD
  0
XRECORD
  5
100002DB
102
{ACAD_REACTORS
330
100002DA
102
}
330
100002DA
100
AcDbXrecord
1000
KF1D
  0
XRECORD
  5
100002DC
102
{ACAD_REACTORS
330
100002DA
102
}
330
100002DA
100
AcDbXrecord
1000
KF3D
  0
XRECORD
  5
100002DF
102
{ACAD_REACTORS
330
100002DE
102
}
330
100002DE
100
AcDbXrecord
1000
KF5D
  0
XRECORD
  5
100002E0
102
{ACAD_REACTORS
330
100002DE
102
}
330
100002DE
100
AcDbXrecord
1000
KF7D
  0
XRECORD
  5
100002E3
102
{ACAD_REACTORS
330
100002E2
102
}
330
100002E2
100
AcDbXrecord
1000
KF9D
  0
XRECORD
  5
100002E4
102
{ACAD_REACTORS
330
100002E2
102
}
330
100002E2
100
AcDbXrecord
1000
KF/D
  0
XRECORD
  5
100002E7
102
{ACAD_REACTORS
330
100002E6
102
}
330
100002E6
100
AcDbXrecord
1000
KFBE
  0
XRECORD
  5
100002E8
102
{ACAD_REACTORS
330
100002E6
102
}
330
100002E6
100
AcDbXrecord
1000
KFDE
  0
XRECORD
  5
100002EB
102
{ACAD_REACTORS
330
100002EA
102
}
330
100002EA
100
AcDbXrecord
1000
KFJE
  0
XRECORD
  5
100002EC
102
{ACAD_REACTORS
330
100002EA
102
}
330
100002EA
100
AcDbXrecord
1000
KFLE
  0
XRECORD
  5
100002EF
102
{ACAD_REACTORS
330
100002EE
102
}
330
100002EE
100
AcDbXrecord
1000
KFNE
  0
XRECORD
  5
100002F0
102
{ACAD_REACTORS
330
100002EE
102
}
330
100002EE
100
AcDbXrecord
1000
KFPE
  0
XRECORD
  5
100002F3
102
{ACAD_REACTORS
330
100002F2
102
}
330
100002F2
100
AcDbXrecord
1000
KFRE
  0
XRECORD
  5
100002F4
102
{ACAD_REACTORS
330
100002F2
102
}
330
100002F2
100
AcDbXrecord
1000
KFTE
  0
XRECORD
  5
100002F7
102
{ACAD_REACTORS
330
100002F6
102
}
330
100002F6
100
AcDbXrecord
1000
KFVE
  0
XRECORD
  5
100002F8
102
{ACAD_REACTORS
330
100002F6
102
}
330
100002F6
100
AcDbXrecord
1000
KFXE
  0
XRECORD
  5
100002FB
102
{ACAD_REACTORS
330
100002FA
102
}
330
100002FA
100
AcDbXrecord
1000
KFZE
  0
XRECORD
  5
100002FC
102
{ACAD_REACTORS
330
100002FA
102
}
330
100002FA
100
AcDbXrecord
1000
KFbE
  0
XRECORD
  5
100002FF
102
{ACAD_REACTORS
330
100002FE
102
}
330
100002FE
100
AcDbXrecord
1000
KFdE
  0
XRECORD
  5
10000300
102
{ACAD_REACTORS
330
100002FE
102
}
330
100002FE
100
AcDbXrecord
1000
KFfE
  0
XRECORD
  5
10000303
102
{ACAD_REACTORS
330
10000302
102
}
330
10000302
100
AcDbXrecord
1000
KFlE
  0
XRECORD
  5
10000304
102
{ACAD_REACTORS
330
10000302
102
}
330
10000302
100
AcDbXrecord
1000
KFnE
  0
XRECORD
  5
10000307
102
{ACAD_REACTORS
330
10000306
102
}
330
10000306
100
AcDbXrecord
1000
KFpE
  0
XRECORD
  5
10000308
102
{ACAD_REACTORS
330
10000306
102
}
330
10000306
100
AcDbXrecord
1000
KFrE
  0
XRECORD
  5
1000030B
102
{ACAD_REACTORS
330
1000030A
102
}
330
1000030A
100
AcDbXrecord
1000
KFtE
  0
XRECORD
  5
1000030C
102
{ACAD_REACTORS
330
1000030A
102
}
330
1000030A
100
AcDbXrecord
1000
KFvE
  0
XRECORD
  5
1000030F
102
{ACAD_REACTORS
330
1000030E
102
}
330
1000030E
100
AcDbXrecord
1000
KFxE
  0
XRECORD
  5
10000310
102
{ACAD_REACTORS
330
1000030E
102
}
330
1000030E
100
AcDbXrecord
1000
KFzE
  0
XRECORD
  5
10000313
102
{ACAD_REACTORS
330
10000312
102
}
330
10000312
100
AcDbXrecord
1000
KF1E
  0
XRECORD
  5
10000314
102
{ACAD_REACTORS
330
10000312
102
}
330
10000312
100
AcDbXrecord
1000
KF3E
  0
XRECORD
  5
10000317
102
{ACAD_REACTORS
330
10000316
102
}
330
10000316
100
AcDbXrecord
1000
KF5E
  0
XRECORD
  5
10000318
102
{ACAD_REACTORS
330
10000316
102
}
330
10000316
100
AcDbXrecord
1000
KF7E
  0
XRECORD
  5
1000031B
102
{ACAD_REACTORS
330
1000031A
102
}
330
1000031A
100
AcDbXrecord
1000
KF9E
  0
XRECORD
  5
1000031C
102
{ACAD_REACTORS
330
1000031A
102
}
330
1000031A
100
AcDbXrecord
1000
KF/E
  0
XRECORD
  5
1000031F
102
{ACAD_REACTORS
330
1000031E
102
}
330
1000031E
100
AcDbXrecord
1000
KFBF
  0
XRECORD
  5
10000320
102
{ACAD_REACTORS
330
1000031E
102
}
330
1000031E
100
AcDbXrecord
1000
KFDF
  0
XRECORD
  5
10000323
102
{ACAD_REACTORS
330
10000322
102
}
330
10000322
100
AcDbXrecord
1000
KFFF
  0
XRECORD
  5
10000324
102
{ACAD_REACTORS
330
10000322
102
}
330
10000322
100
AcDbXrecord
1000
KFHF
  0
XRECORD
  5
10000327
102
{ACAD_REACTORS
330
10000326
102
}
330
10000326
100
AcDbXrecord
1000
KFNF
  0
XRECORD
  5
10000328
102
{ACAD_REACTORS
330
10000326
102
}
330
10000326
100
AcDbXrecord
1000
KFPF
  0
XRECORD
  5
1000032B
102
{ACAD_REACTORS
330
1000032A
102
}
330
1000032A
100
AcDbXrecord
1000
KFRF
  0
XRECORD
  5
1000032C
102
{ACAD_REACTORS
330
1000032A
102
}
330
1000032A
100
AcDbXrecord
1000
KFTF
  0
XRECORD
  5
1000032F
102
{ACAD_REACTORS
330
1000032E
102
}
330
1000032E
100
AcDbXrecord
1000
KFVF
  0
XRECORD
  5
10000330
102
{ACAD_REACTORS
330
1000032E
102
}
330
1000032E
100
AcDbXrecord
1000
KFXF
  0
XRECORD
  5
10000333
102
{ACAD_REACTORS
330
10000332
102
}
330
10000332
100
AcDbXrecord
1000
KFZF
  0
XRECORD
  5
10000334
102
{ACAD_REACTORS
330
10000332
102
}
330
10000332
100
AcDbXrecord
1000
KFbF
  0
XRECORD
  5
10000337
102
{ACAD_REACTORS
330
10000336
102
}
330
10000336
100
AcDbXrecord
1000
KFhF
  0
XRECORD
  5
10000338
102
{ACAD_REACTORS
330
10000336
102
}
330
10000336
100
AcDbXrecord
1000
KFjF
  0
XRECORD
  5
1000033B
102
{ACAD_REACTORS
330
1000033A
102
}
330
1000033A
100
AcDbXrecord
1000
KF9F
  0
XRECORD
  5
1000033C
102
{ACAD_REACTORS
330
1000033A
102
}
330
1000033A
100
AcDbXrecord
1000
KF/F
  0
XRECORD
  5
1000033F
102
{ACAD_REACTORS
330
1000033E
102
}
330
1000033E
100
AcDbXrecord
1000
KFBG
  0
XRECORD
  5
10000340
102
{ACAD_REACTORS
330
1000033E
102
}
330
1000033E
100
AcDbXrecord
1000
KFDG
  0
XRECORD
  5
10000343
102
{ACAD_REACTORS
330
10000342
102
}
330
10000342
100
AcDbXrecord
1000
KFFG
  0
XRECORD
  5
10000344
102
{ACAD_REACTORS
330
10000342
102
}
330
10000342
100
AcDbXrecord
1000
KFHG
  0
XRECORD
  5
10000347
102
{ACAD_REACTORS
330
10000346
102
}
330
10000346
100
AcDbXrecord
1000
KFJG
  0
XRECORD
  5
10000348
102
{ACAD_REACTORS
330
10000346
102
}
330
10000346
100
AcDbXrecord
1000
KFLG
  0
XRECORD
  5
1000034B
102
{ACAD_REACTORS
330
1000034A
102
}
330
1000034A
100
AcDbXrecord
1000
KFNG
  0
XRECORD
  5
1000034C
102
{ACAD_REACTORS
330
1000034A
102
}
330
1000034A
100
AcDbXrecord
1000
KFfr
  0
XRECORD
  5
1000034F
102
{ACAD_REACTORS
330
1000034E
102
}
330
1000034E
100
AcDbXrecord
1000
KFhG
  0
XRECORD
  5
10000350
102
{ACAD_REACTORS
330
1000034E
102
}
330
1000034E
100
AcDbXrecord
1000
KFTG
  0
XRECORD
  5
10000353
102
{ACAD_REACTORS
330
10000352
102
}
330
10000352
100
AcDbXrecord
1000
KFlG
  0
XRECORD
  5
10000354
102
{ACAD_REACTORS
330
10000352
102
}
330
10000352
100
AcDbXrecord
1000
KFXG
  0
XRECORD
  5
10000357
102
{ACAD_REACTORS
330
10000356
102
}
330
10000356
100
AcDbXrecord
1000
KFpG
  0
XRECORD
  5
10000358
102
{ACAD_REACTORS
330
10000356
102
}
330
10000356
100
AcDbXrecord
1000
KFbG
  0
XRECORD
  5
1000035B
102
{ACAD_REACTORS
330
1000035A
102
}
330
1000035A
100
AcDbXrecord
1000
KFtG
  0
XRECORD
  5
1000035C
102
{ACAD_REACTORS
330
1000035A
102
}
330
1000035A
100
AcDbXrecord
1000
KFfG
  0
XRECORD
  5
1000035F
102
{ACAD_REACTORS
330
1000035E
102
}
330
1000035E
100
AcDbXrecord
1000
KFxG
  0
XRECORD
  5
10000360
102
{ACAD_REACTORS
330
1000035E
102
}
330
1000035E
100
AcDbXrecord
1000
KFjG
  0
XRECORD
  5
10000363
102
{ACAD_REACTORS
330
10000362
102
}
330
10000362
100
AcDbXrecord
1000
KF1G
  0
XRECORD
  5
10000364
102
{ACAD_REACTORS
330
10000362
102
}
330
10000362
100
AcDbXrecord
1000
KFnG
  0
XRECORD
  5
10000367
102
{ACAD_REACTORS
330
10000366
102
}
330
10000366
100
AcDbXrecord
1000
KF5G
  0
XRECORD
  5
10000368
102
{ACAD_REACTORS
330
10000366
102
}
330
10000366
100
AcDbXrecord
1000
KFrG
  0
XRECORD
  5
1000036B
102
{ACAD_REACTORS
330
1000036A
102
}
330
1000036A
100
AcDbXrecord
1000
KF9G
  0
XRECORD
  5
1000036C
102
{ACAD_REACTORS
330
1000036A
102
}
330
1000036A
100
AcDbXrecord
1000
KFvG
  0
XRECORD
  5
1000036F
102
{ACAD_REACTORS
330
1000036E
102
}
330
1000036E
100
AcDbXrecord
1000
KFtC
  0
XRECORD
  5
10000370
102
{ACAD_REACTORS
330
1000036E
102
}
330
1000036E
100
AcDbXrecord
1000
KFvC
  0
XRECORD
  5
10000373
102
{ACAD_REACTORS
330
10000372
102
}
330
10000372
100
AcDbXrecord
1000
KFBH
  0
XRECORD
  5
10000374
102
{ACAD_REACTORS
330
10000372
102
}
330
10000372
100
AcDbXrecord
1000
KFvr
  0
XRECORD
  5
10000377
102
{ACAD_REACTORS
330
10000376
102
}
330
10000376
100
AcDbXrecord
1000
KFVH
  0
XRECORD
  5
10000378
102
{ACAD_REACTORS
330
10000376
102
}
330
10000376
100
AcDbXrecord
1000
KF7G
  0
XRECORD
  5
1000037B
102
{ACAD_REACTORS
330
1000037A
102
}
330
1000037A
100
AcDbXrecord
1000
KFZH
  0
XRECORD
  5
1000037C
102
{ACAD_REACTORS
330
1000037A
102
}
330
1000037A
100
AcDbXrecord
1000
KF/G
  0
XRECORD
  5
1000037F
102
{ACAD_REACTORS
330
1000037E
102
}
330
1000037E
100
AcDbXrecord
1000
KFdH
  0
XRECORD
  5
10000380
102
{ACAD_REACTORS
330
1000037E
102
}
330
1000037E
100
AcDbXrecord
1000
KFDH
  0
XRECORD
  5
10000383
102
{ACAD_REACTORS
330
10000382
102
}
330
10000382
100
AcDbXrecord
1000
KFhH
  0
XRECORD
  5
10000384
102
{ACAD_REACTORS
330
10000382
102
}
330
10000382
100
AcDbXrecord
1000
KFHH
  0
XRECORD
  5
10000387
102
{ACAD_REACTORS
330
10000386
102
}
330
10000386
100
AcDbXrecord
1000
KFlH
  0
XRECORD
  5
10000388
102
{ACAD_REACTORS
330
10000386
102
}
330
10000386
100
AcDbXrecord
1000
KFLH
  0
XRECORD
  5
1000038B
102
{ACAD_REACTORS
330
1000038A
102
}
330
1000038A
100
AcDbXrecord
1000
KFpH
  0
XRECORD
  5
1000038C
102
{ACAD_REACTORS
330
1000038A
102
}
330
1000038A
100
AcDbXrecord
1000
KFPH
  0
XRECORD
  5
1000038F
102
{ACAD_REACTORS
330
1000038E
102
}
330
1000038E
100
AcDbXrecord
1000
KFtH
  0
XRECORD
  5
10000390
102
{ACAD_REACTORS
330
1000038E
102
}
330
1000038E
100
AcDbXrecord
1000
KFTH
  0
XRECORD
  5
10000393
102
{ACAD_REACTORS
330
10000392
102
}
330
10000392
100
AcDbXrecord
1000
KFxH
  0
XRECORD
  5
10000394
102
{ACAD_REACTORS
330
10000392
102
}
330
10000392
100
AcDbXrecord
1000
KFXH
  0
XRECORD
  5
10000397
102
{ACAD_REACTORS
330
10000396
102
}
330
10000396
100
AcDbXrecord
1000
KF1H
  0
XRECORD
  5
10000398
102
{ACAD_REACTORS
330
10000396
102
}
330
10000396
100
AcDbXrecord
1000
KFbH
  0
XRECORD
  5
1000039B
102
{ACAD_REACTORS
330
1000039A
102
}
330
1000039A
100
AcDbXrecord
1000
KF5H
  0
XRECORD
  5
1000039C
102
{ACAD_REACTORS
330
1000039A
102
}
330
1000039A
100
AcDbXrecord
1000
KFfH
  0
XRECORD
  5
1000039F
102
{ACAD_REACTORS
330
1000039E
102
}
330
1000039E
100
AcDbXrecord
1000
KF9H
  0
XRECORD
  5
100003A0
102
{ACAD_REACTORS
330
1000039E
102
}
330
1000039E
100
AcDbXrecord
1000
KFjH
  0
XRECORD
  5
100003A3
102
{ACAD_REACTORS
330
100003A2
102
}
330
100003A2
100
AcDbXrecord
1000
KFBI
  0
XRECORD
  5
100003A4
102
{ACAD_REACTORS
330
100003A2
102
}
330
100003A2
100
AcDbXrecord
1000
KFnH
  0
XRECORD
  5
100003A7
102
{ACAD_REACTORS
330
100003A6
102
}
330
100003A6
100
AcDbXrecord
1000
KFFI
  0
XRECORD
  5
100003A8
102
{ACAD_REACTORS
330
100003A6
102
}
330
100003A6
100
AcDbXrecord
1000
KFrH
  0
XRECORD
  5
100003AB
102
{ACAD_REACTORS
330
100003AA
102
}
330
100003AA
100
AcDbXrecord
1000
KFJI
  0
XRECORD
  5
100003AC
102
{ACAD_REACTORS
330
100003AA
102
}
330
100003AA
100
AcDbXrecord
1000
KFvH
  0
XRECORD
  5
100003AF
102
{ACAD_REACTORS
330
100003AE
102
}
330
100003AE
100
AcDbXrecord
1000
KFNI
  0
XRECORD
  5
100003B0
102
{ACAD_REACTORS
330
100003AE
102
}
330
100003AE
100
AcDbXrecord
1000
KFzH
  0
XRECORD
  5
100003B3
102
{ACAD_REACTORS
330
100003B2
102
}
330
100003B2
100
AcDbXrecord
1000
KFRI
  0
XRECORD
  5
100003B4
102
{ACAD_REACTORS
330
100003B2
102
}
330
100003B2
100
AcDbXrecord
1000
KF3H
  0
XRECORD
  5
100003B7
102
{ACAD_REACTORS
330
100003B6
102
}
330
100003B6
100
AcDbXrecord
1000
KFVI
  0
XRECORD
  5
100003B8
102
{ACAD_REACTORS
330
100003B6
102
}
330
100003B6
100
AcDbXrecord
1000
KF7H
  0
XRECORD
  5
100003BB
102
{ACAD_REACTORS
330
100003BA
102
}
330
100003BA
100
AcDbXrecord
1000
KFZI
  0
XRECORD
  5
100003BC
102
{ACAD_REACTORS
330
100003BA
102
}
330
100003BA
100
AcDbXrecord
1000
KF/H
  0
XRECORD
  5
100003BF
102
{ACAD_REACTORS
330
100003BE
102
}
330
100003BE
100
AcDbXrecord
1000
KFdI
  0
XRECORD
  5
100003C0
102
{ACAD_REACTORS
330
100003BE
102
}
330
100003BE
100
AcDbXrecord
1000
KFDI
  0
XRECORD
  5
100003C3
102
{ACAD_REACTORS
330
100003C2
102
}
330
100003C2
100
AcDbXrecord
1000
KFhI
  0
XRECORD
  5
100003C4
102
{ACAD_REACTORS
330
100003C2
102
}
330
100003C2
100
AcDbXrecord
1000
KFHI
  0
XRECORD
  5
100003C7
102
{ACAD_REACTORS
330
100003C6
102
}
330
100003C6
100
AcDbXrecord
1000
KFlI
  0
XRECORD
  5
100003C8
102
{ACAD_REACTORS
330
100003C6
102
}
330
100003C6
100
AcDbXrecord
1000
KFLI
  0
XRECORD
  5
100003CB
102
{ACAD_REACTORS
330
100003CA
102
}
330
100003CA
100
AcDbXrecord
1000
KFpI
  0
XRECORD
  5
100003CC
102
{ACAD_REACTORS
330
100003CA
102
}
330
100003CA
100
AcDbXrecord
1000
KFPI
  0
XRECORD
  5
100003CF
102
{ACAD_REACTORS
330
100003CE
102
}
330
100003CE
100
AcDbXrecord
1000
KFtI
  0
XRECORD
  5
100003D0
102
{ACAD_REACTORS
330
100003CE
102
}
330
100003CE
100
AcDbXrecord
1000
KFTI
  0
XRECORD
  5
100003D3
102
{ACAD_REACTORS
330
100003D2
102
}
330
100003D2
100
AcDbXrecord
1000
KFxI
  0
XRECORD
  5
100003D4
102
{ACAD_REACTORS
330
100003D2
102
}
330
100003D2
100
AcDbXrecord
1000
KFXI
  0
XRECORD
  5
100003D7
102
{ACAD_REACTORS
330
100003D6
102
}
330
100003D6
100
AcDbXrecord
1000
KF1I
  0
XRECORD
  5
100003D8
102
{ACAD_REACTORS
330
100003D6
102
}
330
100003D6
100
AcDbXrecord
1000
KFbI
  0
XRECORD
  5
100003DB
102
{ACAD_REACTORS
330
100003DA
102
}
330
100003DA
100
AcDbXrecord
1000
KF5I
  0
XRECORD
  5
100003DC
102
{ACAD_REACTORS
330
100003DA
102
}
330
100003DA
100
AcDbXrecord
1000
KFfI
  0
XRECORD
  5
100003DF
102
{ACAD_REACTORS
330
100003DE
102
}
330
100003DE
100
AcDbXrecord
1000
KF9I
  0
XRECORD
  5
100003E0
102
{ACAD_REACTORS
330
100003DE
102
}
330
100003DE
100
AcDbXrecord
1000
KFjI
  0
XRECORD
  5
100003E3
102
{ACAD_REACTORS
330
100003E2
102
}
330
100003E2
100
AcDbXrecord
1000
KFBJ
  0
XRECORD
  5
100003E4
102
{ACAD_REACTORS
330
100003E2
102
}
330
100003E2
100
AcDbXrecord
1000
KFnI
  0
XRECORD
  5
100003E7
102
{ACAD_REACTORS
330
100003E6
102
}
330
100003E6
100
AcDbXrecord
1000
KFFJ
  0
XRECORD
  5
100003E8
102
{ACAD_REACTORS
330
100003E6
102
}
330
100003E6
100
AcDbXrecord
1000
KFrI
  0
XRECORD
  5
100003EB
102
{ACAD_REACTORS
330
100003EA
102
}
330
100003EA
100
AcDbXrecord
1000
KFJJ
  0
XRECORD
  5
100003EC
102
{ACAD_REACTORS
330
100003EA
102
}
330
100003EA
100
AcDbXrecord
1000
KFvI
  0
XRECORD
  5
100003EF
102
{ACAD_REACTORS
330
100003EE
102
}
330
100003EE
100
AcDbXrecord
1000
KFNJ
  0
XRECORD
  5
100003F0
102
{ACAD_REACTORS
330
100003EE
102
}
330
100003EE
100
AcDbXrecord
1000
KFzI
  0
XRECORD
  5
100003F3
102
{ACAD_REACTORS
330
100003F2
102
}
330
100003F2
100
AcDbXrecord
1000
KFRJ
  0
XRECORD
  5
100003F4
102
{ACAD_REACTORS
330
100003F2
102
}
330
100003F2
100
AcDbXrecord
1000
KF3I
  0
XRECORD
  5
100003F7
102
{ACAD_REACTORS
330
100003F6
102
}
330
100003F6
100
AcDbXrecord
1000
KFVJ
  0
XRECORD
  5
100003F8
102
{ACAD_REACTORS
330
100003F6
102
}
330
100003F6
100
AcDbXrecord
1000
KF7I
  0
XRECORD
  5
100003FB
102
{ACAD_REACTORS
330
100003FA
102
}
330
100003FA
100
AcDbXrecord
1000
KFZJ
  0
XRECORD
  5
100003FC
102
{ACAD_REACTORS
330
100003FA
102
}
330
100003FA
100
AcDbXrecord
1000
KF/I
  0
XRECORD
  5
100003FF
102
{ACAD_REACTORS
330
100003FE
102
}
330
100003FE
100
AcDbXrecord
1000
KFdJ
  0
XRECORD
  5
10000400
102
{ACAD_REACTORS
330
100003FE
102
}
330
100003FE
100
AcDbXrecord
1000
KFDJ
  0
XRECORD
  5
10000403
102
{ACAD_REACTORS
330
10000402
102
}
330
10000402
100
AcDbXrecord
1000
KFhJ
  0
XRECORD
  5
10000404
102
{ACAD_REACTORS
330
10000402
102
}
330
10000402
100
AcDbXrecord
1000
KFHJ
  0
XRECORD
  5
10000407
102
{ACAD_REACTORS
330
10000406
102
}
330
10000406
100
AcDbXrecord
1000
KFlJ
  0
XRECORD
  5
10000408
102
{ACAD_REACTORS
330
10000406
102
}
330
10000406
100
AcDbXrecord
1000
KFLJ
  0
XRECORD
  5
1000040B
102
{ACAD_REACTORS
330
1000040A
102
}
330
1000040A
100
AcDbXrecord
1000
KFpJ
  0
XRECORD
  5
1000040C
102
{ACAD_REACTORS
330
1000040A
102
}
330
1000040A
100
AcDbXrecord
1000
KFPJ
  0
XRECORD
  5
1000040F
102
{ACAD_REACTORS
330
1000040E
102
}
330
1000040E
100
AcDbXrecord
1000
KFtJ
  0
XRECORD
  5
10000410
102
{ACAD_REACTORS
330
1000040E
102
}
330
1000040E
100
AcDbXrecord
1000
KFTJ
  0
XRECORD
  5
10000413
102
{ACAD_REACTORS
330
10000412
102
}
330
10000412
100
AcDbXrecord
1000
KFxJ
  0
XRECORD
  5
10000414
102
{ACAD_REACTORS
330
10000412
102
}
330
10000412
100
AcDbXrecord
1000
KFXJ
  0
XRECORD
  5
10000417
102
{ACAD_REACTORS
330
10000416
102
}
330
10000416
100
AcDbXrecord
1000
KF1J
  0
XRECORD
  5
10000418
102
{ACAD_REACTORS
330
10000416
102
}
330
10000416
100
AcDbXrecord
1000
KFbJ
  0
XRECORD
  5
1000041B
102
{ACAD_REACTORS
330
1000041A
102
}
330
1000041A
100
AcDbXrecord
1000
KF5J
  0
XRECORD
  5
1000041C
102
{ACAD_REACTORS
330
1000041A
102
}
330
1000041A
100
AcDbXrecord
1000
KFfJ
  0
XRECORD
  5
1000041F
102
{ACAD_REACTORS
330
1000041E
102
}
330
1000041E
100
AcDbXrecord
1000
KF9J
  0
XRECORD
  5
10000420
102
{ACAD_REACTORS
330
1000041E
102
}
330
1000041E
100
AcDbXrecord
1000
KFjJ
  0
XRECORD
  5
10000423
102
{ACAD_REACTORS
330
10000422
102
}
330
10000422
100
AcDbXrecord
1000
KFBK
  0
XRECORD
  5
10000424
102
{ACAD_REACTORS
330
10000422
102
}
330
10000422
100
AcDbXrecord
1000
KFnJ
  0
XRECORD
  5
10000427
102
{ACAD_REACTORS
330
10000426
102
}
330
10000426
100
AcDbXrecord
1000
KFFK
  0
XRECORD
  5
10000428
102
{ACAD_REACTORS
330
10000426
102
}
330
10000426
100
AcDbXrecord
1000
KFrJ
  0
XRECORD
  5
1000042B
102
{ACAD_REACTORS
330
1000042A
102
}
330
1000042A
100
AcDbXrecord
1000
KFJK
  0
XRECORD
  5
1000042C
102
{ACAD_REACTORS
330
1000042A
102
}
330
1000042A
100
AcDbXrecord
1000
KFvJ
  0
XRECORD
  5
1000042F
102
{ACAD_REACTORS
330
1000042E
102
}
330
1000042E
100
AcDbXrecord
1000
KFNK
  0
XRECORD
  5
10000430
102
{ACAD_REACTORS
330
1000042E
102
}
330
1000042E
100
AcDbXrecord
1000
KFzJ
  0
XRECORD
  5
10000433
102
{ACAD_REACTORS
330
10000432
102
}
330
10000432
100
AcDbXrecord
1000
KFRK
  0
XRECORD
  5
10000434
102
{ACAD_REACTORS
330
10000432
102
}
330
10000432
100
AcDbXrecord
1000
KF3J
  0
XRECORD
  5
10000437
102
{ACAD_REACTORS
330
10000436
102
}
330
10000436
100
AcDbXrecord
1000
KFVK
  0
XRECORD
  5
10000438
102
{ACAD_REACTORS
330
10000436
102
}
330
10000436
100
AcDbXrecord
1000
KF7J
  0
XRECORD
  5
1000043B
102
{ACAD_REACTORS
330
1000043A
102
}
330
1000043A
100
AcDbXrecord
1000
KFZK
  0
XRECORD
  5
1000043C
102
{ACAD_REACTORS
330
1000043A
102
}
330
1000043A
100
AcDbXrecord
1000
KF/J
  0
XRECORD
  5
1000043F
102
{ACAD_REACTORS
330
1000043E
102
}
330
1000043E
100
AcDbXrecord
1000
KFdK
  0
XRECORD
  5
10000440
102
{ACAD_REACTORS
330
1000043E
102
}
330
1000043E
100
AcDbXrecord
1000
KFDK
  0
XRECORD
  5
10000443
102
{ACAD_REACTORS
330
10000442
102
}
330
10000442
100
AcDbXrecord
1000
KFhK
  0
XRECORD
  5
10000444
102
{ACAD_REACTORS
330
10000442
102
}
330
10000442
100
AcDbXrecord
1000
KFHK
  0
XRECORD
  5
10000447
102
{ACAD_REACTORS
330
10000446
102
}
330
10000446
100
AcDbXrecord
1000
KFlK
  0
XRECORD
  5
10000448
102
{ACAD_REACTORS
330
10000446
102
}
330
10000446
100
AcDbXrecord
1000
KFLK
  0
XRECORD
  5
1000044B
102
{ACAD_REACTORS
330
1000044A
102
}
330
1000044A
100
AcDbXrecord
1000
KFpK
  0
XRECORD
  5
1000044C
102
{ACAD_REACTORS
330
1000044A
102
}
330
1000044A
100
AcDbXrecord
1000
KFPK
  0
XRECORD
  5
1000044F
102
{ACAD_REACTORS
330
1000044E
102
}
330
1000044E
100
AcDbXrecord
1000
KFtK
  0
XRECORD
  5
10000450
102
{ACAD_REACTORS
330
1000044E
102
}
330
1000044E
100
AcDbXrecord
1000
KFTK
  0
XRECORD
  5
10000453
102
{ACAD_REACTORS
330
10000452
102
}
330
10000452
100
AcDbXrecord
1000
KFxK
  0
XRECORD
  5
10000454
102
{ACAD_REACTORS
330
10000452
102
}
330
10000452
100
AcDbXrecord
1000
KFXK
  0
XRECORD
  5
10000457
102
{ACAD_REACTORS
330
10000456
102
}
330
10000456
100
AcDbXrecord
1000
KF1K
  0
XRECORD
  5
10000458
102
{ACAD_REACTORS
330
10000456
102
}
330
10000456
100
AcDbXrecord
1000
KFbK
  0
XRECORD
  5
1000045B
102
{ACAD_REACTORS
330
1000045A
102
}
330
1000045A
100
AcDbXrecord
1000
KF5K
  0
XRECORD
  5
1000045C
102
{ACAD_REACTORS
330
1000045A
102
}
330
1000045A
100
AcDbXrecord
1000
KFfK
  0
XRECORD
  5
1000045F
102
{ACAD_REACTORS
330
1000045E
102
}
330
1000045E
100
AcDbXrecord
1000
KF9K
  0
XRECORD
  5
10000460
102
{ACAD_REACTORS
330
1000045E
102
}
330
1000045E
100
AcDbXrecord
1000
KFjK
  0
XRECORD
  5
10000463
102
{ACAD_REACTORS
330
10000462
102
}
330
10000462
100
AcDbXrecord
1000
KFBL
  0
XRECORD
  5
10000464
102
{ACAD_REACTORS
330
10000462
102
}
330
10000462
100
AcDbXrecord
1000
KFnK
  0
XRECORD
  5
10000467
102
{ACAD_REACTORS
330
10000466
102
}
330
10000466
100
AcDbXrecord
1000
KFFL
  0
XRECORD
  5
10000468
102
{ACAD_REACTORS
330
10000466
102
}
330
10000466
100
AcDbXrecord
1000
KFrK
  0
XRECORD
  5
1000046B
102
{ACAD_REACTORS
330
1000046A
102
}
330
1000046A
100
AcDbXrecord
1000
KFJL
  0
XRECORD
  5
1000046C
102
{ACAD_REACTORS
330
1000046A
102
}
330
1000046A
100
AcDbXrecord
1000
KFvK
  0
XRECORD
  5
1000046F
102
{ACAD_REACTORS
330
1000046E
102
}
330
1000046E
100
AcDbXrecord
1000
KFNL
  0
XRECORD
  5
10000470
102
{ACAD_REACTORS
330
1000046E
102
}
330
1000046E
100
AcDbXrecord
1000
KFzK
  0
XRECORD
  5
10000473
102
{ACAD_REACTORS
330
10000472
102
}
330
10000472
100
AcDbXrecord
1000
KFRL
  0
XRECORD
  5
10000474
102
{ACAD_REACTORS
330
10000472
102
}
330
10000472
100
AcDbXrecord
1000
KF3K
  0
XRECORD
  5
10000477
102
{ACAD_REACTORS
330
10000476
102
}
330
10000476
100
AcDbXrecord
1000
KFVL
  0
XRECORD
  5
10000478
102
{ACAD_REACTORS
330
10000476
102
}
330
10000476
100
AcDbXrecord
1000
KF7K
  0
XRECORD
  5
1000047B
102
{ACAD_REACTORS
330
1000047A
102
}
330
1000047A
100
AcDbXrecord
1000
KFZL
  0
XRECORD
  5
1000047C
102
{ACAD_REACTORS
330
1000047A
102
}
330
1000047A
100
AcDbXrecord
1000
KF/K
  0
XRECORD
  5
1000047F
102
{ACAD_REACTORS
330
1000047E
102
}
330
1000047E
100
AcDbXrecord
1000
KFdL
  0
XRECORD
  5
10000480
102
{ACAD_REACTORS
330
1000047E
102
}
330
1000047E
100
AcDbXrecord
1000
KFDL
  0
XRECORD
  5
10000483
102
{ACAD_REACTORS
330
10000482
102
}
330
10000482
100
AcDbXrecord
1000
KFhL
  0
XRECORD
  5
10000484
102
{ACAD_REACTORS
330
10000482
102
}
330
10000482
100
AcDbXrecord
1000
KFHL
  0
XRECORD
  5
10000487
102
{ACAD_REACTORS
330
10000486
102
}
330
10000486
100
AcDbXrecord
1000
KFlL
  0
XRECORD
  5
10000488
102
{ACAD_REACTORS
330
10000486
102
}
330
10000486
100
AcDbXrecord
1000
KFLL
  0
XRECORD
  5
1000048B
102
{ACAD_REACTORS
330
1000048A
102
}
330
1000048A
100
AcDbXrecord
1000
KFpL
  0
XRECORD
  5
1000048C
102
{ACAD_REACTORS
330
1000048A
102
}
330
1000048A
100
AcDbXrecord
1000
KFPL
  0
XRECORD
  5
1000048F
102
{ACAD_REACTORS
330
1000048E
102
}
330
1000048E
100
AcDbXrecord
1000
KFtL
  0
XRECORD
  5
10000490
102
{ACAD_REACTORS
330
1000048E
102
}
330
1000048E
100
AcDbXrecord
1000
KFTL
  0
XRECORD
  5
10000493
102
{ACAD_REACTORS
330
10000492
102
}
330
10000492
100
AcDbXrecord
1000
KFxL
  0
XRECORD
  5
10000494
102
{ACAD_REACTORS
330
10000492
102
}
330
10000492
100
AcDbXrecord
1000
KFXL
  0
XRECORD
  5
10000497
102
{ACAD_REACTORS
330
10000496
102
}
330
10000496
100
AcDbXrecord
1000
KF1L
  0
XRECORD
  5
10000498
102
{ACAD_REACTORS
330
10000496
102
}
330
10000496
100
AcDbXrecord
1000
KFbL
  0
XRECORD
  5
1000049B
102
{ACAD_REACTORS
330
1000049A
102
}
330
1000049A
100
AcDbXrecord
1000
KF5L
  0
XRECORD
  5
1000049C
102
{ACAD_REACTORS
330
1000049A
102
}
330
1000049A
100
AcDbXrecord
1000
KFfL
  0
XRECORD
  5
1000049F
102
{ACAD_REACTORS
330
1000049E
102
}
330
1000049E
100
AcDbXrecord
1000
KF9L
  0
XRECORD
  5
100004A0
102
{ACAD_REACTORS
330
1000049E
102
}
330
1000049E
100
AcDbXrecord
1000
KFjL
  0
XRECORD
  5
100004A3
102
{ACAD_REACTORS
330
100004A2
102
}
330
100004A2
100
AcDbXrecord
1000
KFBM
  0
XRECORD
  5
100004A4
102
{ACAD_REACTORS
330
100004A2
102
}
330
100004A2
100
AcDbXrecord
1000
KFnL
  0
XRECORD
  5
100004A7
102
{ACAD_REACTORS
330
100004A6
102
}
330
100004A6
100
AcDbXrecord
1000
KFFM
  0
XRECORD
  5
100004A8
102
{ACAD_REACTORS
330
100004A6
102
}
330
100004A6
100
AcDbXrecord
1000
KFrL
  0
XRECORD
  5
100004AB
102
{ACAD_REACTORS
330
100004AA
102
}
330
100004AA
100
AcDbXrecord
1000
KFJM
  0
XRECORD
  5
100004AC
102
{ACAD_REACTORS
330
100004AA
102
}
330
100004AA
100
AcDbXrecord
1000
KFvL
  0
XRECORD
  5
100004AF
102
{ACAD_REACTORS
330
100004AE
102
}
330
100004AE
100
AcDbXrecord
1000
KFNM
  0
XRECORD
  5
100004B0
102
{ACAD_REACTORS
330
100004AE
102
}
330
100004AE
100
AcDbXrecord
1000
KFzL
  0
XRECORD
  5
100004B3
102
{ACAD_REACTORS
330
100004B2
102
}
330
100004B2
100
AcDbXrecord
1000
KFRM
  0
XRECORD
  5
100004B4
102
{ACAD_REACTORS
330
100004B2
102
}
330
100004B2
100
AcDbXrecord
1000
KF3L
  0
XRECORD
  5
100004B7
102
{ACAD_REACTORS
330
100004B6
102
}
330
100004B6
100
AcDbXrecord
1000
KFVM
  0
XRECORD
  5
100004B8
102
{ACAD_REACTORS
330
100004B6
102
}
330
100004B6
100
AcDbXrecord
1000
KF7L
  0
XRECORD
  5
100004BB
102
{ACAD_REACTORS
330
100004BA
102
}
330
100004BA
100
AcDbXrecord
1000
KFZM
  0
XRECORD
  5
100004BC
102
{ACAD_REACTORS
330
100004BA
102
}
330
100004BA
100
AcDbXrecord
1000
KF/L
  0
XRECORD
  5
100004BF
102
{ACAD_REACTORS
330
100004BE
102
}
330
100004BE
100
AcDbXrecord
1000
KFdM
  0
XRECORD
  5
100004C0
102
{ACAD_REACTORS
330
100004BE
102
}
330
100004BE
100
AcDbXrecord
1000
KFDM
  0
XRECORD
  5
100004C3
102
{ACAD_REACTORS
330
100004C2
102
}
330
100004C2
100
AcDbXrecord
1000
KFhM
  0
XRECORD
  5
100004C4
102
{ACAD_REACTORS
330
100004C2
102
}
330
100004C2
100
AcDbXrecord
1000
KFHM
  0
XRECORD
  5
100004C7
102
{ACAD_REACTORS
330
100004C6
102
}
330
100004C6
100
AcDbXrecord
1000
KFlM
  0
XRECORD
  5
100004C8
102
{ACAD_REACTORS
330
100004C6
102
}
330
100004C6
100
AcDbXrecord
1000
KFLM
  0
XRECORD
  5
100004CB
102
{ACAD_REACTORS
330
100004CA
102
}
330
100004CA
100
AcDbXrecord
1000
KFpM
  0
XRECORD
  5
100004CC
102
{ACAD_REACTORS
330
100004CA
102
}
330
100004CA
100
AcDbXrecord
1000
KFPM
  0
XRECORD
  5
100004CF
102
{ACAD_REACTORS
330
100004CE
102
}
330
100004CE
100
AcDbXrecord
1000
KFtM
  0
XRECORD
  5
100004D0
102
{ACAD_REACTORS
330
100004CE
102
}
330
100004CE
100
AcDbXrecord
1000
KFTM
  0
XRECORD
  5
100004D3
102
{ACAD_REACTORS
330
100004D2
102
}
330
100004D2
100
AcDbXrecord
1000
KFxM
  0
XRECORD
  5
100004D4
102
{ACAD_REACTORS
330
100004D2
102
}
330
100004D2
100
AcDbXrecord
1000
KFXM
  0
XRECORD
  5
100004D7
102
{ACAD_REACTORS
330
100004D6
102
}
330
100004D6
100
AcDbXrecord
1000
KF1M
  0
XRECORD
  5
100004D8
102
{ACAD_REACTORS
330
100004D6
102
}
330
100004D6
100
AcDbXrecord
1000
KFbM
  0
XRECORD
  5
100004DB
102
{ACAD_REACTORS
330
100004DA
102
}
330
100004DA
100
AcDbXrecord
1000
KF5M
  0
XRECORD
  5
100004DC
102
{ACAD_REACTORS
330
100004DA
102
}
330
100004DA
100
AcDbXrecord
1000
KFfM
  0
XRECORD
  5
100004DF
102
{ACAD_REACTORS
330
100004DE
102
}
330
100004DE
100
AcDbXrecord
1000
KF9M
  0
XRECORD
  5
100004E0
102
{ACAD_REACTORS
330
100004DE
102
}
330
100004DE
100
AcDbXrecord
1000
KFjM
  0
XRECORD
  5
100004E3
102
{ACAD_REACTORS
330
100004E2
102
}
330
100004E2
100
AcDbXrecord
1000
KFBN
  0
XRECORD
  5
100004E4
102
{ACAD_REACTORS
330
100004E2
102
}
330
100004E2
100
AcDbXrecord
1000
KFnM
  0
XRECORD
  5
100004E7
102
{ACAD_REACTORS
330
100004E6
102
}
330
100004E6
100
AcDbXrecord
1000
KFFN
  0
XRECORD
  5
100004E8
102
{ACAD_REACTORS
330
100004E6
102
}
330
100004E6
100
AcDbXrecord
1000
KFrM
  0
XRECORD
  5
100004EB
102
{ACAD_REACTORS
330
100004EA
102
}
330
100004EA
100
AcDbXrecord
1000
KFJN
  0
XRECORD
  5
100004EC
102
{ACAD_REACTORS
330
100004EA
102
}
330
100004EA
100
AcDbXrecord
1000
KFvM
  0
XRECORD
  5
100004EF
102
{ACAD_REACTORS
330
100004EE
102
}
330
100004EE
100
AcDbXrecord
1000
KFNN
  0
XRECORD
  5
100004F0
102
{ACAD_REACTORS
330
100004EE
102
}
330
100004EE
100
AcDbXrecord
1000
KFzM
  0
XRECORD
  5
100004F3
102
{ACAD_REACTORS
330
100004F2
102
}
330
100004F2
100
AcDbXrecord
1000
KFRN
  0
XRECORD
  5
100004F4
102
{ACAD_REACTORS
330
100004F2
102
}
330
100004F2
100
AcDbXrecord
1000
KF3M
  0
XRECORD
  5
100004F7
102
{ACAD_REACTORS
330
100004F6
102
}
330
100004F6
100
AcDbXrecord
1000
KFZG
  0
XRECORD
  5
100004F8
102
{ACAD_REACTORS
330
100004F6
102
}
330
100004F6
100
AcDbXrecord
1000
KFrr
  0
XRECORD
  5
100004FB
102
{ACAD_REACTORS
330
100004FA
102
}
330
100004FA
100
AcDbXrecord
1000
KFVN
  0
XRECORD
  5
100004FC
102
{ACAD_REACTORS
330
100004FA
102
}
330
100004FA
100
AcDbXrecord
1000
KF7M
  0
XRECORD
  5
100004FF
102
{ACAD_REACTORS
330
100004FE
102
}
330
100004FE
100
AcDbXrecord
1000
KFZN
  0
XRECORD
  5
10000500
102
{ACAD_REACTORS
330
100004FE
102
}
330
100004FE
100
AcDbXrecord
1000
KF/M
  0
XRECORD
  5
10000503
102
{ACAD_REACTORS
330
10000502
102
}
330
10000502
100
AcDbXrecord
1000
KFdN
  0
XRECORD
  5
10000504
102
{ACAD_REACTORS
330
10000502
102
}
330
10000502
100
AcDbXrecord
1000
KFDN
  0
XRECORD
  5
10000507
102
{ACAD_REACTORS
330
10000506
102
}
330
10000506
100
AcDbXrecord
1000
KFhN
  0
XRECORD
  5
10000508
102
{ACAD_REACTORS
330
10000506
102
}
330
10000506
100
AcDbXrecord
1000
KFHN
  0
XRECORD
  5
1000050B
102
{ACAD_REACTORS
330
1000050A
102
}
330
1000050A
100
AcDbXrecord
1000
KFlN
  0
XRECORD
  5
1000050C
102
{ACAD_REACTORS
330
1000050A
102
}
330
1000050A
100
AcDbXrecord
1000
KFLN
  0
XRECORD
  5
1000050F
102
{ACAD_REACTORS
330
1000050E
102
}
330
1000050E
100
AcDbXrecord
1000
KFpN
  0
XRECORD
  5
10000510
102
{ACAD_REACTORS
330
1000050E
102
}
330
1000050E
100
AcDbXrecord
1000
KFPN
  0
XRECORD
  5
10000513
102
{ACAD_REACTORS
330
10000512
102
}
330
10000512
100
AcDbXrecord
1000
KFtN
  0
XRECORD
  5
10000514
102
{ACAD_REACTORS
330
10000512
102
}
330
10000512
100
AcDbXrecord
1000
KFTN
  0
XRECORD
  5
10000517
102
{ACAD_REACTORS
330
10000516
102
}
330
10000516
100
AcDbXrecord
1000
KFxN
  0
XRECORD
  5
10000518
102
{ACAD_REACTORS
330
10000516
102
}
330
10000516
100
AcDbXrecord
1000
KFXN
  0
XRECORD
  5
1000051B
102
{ACAD_REACTORS
330
1000051A
102
}
330
1000051A
100
AcDbXrecord
1000
KF1N
  0
XRECORD
  5
1000051C
102
{ACAD_REACTORS
330
1000051A
102
}
330
1000051A
100
AcDbXrecord
1000
KFbN
  0
XRECORD
  5
1000051F
102
{ACAD_REACTORS
330
1000051E
102
}
330
1000051E
100
AcDbXrecord
1000
KF5N
  0
XRECORD
  5
10000520
102
{ACAD_REACTORS
330
1000051E
102
}
330
1000051E
100
AcDbXrecord
1000
KFfN
  0
XRECORD
  5
10000523
102
{ACAD_REACTORS
330
10000522
102
}
330
10000522
100
AcDbXrecord
1000
KF9N
  0
XRECORD
  5
10000524
102
{ACAD_REACTORS
330
10000522
102
}
330
10000522
100
AcDbXrecord
1000
KFjN
  0
XRECORD
  5
10000527
102
{ACAD_REACTORS
330
10000526
102
}
330
10000526
100
AcDbXrecord
1000
KFBO
  0
XRECORD
  5
10000528
102
{ACAD_REACTORS
330
10000526
102
}
330
10000526
100
AcDbXrecord
1000
KFnN
  0
XRECORD
  5
1000052B
102
{ACAD_REACTORS
330
1000052A
102
}
330
1000052A
100
AcDbXrecord
1000
KFFO
  0
XRECORD
  5
1000052C
102
{ACAD_REACTORS
330
1000052A
102
}
330
1000052A
100
AcDbXrecord
1000
KFrN
  0
XRECORD
  5
1000052F
102
{ACAD_REACTORS
330
1000052E
102
}
330
1000052E
100
AcDbXrecord
1000
KFJO
  0
XRECORD
  5
10000530
102
{ACAD_REACTORS
330
1000052E
102
}
330
1000052E
100
AcDbXrecord
1000
KFvN
  0
XRECORD
  5
10000533
102
{ACAD_REACTORS
330
10000532
102
}
330
10000532
100
AcDbXrecord
1000
KFNO
  0
XRECORD
  5
10000534
102
{ACAD_REACTORS
330
10000532
102
}
330
10000532
100
AcDbXrecord
1000
KFzN
  0
XRECORD
  5
10000537
102
{ACAD_REACTORS
330
10000536
102
}
330
10000536
100
AcDbXrecord
1000
KFRO
  0
XRECORD
  5
10000538
102
{ACAD_REACTORS
330
10000536
102
}
330
10000536
100
AcDbXrecord
1000
KF3N
  0
XRECORD
  5
1000053B
102
{ACAD_REACTORS
330
1000053A
102
}
330
1000053A
100
AcDbXrecord
1000
KFVO
  0
XRECORD
  5
1000053C
102
{ACAD_REACTORS
330
1000053A
102
}
330
1000053A
100
AcDbXrecord
1000
KF7N
  0
XRECORD
  5
1000053F
102
{ACAD_REACTORS
330
1000053E
102
}
330
1000053E
100
AcDbXrecord
1000
KFZO
  0
XRECORD
  5
10000540
102
{ACAD_REACTORS
330
1000053E
102
}
330
1000053E
100
AcDbXrecord
1000
KF/N
  0
XRECORD
  5
10000543
102
{ACAD_REACTORS
330
10000542
102
}
330
10000542
100
AcDbXrecord
1000
KFdO
  0
XRECORD
  5
10000544
102
{ACAD_REACTORS
330
10000542
102
}
330
10000542
100
AcDbXrecord
1000
KFDO
  0
XRECORD
  5
10000547
102
{ACAD_REACTORS
330
10000546
102
}
330
10000546
100
AcDbXrecord
1000
KFhO
  0
XRECORD
  5
10000548
102
{ACAD_REACTORS
330
10000546
102
}
330
10000546
100
AcDbXrecord
1000
KFHO
  0
XRECORD
  5
1000054B
102
{ACAD_REACTORS
330
1000054A
102
}
330
1000054A
100
AcDbXrecord
1000
KFlO
  0
XRECORD
  5
1000054C
102
{ACAD_REACTORS
330
1000054A
102
}
330
1000054A
100
AcDbXrecord
1000
KFLO
  0
XRECORD
  5
1000054F
102
{ACAD_REACTORS
330
1000054E
102
}
330
1000054E
100
AcDbXrecord
1000
KFpO
  0
XRECORD
  5
10000550
102
{ACAD_REACTORS
330
1000054E
102
}
330
1000054E
100
AcDbXrecord
1000
KFPO
  0
XRECORD
  5
10000553
102
{ACAD_REACTORS
330
10000552
102
}
330
10000552
100
AcDbXrecord
1000
KFtO
  0
XRECORD
  5
10000554
102
{ACAD_REACTORS
330
10000552
102
}
330
10000552
100
AcDbXrecord
1000
KFTO
  0
XRECORD
  5
10000557
102
{ACAD_REACTORS
330
10000556
102
}
330
10000556
100
AcDbXrecord
1000
KFxO
  0
XRECORD
  5
10000558
102
{ACAD_REACTORS
330
10000556
102
}
330
10000556
100
AcDbXrecord
1000
KFXO
  0
XRECORD
  5
1000055B
102
{ACAD_REACTORS
330
1000055A
102
}
330
1000055A
100
AcDbXrecord
1000
KF1O
  0
XRECORD
  5
1000055C
102
{ACAD_REACTORS
330
1000055A
102
}
330
1000055A
100
AcDbXrecord
1000
KFbO
  0
XRECORD
  5
1000055F
102
{ACAD_REACTORS
330
1000055E
102
}
330
1000055E
100
AcDbXrecord
1000
KF5O
  0
XRECORD
  5
10000560
102
{ACAD_REACTORS
330
1000055E
102
}
330
1000055E
100
AcDbXrecord
1000
KFfO
  0
XRECORD
  5
10000563
102
{ACAD_REACTORS
330
10000562
102
}
330
10000562
100
AcDbXrecord
1000
KF9O
  0
XRECORD
  5
10000564
102
{ACAD_REACTORS
330
10000562
102
}
330
10000562
100
AcDbXrecord
1000
KFjO
  0
XRECORD
  5
10000567
102
{ACAD_REACTORS
330
10000566
102
}
330
10000566
100
AcDbXrecord
1000
KFBP
  0
XRECORD
  5
10000568
102
{ACAD_REACTORS
330
10000566
102
}
330
10000566
100
AcDbXrecord
1000
KFnO
  0
XRECORD
  5
1000056B
102
{ACAD_REACTORS
330
1000056A
102
}
330
1000056A
100
AcDbXrecord
1000
KFFP
  0
XRECORD
  5
1000056C
102
{ACAD_REACTORS
330
1000056A
102
}
330
1000056A
100
AcDbXrecord
1000
KFrO
  0
XRECORD
  5
1000056F
102
{ACAD_REACTORS
330
1000056E
102
}
330
1000056E
100
AcDbXrecord
1000
KFJP
  0
XRECORD
  5
10000570
102
{ACAD_REACTORS
330
1000056E
102
}
330
1000056E
100
AcDbXrecord
1000
KFvO
  0
XRECORD
  5
10000573
102
{ACAD_REACTORS
330
10000572
102
}
330
10000572
100
AcDbXrecord
1000
KFNP
  0
XRECORD
  5
10000574
102
{ACAD_REACTORS
330
10000572
102
}
330
10000572
100
AcDbXrecord
1000
KFzO
  0
XRECORD
  5
10000577
102
{ACAD_REACTORS
330
10000576
102
}
330
10000576
100
AcDbXrecord
1000
KFRP
  0
XRECORD
  5
10000578
102
{ACAD_REACTORS
330
10000576
102
}
330
10000576
100
AcDbXrecord
1000
KF3O
  0
XRECORD
  5
1000057B
102
{ACAD_REACTORS
330
1000057A
102
}
330
1000057A
100
AcDbXrecord
1000
KFVP
  0
XRECORD
  5
1000057C
102
{ACAD_REACTORS
330
1000057A
102
}
330
1000057A
100
AcDbXrecord
1000
KF7O
  0
XRECORD
  5
1000057F
102
{ACAD_REACTORS
330
1000057E
102
}
330
1000057E
100
AcDbXrecord
1000
KFZP
  0
XRECORD
  5
10000580
102
{ACAD_REACTORS
330
1000057E
102
}
330
1000057E
100
AcDbXrecord
1000
KF/O
  0
XRECORD
  5
10000583
102
{ACAD_REACTORS
330
10000582
102
}
330
10000582
100
AcDbXrecord
1000
KFdP
  0
XRECORD
  5
10000584
102
{ACAD_REACTORS
330
10000582
102
}
330
10000582
100
AcDbXrecord
1000
KFDP
  0
XRECORD
  5
10000587
102
{ACAD_REACTORS
330
10000586
102
}
330
10000586
100
AcDbXrecord
1000
KFhP
  0
XRECORD
  5
10000588
102
{ACAD_REACTORS
330
10000586
102
}
330
10000586
100
AcDbXrecord
1000
KFHP
  0
XRECORD
  5
1000058B
102
{ACAD_REACTORS
330
1000058A
102
}
330
1000058A
100
AcDbXrecord
1000
KFlP
  0
XRECORD
  5
1000058C
102
{ACAD_REACTORS
330
1000058A
102
}
330
1000058A
100
AcDbXrecord
1000
KFLP
  0
XRECORD
  5
1000058F
102
{ACAD_REACTORS
330
1000058E
102
}
330
1000058E
100
AcDbXrecord
1000
KFpP
  0
XRECORD
  5
10000590
102
{ACAD_REACTORS
330
1000058E
102
}
330
1000058E
100
AcDbXrecord
1000
KFPP
  0
XRECORD
  5
10000593
102
{ACAD_REACTORS
330
10000592
102
}
330
10000592
100
AcDbXrecord
1000
KFtP
  0
XRECORD
  5
10000594
102
{ACAD_REACTORS
330
10000592
102
}
330
10000592
100
AcDbXrecord
1000
KFTP
  0
XRECORD
  5
10000597
102
{ACAD_REACTORS
330
10000596
102
}
330
10000596
100
AcDbXrecord
1000
KFxP
  0
XRECORD
  5
10000598
102
{ACAD_REACTORS
330
10000596
102
}
330
10000596
100
AcDbXrecord
1000
KFXP
  0
XRECORD
  5
1000059B
102
{ACAD_REACTORS
330
1000059A
102
}
330
1000059A
100
AcDbXrecord
1000
KF1P
  0
XRECORD
  5
1000059C
102
{ACAD_REACTORS
330
1000059A
102
}
330
1000059A
100
AcDbXrecord
1000
KFbP
  0
XRECORD
  5
1000059F
102
{ACAD_REACTORS
330
1000059E
102
}
330
1000059E
100
AcDbXrecord
1000
KF5P
  0
XRECORD
  5
100005A0
102
{ACAD_REACTORS
330
1000059E
102
}
330
1000059E
100
AcDbXrecord
1000
KFfP
  0
XRECORD
  5
100005A3
102
{ACAD_REACTORS
330
100005A2
102
}
330
100005A2
100
AcDbXrecord
1000
KF9P
  0
XRECORD
  5
100005A4
102
{ACAD_REACTORS
330
100005A2
102
}
330
100005A2
100
AcDbXrecord
1000
KFjP
  0
XRECORD
  5
100005A7
102
{ACAD_REACTORS
330
100005A6
102
}
330
100005A6
100
AcDbXrecord
1000
KFBQ
  0
XRECORD
  5
100005A8
102
{ACAD_REACTORS
330
100005A6
102
}
330
100005A6
100
AcDbXrecord
1000
KFnP
  0
XRECORD
  5
100005AB
102
{ACAD_REACTORS
330
100005AA
102
}
330
100005AA
100
AcDbXrecord
1000
KFFQ
  0
XRECORD
  5
100005AC
102
{ACAD_REACTORS
330
100005AA
102
}
330
100005AA
100
AcDbXrecord
1000
KFrP
  0
XRECORD
  5
100005AF
102
{ACAD_REACTORS
330
100005AE
102
}
330
100005AE
100
AcDbXrecord
1000
KFJQ
  0
XRECORD
  5
100005B0
102
{ACAD_REACTORS
330
100005AE
102
}
330
100005AE
100
AcDbXrecord
1000
KFvP
  0
XRECORD
  5
100005B3
102
{ACAD_REACTORS
330
100005B2
102
}
330
100005B2
100
AcDbXrecord
1000
KFNQ
  0
XRECORD
  5
100005B4
102
{ACAD_REACTORS
330
100005B2
102
}
330
100005B2
100
AcDbXrecord
1000
KFzP
  0
XRECORD
  5
100005B7
102
{ACAD_REACTORS
330
100005B6
102
}
330
100005B6
100
AcDbXrecord
1000
KFRQ
  0
XRECORD
  5
100005B8
102
{ACAD_REACTORS
330
100005B6
102
}
330
100005B6
100
AcDbXrecord
1000
KF3P
  0
XRECORD
  5
100005BB
102
{ACAD_REACTORS
330
100005BA
102
}
330
100005BA
100
AcDbXrecord
1000
KF9a
  0
XRECORD
  5
100005BC
102
{ACAD_REACTORS
330
100005BA
102
}
330
100005BA
100
AcDbXrecord
1000
KFja
  0
XRECORD
  5
100005BF
102
{ACAD_REACTORS
330
100005BE
102
}
330
100005BE
100
AcDbXrecord
1000
KFBb
  0
XRECORD
  5
100005C0
102
{ACAD_REACTORS
330
100005BE
102
}
330
100005BE
100
AcDbXrecord
1000
KFna
  0
XRECORD
  5
100005C3
102
{ACAD_REACTORS
330
100005C2
102
}
330
100005C2
100
AcDbXrecord
1000
KFJH
  0
XRECORD
  5
100005C4
102
{ACAD_REACTORS
330
100005C2
102
}
330
100005C2
100
AcDbXrecord
1000
KF3r
  0
XRECORD
  5
100005C7
102
{ACAD_REACTORS
330
100005C6
102
}
330
100005C6
100
AcDbXrecord
1000
KFFb
  0
XRECORD
  5
100005C8
102
{ACAD_REACTORS
330
100005C6
102
}
330
100005C6
100
AcDbXrecord
1000
KFra
  0
XRECORD
  5
100005CB
102
{ACAD_REACTORS
330
100005CA
102
}
330
100005CA
100
AcDbXrecord
1000
KFJb
  0
XRECORD
  5
100005CC
102
{ACAD_REACTORS
330
100005CA
102
}
330
100005CA
100
AcDbXrecord
1000
KFva
  0
XRECORD
  5
100005CF
102
{ACAD_REACTORS
330
100005CE
102
}
330
100005CE
100
AcDbXrecord
1000
KFNb
  0
XRECORD
  5
100005D0
102
{ACAD_REACTORS
330
100005CE
102
}
330
100005CE
100
AcDbXrecord
1000
KFza
  0
XRECORD
  5
100005D3
102
{ACAD_REACTORS
330
100005D2
102
}
330
100005D2
100
AcDbXrecord
1000
KFRb
  0
XRECORD
  5
100005D4
102
{ACAD_REACTORS
330
100005D2
102
}
330
100005D2
100
AcDbXrecord
1000
KF3a
  0
XRECORD
  5
100005D7
102
{ACAD_REACTORS
330
100005D6
102
}
330
100005D6
100
AcDbXrecord
1000
KFVb
  0
XRECORD
  5
100005D8
102
{ACAD_REACTORS
330
100005D6
102
}
330
100005D6
100
AcDbXrecord
1000
KF7a
  0
XRECORD
  5
100005DB
102
{ACAD_REACTORS
330
100005DA
102
}
330
100005DA
100
AcDbXrecord
1000
KFZb
  0
XRECORD
  5
100005DC
102
{ACAD_REACTORS
330
100005DA
102
}
330
100005DA
100
AcDbXrecord
1000
KF/a
  0
XRECORD
  5
100005DF
102
{ACAD_REACTORS
330
100005DE
102
}
330
100005DE
100
AcDbXrecord
1000
KFdb
  0
XRECORD
  5
100005E0
102
{ACAD_REACTORS
330
100005DE
102
}
330
100005DE
100
AcDbXrecord
1000
KFDb
  0
XRECORD
  5
100005E3
102
{ACAD_REACTORS
330
100005E2
102
}
330
100005E2
100
AcDbXrecord
1000
KFhb
  0
XRECORD
  5
100005E4
102
{ACAD_REACTORS
330
100005E2
102
}
330
100005E2
100
AcDbXrecord
1000
KFHb
  0
XRECORD
  5
100005E7
102
{ACAD_REACTORS
330
100005E6
102
}
330
100005E6
100
AcDbXrecord
1000
KFlb
  0
XRECORD
  5
100005E8
102
{ACAD_REACTORS
330
100005E6
102
}
330
100005E6
100
AcDbXrecord
1000
KFLb
  0
XRECORD
  5
100005EB
102
{ACAD_REACTORS
330
100005EA
102
}
330
100005EA
100
AcDbXrecord
1000
KFpb
  0
XRECORD
  5
100005EC
102
{ACAD_REACTORS
330
100005EA
102
}
330
100005EA
100
AcDbXrecord
1000
KFPb
  0
XRECORD
  5
100005EF
102
{ACAD_REACTORS
330
100005EE
102
}
330
100005EE
100
AcDbXrecord
1000
KFtb
  0
XRECORD
  5
100005F0
102
{ACAD_REACTORS
330
100005EE
102
}
330
100005EE
100
AcDbXrecord
1000
KFTb
  0
XRECORD
  5
100005F3
102
{ACAD_REACTORS
330
100005F2
102
}
330
100005F2
100
AcDbXrecord
1000
KFxb
  0
XRECORD
  5
100005F4
102
{ACAD_REACTORS
330
100005F2
102
}
330
100005F2
100
AcDbXrecord
1000
KFXb
  0
XRECORD
  5
100005F7
102
{ACAD_REACTORS
330
100005F6
102
}
330
100005F6
100
AcDbXrecord
1000
KF1b
  0
XRECORD
  5
100005F8
102
{ACAD_REACTORS
330
100005F6
102
}
330
100005F6
100
AcDbXrecord
1000
KFbb
  0
XRECORD
  5
100005FB
102
{ACAD_REACTORS
330
100005FA
102
}
330
100005FA
100
AcDbXrecord
1000
KF5b
  0
XRECORD
  5
100005FC
102
{ACAD_REACTORS
330
100005FA
102
}
330
100005FA
100
AcDbXrecord
1000
KFfb
  0
XRECORD
  5
100005FF
102
{ACAD_REACTORS
330
100005FE
102
}
330
100005FE
100
AcDbXrecord
1000
KF9b
  0
XRECORD
  5
10000600
102
{ACAD_REACTORS
330
100005FE
102
}
330
100005FE
100
AcDbXrecord
1000
KFjb
  0
XRECORD
  5
10000603
102
{ACAD_REACTORS
330
10000602
102
}
330
10000602
100
AcDbXrecord
1000
KFBc
  0
XRECORD
  5
10000604
102
{ACAD_REACTORS
330
10000602
102
}
330
10000602
100
AcDbXrecord
1000
KFnb
  0
XRECORD
  5
10000607
102
{ACAD_REACTORS
330
10000606
102
}
330
10000606
100
AcDbXrecord
1000
KFFc
  0
XRECORD
  5
10000608
102
{ACAD_REACTORS
330
10000606
102
}
330
10000606
100
AcDbXrecord
1000
KFrb
  0
XRECORD
  5
1000060B
102
{ACAD_REACTORS
330
1000060A
102
}
330
1000060A
100
AcDbXrecord
1000
KFJc
  0
XRECORD
  5
1000060C
102
{ACAD_REACTORS
330
1000060A
102
}
330
1000060A
100
AcDbXrecord
1000
KFvb
  0
XRECORD
  5
1000060F
102
{ACAD_REACTORS
330
1000060E
102
}
330
1000060E
100
AcDbXrecord
1000
KFNc
  0
XRECORD
  5
10000610
102
{ACAD_REACTORS
330
1000060E
102
}
330
1000060E
100
AcDbXrecord
1000
KFzb
  0
XRECORD
  5
10000613
102
{ACAD_REACTORS
330
10000612
102
}
330
10000612
100
AcDbXrecord
1000
KFRc
  0
XRECORD
  5
10000614
102
{ACAD_REACTORS
330
10000612
102
}
330
10000612
100
AcDbXrecord
1000
KF3b
  0
XRECORD
  5
10000617
102
{ACAD_REACTORS
330
10000616
102
}
330
10000616
100
AcDbXrecord
1000
KFVc
  0
XRECORD
  5
10000618
102
{ACAD_REACTORS
330
10000616
102
}
330
10000616
100
AcDbXrecord
1000
KF7b
  0
XRECORD
  5
1000061B
102
{ACAD_REACTORS
330
1000061A
102
}
330
1000061A
100
AcDbXrecord
1000
KFZc
  0
XRECORD
  5
1000061C
102
{ACAD_REACTORS
330
1000061A
102
}
330
1000061A
100
AcDbXrecord
1000
KF/b
  0
XRECORD
  5
1000061F
102
{ACAD_REACTORS
330
1000061E
102
}
330
1000061E
100
AcDbXrecord
1000
KFdc
  0
XRECORD
  5
10000620
102
{ACAD_REACTORS
330
1000061E
102
}
330
1000061E
100
AcDbXrecord
1000
KFDc
  0
XRECORD
  5
10000623
102
{ACAD_REACTORS
330
10000622
102
}
330
10000622
100
AcDbXrecord
1000
KFhc
  0
XRECORD
  5
10000624
102
{ACAD_REACTORS
330
10000622
102
}
330
10000622
100
AcDbXrecord
1000
KFHc
  0
XRECORD
  5
10000627
102
{ACAD_REACTORS
330
10000626
102
}
330
10000626
100
AcDbXrecord
1000
KFlc
  0
XRECORD
  5
10000628
102
{ACAD_REACTORS
330
10000626
102
}
330
10000626
100
AcDbXrecord
1000
KFLc
  0
XRECORD
  5
1000062B
102
{ACAD_REACTORS
330
1000062A
102
}
330
1000062A
100
AcDbXrecord
1000
KFpc
  0
XRECORD
  5
1000062C
102
{ACAD_REACTORS
330
1000062A
102
}
330
1000062A
100
AcDbXrecord
1000
KFPc
  0
XRECORD
  5
1000062F
102
{ACAD_REACTORS
330
1000062E
102
}
330
1000062E
100
AcDbXrecord
1000
KFtc
  0
XRECORD
  5
10000630
102
{ACAD_REACTORS
330
1000062E
102
}
330
1000062E
100
AcDbXrecord
1000
KFTc
  0
XRECORD
  5
10000633
102
{ACAD_REACTORS
330
10000632
102
}
330
10000632
100
AcDbXrecord
1000
KFxc
  0
XRECORD
  5
10000634
102
{ACAD_REACTORS
330
10000632
102
}
330
10000632
100
AcDbXrecord
1000
KFXc
  0
XRECORD
  5
10000637
102
{ACAD_REACTORS
330
10000636
102
}
330
10000636
100
AcDbXrecord
1000
KF1c
  0
XRECORD
  5
10000638
102
{ACAD_REACTORS
330
10000636
102
}
330
10000636
100
AcDbXrecord
1000
KFbc
  0
XRECORD
  5
1000063B
102
{ACAD_REACTORS
330
1000063A
102
}
330
1000063A
100
AcDbXrecord
1000
KF5c
  0
XRECORD
  5
1000063C
102
{ACAD_REACTORS
330
1000063A
102
}
330
1000063A
100
AcDbXrecord
1000
KFfc
  0
XRECORD
  5
1000063F
102
{ACAD_REACTORS
330
1000063E
102
}
330
1000063E
100
AcDbXrecord
1000
KF9c
  0
XRECORD
  5
10000640
102
{ACAD_REACTORS
330
1000063E
102
}
330
1000063E
100
AcDbXrecord
1000
KFjc
  0
XRECORD
  5
10000643
102
{ACAD_REACTORS
330
10000642
102
}
330
10000642
100
AcDbXrecord
1000
KFBd
  0
XRECORD
  5
10000644
102
{ACAD_REACTORS
330
10000642
102
}
330
10000642
100
AcDbXrecord
1000
KFnc
  0
XRECORD
  5
10000647
102
{ACAD_REACTORS
330
10000646
102
}
330
10000646
100
AcDbXrecord
1000
KFFd
  0
XRECORD
  5
10000648
102
{ACAD_REACTORS
330
10000646
102
}
330
10000646
100
AcDbXrecord
1000
KFrc
  0
XRECORD
  5
1000064B
102
{ACAD_REACTORS
330
1000064A
102
}
330
1000064A
100
AcDbXrecord
1000
KFJd
  0
XRECORD
  5
1000064C
102
{ACAD_REACTORS
330
1000064A
102
}
330
1000064A
100
AcDbXrecord
1000
KFvc
  0
XRECORD
  5
1000064F
102
{ACAD_REACTORS
330
1000064E
102
}
330
1000064E
100
AcDbXrecord
1000
KFNd
  0
XRECORD
  5
10000650
102
{ACAD_REACTORS
330
1000064E
102
}
330
1000064E
100
AcDbXrecord
1000
KFzc
  0
XRECORD
  5
10000653
102
{ACAD_REACTORS
330
10000652
102
}
330
10000652
100
AcDbXrecord
1000
KFRd
  0
XRECORD
  5
10000654
102
{ACAD_REACTORS
330
10000652
102
}
330
10000652
100
AcDbXrecord
1000
KF3c
  0
XRECORD
  5
10000657
102
{ACAD_REACTORS
330
10000656
102
}
330
10000656
100
AcDbXrecord
1000
KFVd
  0
XRECORD
  5
10000658
102
{ACAD_REACTORS
330
10000656
102
}
330
10000656
100
AcDbXrecord
1000
KF7c
  0
XRECORD
  5
1000065B
102
{ACAD_REACTORS
330
1000065A
102
}
330
1000065A
100
AcDbXrecord
1000
KFZd
  0
XRECORD
  5
1000065C
102
{ACAD_REACTORS
330
1000065A
102
}
330
1000065A
100
AcDbXrecord
1000
KF/c
  0
XRECORD
  5
1000065F
102
{ACAD_REACTORS
330
1000065E
102
}
330
1000065E
100
AcDbXrecord
1000
KFdd
  0
XRECORD
  5
10000660
102
{ACAD_REACTORS
330
1000065E
102
}
330
1000065E
100
AcDbXrecord
1000
KFDd
  0
XRECORD
  5
10000663
102
{ACAD_REACTORS
330
10000662
102
}
330
10000662
100
AcDbXrecord
1000
KFhd
  0
XRECORD
  5
10000664
102
{ACAD_REACTORS
330
10000662
102
}
330
10000662
100
AcDbXrecord
1000
KFHd
  0
XRECORD
  5
10000667
102
{ACAD_REACTORS
330
10000666
102
}
330
10000666
100
AcDbXrecord
1000
KFld
  0
XRECORD
  5
10000668
102
{ACAD_REACTORS
330
10000666
102
}
330
10000666
100
AcDbXrecord
1000
KFLd
  0
XRECORD
  5
1000066B
102
{ACAD_REACTORS
330
1000066A
102
}
330
1000066A
100
AcDbXrecord
1000
KFpd
  0
XRECORD
  5
1000066C
102
{ACAD_REACTORS
330
1000066A
102
}
330
1000066A
100
AcDbXrecord
1000
KFPd
  0
XRECORD
  5
1000066F
102
{ACAD_REACTORS
330
1000066E
102
}
330
1000066E
100
AcDbXrecord
1000
KFtd
  0
XRECORD
  5
10000670
102
{ACAD_REACTORS
330
1000066E
102
}
330
1000066E
100
AcDbXrecord
1000
KFTd
  0
XRECORD
  5
10000673
102
{ACAD_REACTORS
330
10000672
102
}
330
10000672
100
AcDbXrecord
1000
KFxd
  0
XRECORD
  5
10000674
102
{ACAD_REACTORS
330
10000672
102
}
330
10000672
100
AcDbXrecord
1000
KFXd
  0
XRECORD
  5
10000677
102
{ACAD_REACTORS
330
10000676
102
}
330
10000676
100
AcDbXrecord
1000
KF1d
  0
XRECORD
  5
10000678
102
{ACAD_REACTORS
330
10000676
102
}
330
10000676
100
AcDbXrecord
1000
KFbd
  0
XRECORD
  5
1000067B
102
{ACAD_REACTORS
330
1000067A
102
}
330
1000067A
100
AcDbXrecord
1000
KF5d
  0
XRECORD
  5
1000067C
102
{ACAD_REACTORS
330
1000067A
102
}
330
1000067A
100
AcDbXrecord
1000
KFfd
  0
XRECORD
  5
1000067F
102
{ACAD_REACTORS
330
1000067E
102
}
330
1000067E
100
AcDbXrecord
1000
KF9d
  0
XRECORD
  5
10000680
102
{ACAD_REACTORS
330
1000067E
102
}
330
1000067E
100
AcDbXrecord
1000
KFjd
  0
XRECORD
  5
10000683
102
{ACAD_REACTORS
330
10000682
102
}
330
10000682
100
AcDbXrecord
1000
KFBe
  0
XRECORD
  5
10000684
102
{ACAD_REACTORS
330
10000682
102
}
330
10000682
100
AcDbXrecord
1000
KFnd
  0
XRECORD
  5
10000687
102
{ACAD_REACTORS
330
10000686
102
}
330
10000686
100
AcDbXrecord
1000
KFFe
  0
XRECORD
  5
10000688
102
{ACAD_REACTORS
330
10000686
102
}
330
10000686
100
AcDbXrecord
1000
KFrd
  0
XRECORD
  5
1000068B
102
{ACAD_REACTORS
330
1000068A
102
}
330
1000068A
100
AcDbXrecord
1000
KFJe
  0
XRECORD
  5
1000068C
102
{ACAD_REACTORS
330
1000068A
102
}
330
1000068A
100
AcDbXrecord
1000
KFvd
  0
XRECORD
  5
1000068F
102
{ACAD_REACTORS
330
1000068E
102
}
330
1000068E
100
AcDbXrecord
1000
KFNe
  0
XRECORD
  5
10000690
102
{ACAD_REACTORS
330
1000068E
102
}
330
1000068E
100
AcDbXrecord
1000
KFzd
  0
XRECORD
  5
10000693
102
{ACAD_REACTORS
330
10000692
102
}
330
10000692
100
AcDbXrecord
1000
KFRe
  0
XRECORD
  5
10000694
102
{ACAD_REACTORS
330
10000692
102
}
330
10000692
100
AcDbXrecord
1000
KF3d
  0
XRECORD
  5
10000697
102
{ACAD_REACTORS
330
10000696
102
}
330
10000696
100
AcDbXrecord
1000
KFVe
  0
XRECORD
  5
10000698
102
{ACAD_REACTORS
330
10000696
102
}
330
10000696
100
AcDbXrecord
1000
KF7d
  0
XRECORD
  5
1000069B
102
{ACAD_REACTORS
330
1000069A
102
}
330
1000069A
100
AcDbXrecord
1000
KFZe
  0
XRECORD
  5
1000069C
102
{ACAD_REACTORS
330
1000069A
102
}
330
1000069A
100
AcDbXrecord
1000
KF/d
  0
XRECORD
  5
1000069F
102
{ACAD_REACTORS
330
1000069E
102
}
330
1000069E
100
AcDbXrecord
1000
KFde
  0
XRECORD
  5
100006A0
102
{ACAD_REACTORS
330
1000069E
102
}
330
1000069E
100
AcDbXrecord
1000
KFDe
  0
XRECORD
  5
100006A3
102
{ACAD_REACTORS
330
100006A2
102
}
330
100006A2
100
AcDbXrecord
1000
KFhe
  0
XRECORD
  5
100006A4
102
{ACAD_REACTORS
330
100006A2
102
}
330
100006A2
100
AcDbXrecord
1000
KFHe
  0
XRECORD
  5
100006A7
102
{ACAD_REACTORS
330
100006A6
102
}
330
100006A6
100
AcDbXrecord
1000
KFle
  0
XRECORD
  5
100006A8
102
{ACAD_REACTORS
330
100006A6
102
}
330
100006A6
100
AcDbXrecord
1000
KFLe
  0
XRECORD
  5
100006AB
102
{ACAD_REACTORS
330
100006AA
102
}
330
100006AA
100
AcDbXrecord
1000
KFpe
  0
XRECORD
  5
100006AC
102
{ACAD_REACTORS
330
100006AA
102
}
330
100006AA
100
AcDbXrecord
1000
KFPe
  0
XRECORD
  5
100006AF
102
{ACAD_REACTORS
330
100006AE
102
}
330
100006AE
100
AcDbXrecord
1000
KFte
  0
XRECORD
  5
100006B0
102
{ACAD_REACTORS
330
100006AE
102
}
330
100006AE
100
AcDbXrecord
1000
KFTe
  0
XRECORD
  5
100006B3
102
{ACAD_REACTORS
330
100006B2
102
}
330
100006B2
100
AcDbXrecord
1000
KFxe
  0
XRECORD
  5
100006B4
102
{ACAD_REACTORS
330
100006B2
102
}
330
100006B2
100
AcDbXrecord
1000
KFXe
  0
XRECORD
  5
100006B7
102
{ACAD_REACTORS
330
100006B6
102
}
330
100006B6
100
AcDbXrecord
1000
KF1e
  0
XRECORD
  5
100006B8
102
{ACAD_REACTORS
330
100006B6
102
}
330
100006B6
100
AcDbXrecord
1000
KFbe
  0
XRECORD
  5
100006BB
102
{ACAD_REACTORS
330
100006BA
102
}
330
100006BA
100
AcDbXrecord
1000
KF5e
  0
XRECORD
  5
100006BC
102
{ACAD_REACTORS
330
100006BA
102
}
330
100006BA
100
AcDbXrecord
1000
KFfe
  0
XRECORD
  5
100006BF
102
{ACAD_REACTORS
330
100006BE
102
}
330
100006BE
100
AcDbXrecord
1000
KF9e
  0
XRECORD
  5
100006C0
102
{ACAD_REACTORS
330
100006BE
102
}
330
100006BE
100
AcDbXrecord
1000
KFje
  0
XRECORD
  5
100006C3
102
{ACAD_REACTORS
330
100006C2
102
}
330
100006C2
100
AcDbXrecord
1000
KFBf
  0
XRECORD
  5
100006C4
102
{ACAD_REACTORS
330
100006C2
102
}
330
100006C2
100
AcDbXrecord
1000
KFne
  0
XRECORD
  5
100006C7
102
{ACAD_REACTORS
330
100006C6
102
}
330
100006C6
100
AcDbXrecord
1000
KFFf
  0
XRECORD
  5
100006C8
102
{ACAD_REACTORS
330
100006C6
102
}
330
100006C6
100
AcDbXrecord
1000
KFre
  0
XRECORD
  5
100006CB
102
{ACAD_REACTORS
330
100006CA
102
}
330
100006CA
100
AcDbXrecord
1000
KFJf
  0
XRECORD
  5
100006CC
102
{ACAD_REACTORS
330
100006CA
102
}
330
100006CA
100
AcDbXrecord
1000
KFve
  0
XRECORD
  5
100006CF
102
{ACAD_REACTORS
330
100006CE
102
}
330
100006CE
100
AcDbXrecord
1000
KFNf
  0
XRECORD
  5
100006D0
102
{ACAD_REACTORS
330
100006CE
102
}
330
100006CE
100
AcDbXrecord
1000
KFze
  0
XRECORD
  5
100006D3
102
{ACAD_REACTORS
330
100006D2
102
}
330
100006D2
100
AcDbXrecord
1000
KFRf
  0
XRECORD
  5
100006D4
102
{ACAD_REACTORS
330
100006D2
102
}
330
100006D2
100
AcDbXrecord
1000
KF3e
  0
XRECORD
  5
100006D7
102
{ACAD_REACTORS
330
100006D6
102
}
330
100006D6
100
AcDbXrecord
1000
KFVf
  0
XRECORD
  5
100006D8
102
{ACAD_REACTORS
330
100006D6
102
}
330
100006D6
100
AcDbXrecord
1000
KF7e
  0
XRECORD
  5
100006DB
102
{ACAD_REACTORS
330
100006DA
102
}
330
100006DA
100
AcDbXrecord
1000
KFZf
  0
XRECORD
  5
100006DC
102
{ACAD_REACTORS
330
100006DA
102
}
330
100006DA
100
AcDbXrecord
1000
KF/e
  0
XRECORD
  5
100006DF
102
{ACAD_REACTORS
330
100006DE
102
}
330
100006DE
100
AcDbXrecord
1000
KFdf
  0
XRECORD
  5
100006E0
102
{ACAD_REACTORS
330
100006DE
102
}
330
100006DE
100
AcDbXrecord
1000
KFDf
  0
XRECORD
  5
100006E3
102
{ACAD_REACTORS
330
100006E2
102
}
330
100006E2
100
AcDbXrecord
1000
KFhf
  0
XRECORD
  5
100006E4
102
{ACAD_REACTORS
330
100006E2
102
}
330
100006E2
100
AcDbXrecord
1000
KFHf
  0
XRECORD
  5
100006E7
102
{ACAD_REACTORS
330
100006E6
102
}
330
100006E6
100
AcDbXrecord
1000
KFlf
  0
XRECORD
  5
100006E8
102
{ACAD_REACTORS
330
100006E6
102
}
330
100006E6
100
AcDbXrecord
1000
KFLf
  0
XRECORD
  5
100006EB
102
{ACAD_REACTORS
330
100006EA
102
}
330
100006EA
100
AcDbXrecord
1000
KFpf
  0
XRECORD
  5
100006EC
102
{ACAD_REACTORS
330
100006EA
102
}
330
100006EA
100
AcDbXrecord
1000
KFPf
  0
XRECORD
  5
100006EF
102
{ACAD_REACTORS
330
100006EE
102
}
330
100006EE
100
AcDbXrecord
1000
KFtf
  0
XRECORD
  5
100006F0
102
{ACAD_REACTORS
330
100006EE
102
}
330
100006EE
100
AcDbXrecord
1000
KFTf
  0
XRECORD
  5
100006F3
102
{ACAD_REACTORS
330
100006F2
102
}
330
100006F2
100
AcDbXrecord
1000
KFxf
  0
XRECORD
  5
100006F4
102
{ACAD_REACTORS
330
100006F2
102
}
330
100006F2
100
AcDbXrecord
1000
KFXf
  0
XRECORD
  5
100006F7
102
{ACAD_REACTORS
330
100006F6
102
}
330
100006F6
100
AcDbXrecord
1000
KF1f
  0
XRECORD
  5
100006F8
102
{ACAD_REACTORS
330
100006F6
102
}
330
100006F6
100
AcDbXrecord
1000
KFbf
  0
XRECORD
  5
100006FB
102
{ACAD_REACTORS
330
100006FA
102
}
330
100006FA
100
AcDbXrecord
1000
KF5f
  0
XRECORD
  5
100006FC
102
{ACAD_REACTORS
330
100006FA
102
}
330
100006FA
100
AcDbXrecord
1000
KFff
  0
XRECORD
  5
100006FF
102
{ACAD_REACTORS
330
100006FE
102
}
330
100006FE
100
AcDbXrecord
1000
KF9f
  0
XRECORD
  5
10000700
102
{ACAD_REACTORS
330
100006FE
102
}
330
100006FE
100
AcDbXrecord
1000
KFjf
  0
XRECORD
  5
10000703
102
{ACAD_REACTORS
330
10000702
102
}
330
10000702
100
AcDbXrecord
1000
KFBg
  0
XRECORD
  5
10000704
102
{ACAD_REACTORS
330
10000702
102
}
330
10000702
100
AcDbXrecord
1000
KFnf
  0
XRECORD
  5
10000707
102
{ACAD_REACTORS
330
10000706
102
}
330
10000706
100
AcDbXrecord
1000
KFFg
  0
XRECORD
  5
10000708
102
{ACAD_REACTORS
330
10000706
102
}
330
10000706
100
AcDbXrecord
1000
KFrf
  0
XRECORD
  5
1000070B
102
{ACAD_REACTORS
330
1000070A
102
}
330
1000070A
100
AcDbXrecord
1000
KFJg
  0
XRECORD
  5
1000070C
102
{ACAD_REACTORS
330
1000070A
102
}
330
1000070A
100
AcDbXrecord
1000
KFvf
  0
XRECORD
  5
1000070F
102
{ACAD_REACTORS
330
1000070E
102
}
330
1000070E
100
AcDbXrecord
1000
KFNg
  0
XRECORD
  5
10000710
102
{ACAD_REACTORS
330
1000070E
102
}
330
1000070E
100
AcDbXrecord
1000
KFzf
  0
XRECORD
  5
10000713
102
{ACAD_REACTORS
330
10000712
102
}
330
10000712
100
AcDbXrecord
1000
KFRg
  0
XRECORD
  5
10000714
102
{ACAD_REACTORS
330
10000712
102
}
330
10000712
100
AcDbXrecord
1000
KF3f
  0
XRECORD
  5
10000717
102
{ACAD_REACTORS
330
10000716
102
}
330
10000716
100
AcDbXrecord
1000
KFVg
  0
XRECORD
  5
10000718
102
{ACAD_REACTORS
330
10000716
102
}
330
10000716
100
AcDbXrecord
1000
KF7f
  0
XRECORD
  5
1000071B
102
{ACAD_REACTORS
330
1000071A
102
}
330
1000071A
100
AcDbXrecord
1000
KFZg
  0
XRECORD
  5
1000071C
102
{ACAD_REACTORS
330
1000071A
102
}
330
1000071A
100
AcDbXrecord
1000
KF/f
  0
XRECORD
  5
1000071F
102
{ACAD_REACTORS
330
1000071E
102
}
330
1000071E
100
AcDbXrecord
1000
KFFj
  0
XRECORD
  5
10000720
102
{ACAD_REACTORS
330
1000071E
102
}
330
1000071E
100
AcDbXrecord
1000
KFri
  0
XRECORD
  5
10000723
102
{ACAD_REACTORS
330
10000722
102
}
330
10000722
100
AcDbXrecord
1000
KFJj
  0
XRECORD
  5
10000724
102
{ACAD_REACTORS
330
10000722
102
}
330
10000722
100
AcDbXrecord
1000
KFvi
  0
XRECORD
  5
10000727
102
{ACAD_REACTORS
330
10000726
102
}
330
10000726
100
AcDbXrecord
1000
KFNj
  0
XRECORD
  5
10000728
102
{ACAD_REACTORS
330
10000726
102
}
330
10000726
100
AcDbXrecord
1000
KFzi
  0
XRECORD
  5
1000072B
102
{ACAD_REACTORS
330
1000072A
102
}
330
1000072A
100
AcDbXrecord
1000
KFRj
  0
XRECORD
  5
1000072C
102
{ACAD_REACTORS
330
1000072A
102
}
330
1000072A
100
AcDbXrecord
1000
KF3i
  0
XRECORD
  5
1000072F
102
{ACAD_REACTORS
330
1000072E
102
}
330
1000072E
100
AcDbXrecord
1000
KFVj
  0
XRECORD
  5
10000730
102
{ACAD_REACTORS
330
1000072E
102
}
330
1000072E
100
AcDbXrecord
1000
KF7i
  0
XRECORD
  5
10000733
102
{ACAD_REACTORS
330
10000732
102
}
330
10000732
100
AcDbXrecord
1000
KFZj
  0
XRECORD
  5
10000734
102
{ACAD_REACTORS
330
10000732
102
}
330
10000732
100
AcDbXrecord
1000
KF/i
  0
XRECORD
  5
10000737
102
{ACAD_REACTORS
330
10000736
102
}
330
10000736
100
AcDbXrecord
1000
KFdj
  0
XRECORD
  5
10000738
102
{ACAD_REACTORS
330
10000736
102
}
330
10000736
100
AcDbXrecord
1000
KFDj
  0
XRECORD
  5
1000073B
102
{ACAD_REACTORS
330
1000073A
102
}
330
1000073A
100
AcDbXrecord
1000
KFhj
  0
XRECORD
  5
1000073C
102
{ACAD_REACTORS
330
1000073A
102
}
330
1000073A
100
AcDbXrecord
1000
KFHj
  0
XRECORD
  5
1000073F
102
{ACAD_REACTORS
330
1000073E
102
}
330
1000073E
100
AcDbXrecord
1000
KFlj
  0
XRECORD
  5
10000740
102
{ACAD_REACTORS
330
1000073E
102
}
330
1000073E
100
AcDbXrecord
1000
KFLj
  0
XRECORD
  5
10000743
102
{ACAD_REACTORS
330
10000742
102
}
330
10000742
100
AcDbXrecord
1000
KFpj
  0
XRECORD
  5
10000744
102
{ACAD_REACTORS
330
10000742
102
}
330
10000742
100
AcDbXrecord
1000
KFPj
  0
XRECORD
  5
10000747
102
{ACAD_REACTORS
330
10000746
102
}
330
10000746
100
AcDbXrecord
1000
KFtj
  0
XRECORD
  5
10000748
102
{ACAD_REACTORS
330
10000746
102
}
330
10000746
100
AcDbXrecord
1000
KFTj
  0
XRECORD
  5
1000074B
102
{ACAD_REACTORS
330
1000074A
102
}
330
1000074A
100
AcDbXrecord
1000
KFxj
  0
XRECORD
  5
1000074C
102
{ACAD_REACTORS
330
1000074A
102
}
330
1000074A
100
AcDbXrecord
1000
KFXj
  0
XRECORD
  5
1000074F
102
{ACAD_REACTORS
330
1000074E
102
}
330
1000074E
100
AcDbXrecord
1000
KF1j
  0
XRECORD
  5
10000750
102
{ACAD_REACTORS
330
1000074E
102
}
330
1000074E
100
AcDbXrecord
1000
KFbj
  0
XRECORD
  5
10000753
102
{ACAD_REACTORS
330
10000752
102
}
330
10000752
100
AcDbXrecord
1000
KF5j
  0
XRECORD
  5
10000754
102
{ACAD_REACTORS
330
10000752
102
}
330
10000752
100
AcDbXrecord
1000
KFfj
  0
XRECORD
  5
10000757
102
{ACAD_REACTORS
330
10000756
102
}
330
10000756
100
AcDbXrecord
1000
KF9j
  0
XRECORD
  5
10000758
102
{ACAD_REACTORS
330
10000756
102
}
330
10000756
100
AcDbXrecord
1000
KFjj
  0
XRECORD
  5
1000075B
102
{ACAD_REACTORS
330
1000075A
102
}
330
1000075A
100
AcDbXrecord
1000
KFBk
  0
XRECORD
  5
1000075C
102
{ACAD_REACTORS
330
1000075A
102
}
330
1000075A
100
AcDbXrecord
1000
KFnj
  0
XRECORD
  5
1000075F
102
{ACAD_REACTORS
330
1000075E
102
}
330
1000075E
100
AcDbXrecord
1000
KFFk
  0
XRECORD
  5
10000760
102
{ACAD_REACTORS
330
1000075E
102
}
330
1000075E
100
AcDbXrecord
1000
KFrj
  0
XRECORD
  5
10000763
102
{ACAD_REACTORS
330
10000762
102
}
330
10000762
100
AcDbXrecord
1000
KFJk
  0
XRECORD
  5
10000764
102
{ACAD_REACTORS
330
10000762
102
}
330
10000762
100
AcDbXrecord
1000
KFvj
  0
XRECORD
  5
10000767
102
{ACAD_REACTORS
330
10000766
102
}
330
10000766
100
AcDbXrecord
1000
KFNk
  0
XRECORD
  5
10000768
102
{ACAD_REACTORS
330
10000766
102
}
330
10000766
100
AcDbXrecord
1000
KFzj
  0
XRECORD
  5
1000076B
102
{ACAD_REACTORS
330
1000076A
102
}
330
1000076A
100
AcDbXrecord
1000
KFRk
  0
XRECORD
  5
1000076C
102
{ACAD_REACTORS
330
1000076A
102
}
330
1000076A
100
AcDbXrecord
1000
KF3j
  0
XRECORD
  5
1000076F
102
{ACAD_REACTORS
330
1000076E
102
}
330
1000076E
100
AcDbXrecord
1000
KF9k
  0
XRECORD
  5
10000770
102
{ACAD_REACTORS
330
1000076E
102
}
330
1000076E
100
AcDbXrecord
1000
KFjk
  0
XRECORD
  5
10000773
102
{ACAD_REACTORS
330
10000772
102
}
330
10000772
100
AcDbXrecord
1000
KFBl
  0
XRECORD
  5
10000774
102
{ACAD_REACTORS
330
10000772
102
}
330
10000772
100
AcDbXrecord
1000
KFnk
  0
XRECORD
  5
10000777
102
{ACAD_REACTORS
330
10000776
102
}
330
10000776
100
AcDbXrecord
1000
KFFl
  0
XRECORD
  5
10000778
102
{ACAD_REACTORS
330
10000776
102
}
330
10000776
100
AcDbXrecord
1000
KFrk
  0
XRECORD
  5
1000077B
102
{ACAD_REACTORS
330
1000077A
102
}
330
1000077A
100
AcDbXrecord
1000
KFJl
  0
XRECORD
  5
1000077C
102
{ACAD_REACTORS
330
1000077A
102
}
330
1000077A
100
AcDbXrecord
1000
KFvk
  0
XRECORD
  5
1000077F
102
{ACAD_REACTORS
330
1000077E
102
}
330
1000077E
100
AcDbXrecord
1000
KFFH
  0
XRECORD
  5
10000780
102
{ACAD_REACTORS
330
1000077E
102
}
330
1000077E
100
AcDbXrecord
1000
KFzr
  0
XRECORD
  5
10000783
102
{ACAD_REACTORS
330
10000782
102
}
330
10000782
100
AcDbXrecord
1000
KFRl
  0
XRECORD
  5
10000784
102
{ACAD_REACTORS
330
10000782
102
}
330
10000782
100
AcDbXrecord
1000
KF3k
  0
XRECORD
  5
10000787
102
{ACAD_REACTORS
330
10000786
102
}
330
10000786
100
AcDbXrecord
1000
KFNl
  0
XRECORD
  5
10000788
102
{ACAD_REACTORS
330
10000786
102
}
330
10000786
100
AcDbXrecord
1000
KFzk
  0
XRECORD
  5
1000078B
102
{ACAD_REACTORS
330
1000078A
102
}
330
1000078A
100
AcDbXrecord
1000
KF5k
  0
XRECORD
  5
1000078C
102
{ACAD_REACTORS
330
1000078A
102
}
330
1000078A
100
AcDbXrecord
1000
KFfk
  0
XRECORD
  5
1000078F
102
{ACAD_REACTORS
330
1000078E
102
}
330
1000078E
100
AcDbXrecord
1000
KF1k
  0
XRECORD
  5
10000790
102
{ACAD_REACTORS
330
1000078E
102
}
330
1000078E
100
AcDbXrecord
1000
KFbk
  0
XRECORD
  5
10000793
102
{ACAD_REACTORS
330
10000792
102
}
330
10000792
100
AcDbXrecord
1000
KFxk
  0
XRECORD
  5
10000794
102
{ACAD_REACTORS
330
10000792
102
}
330
10000792
100
AcDbXrecord
1000
KFXk
  0
XRECORD
  5
10000797
102
{ACAD_REACTORS
330
10000796
102
}
330
10000796
100
AcDbXrecord
1000
KFtk
  0
XRECORD
  5
10000798
102
{ACAD_REACTORS
330
10000796
102
}
330
10000796
100
AcDbXrecord
1000
KFTk
  0
XRECORD
  5
1000079B
102
{ACAD_REACTORS
330
1000079A
102
}
330
1000079A
100
AcDbXrecord
1000
KFpk
  0
XRECORD
  5
1000079C
102
{ACAD_REACTORS
330
1000079A
102
}
330
1000079A
100
AcDbXrecord
1000
KFPk
  0
XRECORD
  5
1000079F
102
{ACAD_REACTORS
330
1000079E
102
}
330
1000079E
100
AcDbXrecord
1000
KFlk
  0
XRECORD
  5
100007A0
102
{ACAD_REACTORS
330
1000079E
102
}
330
1000079E
100
AcDbXrecord
1000
KFLk
  0
XRECORD
  5
100007A3
102
{ACAD_REACTORS
330
100007A2
102
}
330
100007A2
100
AcDbXrecord
1000
KFhk
  0
XRECORD
  5
100007A4
102
{ACAD_REACTORS
330
100007A2
102
}
330
100007A2
100
AcDbXrecord
1000
KFHk
  0
XRECORD
  5
100007A7
102
{ACAD_REACTORS
330
100007A6
102
}
330
100007A6
100
AcDbXrecord
1000
KFdk
  0
XRECORD
  5
100007A8
102
{ACAD_REACTORS
330
100007A6
102
}
330
100007A6
100
AcDbXrecord
1000
KFDk
  0
XRECORD
  5
100007AB
102
{ACAD_REACTORS
330
100007AA
102
}
330
100007AA
100
AcDbXrecord
1000
KFZk
  0
XRECORD
  5
100007AC
102
{ACAD_REACTORS
330
100007AA
102
}
330
100007AA
100
AcDbXrecord
1000
KF/j
  0
XRECORD
  5
100007AF
102
{ACAD_REACTORS
330
100007AE
102
}
330
100007AE
100
AcDbXrecord
1000
KFVk
  0
XRECORD
  5
100007B0
102
{ACAD_REACTORS
330
100007AE
102
}
330
100007AE
100
AcDbXrecord
1000
KF7j
  0
XRECORD
  5
100007B3
102
{ACAD_REACTORS
330
100007B2
102
}
330
100007B2
100
AcDbXrecord
1000
KFBj
  0
XRECORD
  5
100007B4
102
{ACAD_REACTORS
330
100007B2
102
}
330
100007B2
100
AcDbXrecord
1000
KFni
  0
XRECORD
  5
100007B7
102
{ACAD_REACTORS
330
100007B6
102
}
330
100007B6
100
AcDbXrecord
1000
KF9i
  0
XRECORD
  5
100007B8
102
{ACAD_REACTORS
330
100007B6
102
}
330
100007B6
100
AcDbXrecord
1000
KFji
  0
XRECORD
  5
100007BB
102
{ACAD_REACTORS
330
100007BA
102
}
330
100007BA
100
AcDbXrecord
1000
KF5i
  0
XRECORD
  5
100007BC
102
{ACAD_REACTORS
330
100007BA
102
}
330
100007BA
100
AcDbXrecord
1000
KFfi
  0
XRECORD
  5
100007BF
102
{ACAD_REACTORS
330
100007BE
102
}
330
100007BE
100
AcDbXrecord
1000
KF1i
  0
XRECORD
  5
100007C0
102
{ACAD_REACTORS
330
100007BE
102
}
330
100007BE
100
AcDbXrecord
1000
KFbi
  0
XRECORD
  5
100007C3
102
{ACAD_REACTORS
330
100007C2
102
}
330
100007C2
100
AcDbXrecord
1000
KFxi
  0
XRECORD
  5
100007C4
102
{ACAD_REACTORS
330
100007C2
102
}
330
100007C2
100
AcDbXrecord
1000
KFXi
  0
XRECORD
  5
100007C7
102
{ACAD_REACTORS
330
100007C6
102
}
330
100007C6
100
AcDbXrecord
1000
KFti
  0
XRECORD
  5
100007C8
102
{ACAD_REACTORS
330
100007C6
102
}
330
100007C6
100
AcDbXrecord
1000
KFTi
  0
XRECORD
  5
100007CB
102
{ACAD_REACTORS
330
100007CA
102
}
330
100007CA
100
AcDbXrecord
1000
KFpi
  0
XRECORD
  5
100007CC
102
{ACAD_REACTORS
330
100007CA
102
}
330
100007CA
100
AcDbXrecord
1000
KFPi
  0
XRECORD
  5
100007CF
102
{ACAD_REACTORS
330
100007CE
102
}
330
100007CE
100
AcDbXrecord
1000
KFli
  0
XRECORD
  5
100007D0
102
{ACAD_REACTORS
330
100007CE
102
}
330
100007CE
100
AcDbXrecord
1000
KFLi
  0
XRECORD
  5
100007D3
102
{ACAD_REACTORS
330
100007D2
102
}
330
100007D2
100
AcDbXrecord
1000
KFhi
  0
XRECORD
  5
100007D4
102
{ACAD_REACTORS
330
100007D2
102
}
330
100007D2
100
AcDbXrecord
1000
KFHi
  0
XRECORD
  5
100007D7
102
{ACAD_REACTORS
330
100007D6
102
}
330
100007D6
100
AcDbXrecord
1000
KFdi
  0
XRECORD
  5
100007D8
102
{ACAD_REACTORS
330
100007D6
102
}
330
100007D6
100
AcDbXrecord
1000
KFDi
  0
XRECORD
  5
100007DB
102
{ACAD_REACTORS
330
100007DA
102
}
330
100007DA
100
AcDbXrecord
1000
KFZi
  0
XRECORD
  5
100007DC
102
{ACAD_REACTORS
330
100007DA
102
}
330
100007DA
100
AcDbXrecord
1000
KF/h
  0
XRECORD
  5
100007DF
102
{ACAD_REACTORS
330
100007DE
102
}
330
100007DE
100
AcDbXrecord
1000
KFVi
  0
XRECORD
  5
100007E0
102
{ACAD_REACTORS
330
100007DE
102
}
330
100007DE
100
AcDbXrecord
1000
KF7h
  0
XRECORD
  5
100007E3
102
{ACAD_REACTORS
330
100007E2
102
}
330
100007E2
100
AcDbXrecord
1000
KFRi
  0
XRECORD
  5
100007E4
102
{ACAD_REACTORS
330
100007E2
102
}
330
100007E2
100
AcDbXrecord
1000
KF3h
  0
XRECORD
  5
100007E7
102
{ACAD_REACTORS
330
100007E6
102
}
330
100007E6
100
AcDbXrecord
1000
KFNi
  0
XRECORD
  5
100007E8
102
{ACAD_REACTORS
330
100007E6
102
}
330
100007E6
100
AcDbXrecord
1000
KFzh
  0
XRECORD
  5
100007EB
102
{ACAD_REACTORS
330
100007EA
102
}
330
100007EA
100
AcDbXrecord
1000
KFJi
  0
XRECORD
  5
100007EC
102
{ACAD_REACTORS
330
100007EA
102
}
330
100007EA
100
AcDbXrecord
1000
KFvh
  0
XRECORD
  5
100007EF
102
{ACAD_REACTORS
330
100007EE
102
}
330
100007EE
100
AcDbXrecord
1000
KFFi
  0
XRECORD
  5
100007F0
102
{ACAD_REACTORS
330
100007EE
102
}
330
100007EE
100
AcDbXrecord
1000
KFrh
  0
XRECORD
  5
100007F3
102
{ACAD_REACTORS
330
100007F2
102
}
330
100007F2
100
AcDbXrecord
1000
KFBi
  0
XRECORD
  5
100007F4
102
{ACAD_REACTORS
330
100007F2
102
}
330
100007F2
100
AcDbXrecord
1000
KFnh
  0
XRECORD
  5
100007F7
102
{ACAD_REACTORS
330
100007F6
102
}
330
100007F6
100
AcDbXrecord
1000
KF9h
  0
XRECORD
  5
100007F8
102
{ACAD_REACTORS
330
100007F6
102
}
330
100007F6
100
AcDbXrecord
1000
KFjh
  0
XRECORD
  5
100007FB
102
{ACAD_REACTORS
330
100007FA
102
}
330
100007FA
100
AcDbXrecord
1000
KF5h
  0
XRECORD
  5
100007FC
102
{ACAD_REACTORS
330
100007FA
102
}
330
100007FA
100
AcDbXrecord
1000
KFfh
  0
XRECORD
  5
100007FF
102
{ACAD_REACTORS
330
100007FE
102
}
330
100007FE
100
AcDbXrecord
1000
KF1h
  0
XRECORD
  5
10000800
102
{ACAD_REACTORS
330
100007FE
102
}
330
100007FE
100
AcDbXrecord
1000
KFbh
  0
XRECORD
  5
10000803
102
{ACAD_REACTORS
330
10000802
102
}
330
10000802
100
AcDbXrecord
1000
KFxh
  0
XRECORD
  5
10000804
102
{ACAD_REACTORS
330
10000802
102
}
330
10000802
100
AcDbXrecord
1000
KFXh
  0
XRECORD
  5
10000807
102
{ACAD_REACTORS
330
10000806
102
}
330
10000806
100
AcDbXrecord
1000
KFRG
  0
XRECORD
  5
10000808
102
{ACAD_REACTORS
330
10000806
102
}
330
10000806
100
AcDbXrecord
1000
KFjr
  0
XRECORD
  5
1000080B
102
{ACAD_REACTORS
330
1000080A
102
}
330
1000080A
100
AcDbXrecord
1000
KFth
  0
XRECORD
  5
1000080C
102
{ACAD_REACTORS
330
1000080A
102
}
330
1000080A
100
AcDbXrecord
1000
KFTh
  0
XRECORD
  5
1000080F
102
{ACAD_REACTORS
330
1000080E
102
}
330
1000080E
100
AcDbXrecord
1000
KFph
  0
XRECORD
  5
10000810
102
{ACAD_REACTORS
330
1000080E
102
}
330
1000080E
100
AcDbXrecord
1000
KFPh
  0
XRECORD
  5
10000813
102
{ACAD_REACTORS
330
10000812
102
}
330
10000812
100
AcDbXrecord
1000
KFlh
  0
XRECORD
  5
10000814
102
{ACAD_REACTORS
330
10000812
102
}
330
10000812
100
AcDbXrecord
1000
KFLh
  0
XRECORD
  5
10000817
102
{ACAD_REACTORS
330
10000816
102
}
330
10000816
100
AcDbXrecord
1000
KFhh
  0
XRECORD
  5
10000818
102
{ACAD_REACTORS
330
10000816
102
}
330
10000816
100
AcDbXrecord
1000
KFHh
  0
XRECORD
  5
1000081B
102
{ACAD_REACTORS
330
1000081A
102
}
330
1000081A
100
AcDbXrecord
1000
KFdh
  0
XRECORD
  5
1000081C
102
{ACAD_REACTORS
330
1000081A
102
}
330
1000081A
100
AcDbXrecord
1000
KFDh
  0
XRECORD
  5
1000081F
102
{ACAD_REACTORS
330
1000081E
102
}
330
1000081E
100
AcDbXrecord
1000
KFZh
  0
XRECORD
  5
10000820
102
{ACAD_REACTORS
330
1000081E
102
}
330
1000081E
100
AcDbXrecord
1000
KF/g
  0
XRECORD
  5
10000823
102
{ACAD_REACTORS
330
10000822
102
}
330
10000822
100
AcDbXrecord
1000
KFVh
  0
XRECORD
  5
10000824
102
{ACAD_REACTORS
330
10000822
102
}
330
10000822
100
AcDbXrecord
1000
KF7g
  0
XRECORD
  5
10000827
102
{ACAD_REACTORS
330
10000826
102
}
330
10000826
100
AcDbXrecord
1000
KFRh
  0
XRECORD
  5
10000828
102
{ACAD_REACTORS
330
10000826
102
}
330
10000826
100
AcDbXrecord
1000
KF3g
  0
XRECORD
  5
1000082B
102
{ACAD_REACTORS
330
1000082A
102
}
330
1000082A
100
AcDbXrecord
1000
KFNh
  0
XRECORD
  5
1000082C
102
{ACAD_REACTORS
330
1000082A
102
}
330
1000082A
100
AcDbXrecord
1000
KFzg
  0
XRECORD
  5
1000082F
102
{ACAD_REACTORS
330
1000082E
102
}
330
1000082E
100
AcDbXrecord
1000
KFJh
  0
XRECORD
  5
10000830
102
{ACAD_REACTORS
330
1000082E
102
}
330
1000082E
100
AcDbXrecord
1000
KFvg
  0
XRECORD
  5
10000833
102
{ACAD_REACTORS
330
10000832
102
}
330
10000832
100
AcDbXrecord
1000
KFFh
  0
XRECORD
  5
10000834
102
{ACAD_REACTORS
330
10000832
102
}
330
10000832
100
AcDbXrecord
1000
KFrg
  0
XRECORD
  5
10000837
102
{ACAD_REACTORS
330
10000836
102
}
330
10000836
100
AcDbXrecord
1000
KFBh
  0
XRECORD
  5
10000838
102
{ACAD_REACTORS
330
10000836
102
}
330
10000836
100
AcDbXrecord
1000
KFng
  0
XRECORD
  5
1000083B
102
{ACAD_REACTORS
330
1000083A
102
}
330
1000083A
100
AcDbXrecord
1000
KF9g
  0
XRECORD
  5
1000083C
102
{ACAD_REACTORS
330
1000083A
102
}
330
1000083A
100
AcDbXrecord
1000
KFjg
  0
XRECORD
  5
1000083F
102
{ACAD_REACTORS
330
1000083E
102
}
330
1000083E
100
AcDbXrecord
1000
KF5g
  0
XRECORD
  5
10000840
102
{ACAD_REACTORS
330
1000083E
102
}
330
1000083E
100
AcDbXrecord
1000
KFfg
  0
XRECORD
  5
10000843
102
{ACAD_REACTORS
330
10000842
102
}
330
10000842
100
AcDbXrecord
1000
KF1g
  0
XRECORD
  5
10000844
102
{ACAD_REACTORS
330
10000842
102
}
330
10000842
100
AcDbXrecord
1000
KFbg
  0
XRECORD
  5
10000847
102
{ACAD_REACTORS
330
10000846
102
}
330
10000846
100
AcDbXrecord
1000
KFxg
  0
XRECORD
  5
10000848
102
{ACAD_REACTORS
330
10000846
102
}
330
10000846
100
AcDbXrecord
1000
KFXg
  0
XRECORD
  5
1000084B
102
{ACAD_REACTORS
330
1000084A
102
}
330
1000084A
100
AcDbXrecord
1000
KFtg
  0
XRECORD
  5
1000084C
102
{ACAD_REACTORS
330
1000084A
102
}
330
1000084A
100
AcDbXrecord
1000
KFTg
  0
XRECORD
  5
1000084F
102
{ACAD_REACTORS
330
1000084E
102
}
330
1000084E
100
AcDbXrecord
1000
KFpg
  0
XRECORD
  5
10000850
102
{ACAD_REACTORS
330
1000084E
102
}
330
1000084E
100
AcDbXrecord
1000
KFPg
  0
XRECORD
  5
10000853
102
{ACAD_REACTORS
330
10000852
102
}
330
10000852
100
AcDbXrecord
1000
KFlg
  0
XRECORD
  5
10000854
102
{ACAD_REACTORS
330
10000852
102
}
330
10000852
100
AcDbXrecord
1000
KFLg
  0
XRECORD
  5
10000857
102
{ACAD_REACTORS
330
10000856
102
}
330
10000856
100
AcDbXrecord
1000
KFhg
  0
XRECORD
  5
10000858
102
{ACAD_REACTORS
330
10000856
102
}
330
10000856
100
AcDbXrecord
1000
KFHg
  0
XRECORD
  5
1000085B
102
{ACAD_REACTORS
330
1000085A
102
}
330
1000085A
100
AcDbXrecord
1000
KFdg
  0
XRECORD
  5
1000085C
102
{ACAD_REACTORS
330
1000085A
102
}
330
1000085A
100
AcDbXrecord
1000
KFDg
  0
XRECORD
  5
1000085F
102
{ACAD_REACTORS
330
1000085E
102
}
330
1000085E
100
AcDbXrecord
1000
KF5a
  0
XRECORD
  5
10000860
102
{ACAD_REACTORS
330
1000085E
102
}
330
1000085E
100
AcDbXrecord
1000
KFfa
  0
XRECORD
  5
10000863
102
{ACAD_REACTORS
330
10000862
102
}
330
10000862
100
AcDbXrecord
1000
KF1a
  0
XRECORD
  5
10000864
102
{ACAD_REACTORS
330
10000862
102
}
330
10000862
100
AcDbXrecord
1000
KFba
  0
XRECORD
  5
10000867
102
{ACAD_REACTORS
330
10000866
102
}
330
10000866
100
AcDbXrecord
1000
KFxa
  0
XRECORD
  5
10000868
102
{ACAD_REACTORS
330
10000866
102
}
330
10000866
100
AcDbXrecord
1000
KFXa
  0
XRECORD
  5
1000086B
102
{ACAD_REACTORS
330
1000086A
102
}
330
1000086A
100
AcDbXrecord
1000
KFta
  0
XRECORD
  5
1000086C
102
{ACAD_REACTORS
330
1000086A
102
}
330
1000086A
100
AcDbXrecord
1000
KFTa
  0
XRECORD
  5
1000086F
102
{ACAD_REACTORS
330
1000086E
102
}
330
1000086E
100
AcDbXrecord
1000
KFpa
  0
XRECORD
  5
10000870
102
{ACAD_REACTORS
330
1000086E
102
}
330
1000086E
100
AcDbXrecord
1000
KFPa
  0
XRECORD
  5
10000873
102
{ACAD_REACTORS
330
10000872
102
}
330
10000872
100
AcDbXrecord
1000
KFla
  0
XRECORD
  5
10000874
102
{ACAD_REACTORS
330
10000872
102
}
330
10000872
100
AcDbXrecord
1000
KFLa
  0
XRECORD
  5
10000877
102
{ACAD_REACTORS
330
10000876
102
}
330
10000876
100
AcDbXrecord
1000
KFha
  0
XRECORD
  5
10000878
102
{ACAD_REACTORS
330
10000876
102
}
330
10000876
100
AcDbXrecord
1000
KFHa
  0
XRECORD
  5
1000087B
102
{ACAD_REACTORS
330
1000087A
102
}
330
1000087A
100
AcDbXrecord
1000
KFda
  0
XRECORD
  5
1000087C
102
{ACAD_REACTORS
330
1000087A
102
}
330
1000087A
100
AcDbXrecord
1000
KFDa
  0
XRECORD
  5
1000087F
102
{ACAD_REACTORS
330
1000087E
102
}
330
1000087E
100
AcDbXrecord
1000
KFZa
  0
XRECORD
  5
10000880
102
{ACAD_REACTORS
330
1000087E
102
}
330
1000087E
100
AcDbXrecord
1000
KF/Z
  0
XRECORD
  5
10000883
102
{ACAD_REACTORS
330
10000882
102
}
330
10000882
100
AcDbXrecord
1000
KFVa
  0
XRECORD
  5
10000884
102
{ACAD_REACTORS
330
10000882
102
}
330
10000882
100
AcDbXrecord
1000
KF7Z
  0
XRECORD
  5
10000887
102
{ACAD_REACTORS
330
10000886
102
}
330
10000886
100
AcDbXrecord
1000
KFRa
  0
XRECORD
  5
10000888
102
{ACAD_REACTORS
330
10000886
102
}
330
10000886
100
AcDbXrecord
1000
KF3Z
  0
XRECORD
  5
1000088B
102
{ACAD_REACTORS
330
1000088A
102
}
330
1000088A
100
AcDbXrecord
1000
KFNa
  0
XRECORD
  5
1000088C
102
{ACAD_REACTORS
330
1000088A
102
}
330
1000088A
100
AcDbXrecord
1000
KFzZ
  0
XRECORD
  5
1000088F
102
{ACAD_REACTORS
330
1000088E
102
}
330
1000088E
100
AcDbXrecord
1000
KFJa
  0
XRECORD
  5
10000890
102
{ACAD_REACTORS
330
1000088E
102
}
330
1000088E
100
AcDbXrecord
1000
KFvZ
  0
XRECORD
  5
10000893
102
{ACAD_REACTORS
330
10000892
102
}
330
10000892
100
AcDbXrecord
1000
KFFa
  0
XRECORD
  5
10000894
102
{ACAD_REACTORS
330
10000892
102
}
330
10000892
100
AcDbXrecord
1000
KFrZ
  0
XRECORD
  5
10000897
102
{ACAD_REACTORS
330
10000896
102
}
330
10000896
100
AcDbXrecord
1000
KFBa
  0
XRECORD
  5
10000898
102
{ACAD_REACTORS
330
10000896
102
}
330
10000896
100
AcDbXrecord
1000
KFnZ
  0
XRECORD
  5
1000089B
102
{ACAD_REACTORS
330
1000089A
102
}
330
1000089A
100
AcDbXrecord
1000
KF9Z
  0
XRECORD
  5
1000089C
102
{ACAD_REACTORS
330
1000089A
102
}
330
1000089A
100
AcDbXrecord
1000
KFjZ
  0
XRECORD
  5
1000089F
102
{ACAD_REACTORS
330
1000089E
102
}
330
1000089E
100
AcDbXrecord
1000
KF5Z
  0
XRECORD
  5
100008A0
102
{ACAD_REACTORS
330
1000089E
102
}
330
1000089E
100
AcDbXrecord
1000
KFfZ
  0
XRECORD
  5
100008A3
102
{ACAD_REACTORS
330
100008A2
102
}
330
100008A2
100
AcDbXrecord
1000
KF1Z
  0
XRECORD
  5
100008A4
102
{ACAD_REACTORS
330
100008A2
102
}
330
100008A2
100
AcDbXrecord
1000
KFbZ
  0
XRECORD
  5
100008A7
102
{ACAD_REACTORS
330
100008A6
102
}
330
100008A6
100
AcDbXrecord
1000
KFxZ
  0
XRECORD
  5
100008A8
102
{ACAD_REACTORS
330
100008A6
102
}
330
100008A6
100
AcDbXrecord
1000
KFXZ
  0
XRECORD
  5
100008AB
102
{ACAD_REACTORS
330
100008AA
102
}
330
100008AA
100
AcDbXrecord
1000
KFtZ
  0
XRECORD
  5
100008AC
102
{ACAD_REACTORS
330
100008AA
102
}
330
100008AA
100
AcDbXrecord
1000
KFTZ
  0
XRECORD
  5
100008AF
102
{ACAD_REACTORS
330
100008AE
102
}
330
100008AE
100
AcDbXrecord
1000
KFpZ
  0
XRECORD
  5
100008B0
102
{ACAD_REACTORS
330
100008AE
102
}
330
100008AE
100
AcDbXrecord
1000
KFPZ
  0
XRECORD
  5
100008B3
102
{ACAD_REACTORS
330
100008B2
102
}
330
100008B2
100
AcDbXrecord
1000
KFlZ
  0
XRECORD
  5
100008B4
102
{ACAD_REACTORS
330
100008B2
102
}
330
100008B2
100
AcDbXrecord
1000
KFLZ
  0
XRECORD
  5
100008B7
102
{ACAD_REACTORS
330
100008B6
102
}
330
100008B6
100
AcDbXrecord
1000
KFhZ
  0
XRECORD
  5
100008B8
102
{ACAD_REACTORS
330
100008B6
102
}
330
100008B6
100
AcDbXrecord
1000
KFHZ
  0
XRECORD
  5
100008BB
102
{ACAD_REACTORS
330
100008BA
102
}
330
100008BA
100
AcDbXrecord
1000
KFdZ
  0
XRECORD
  5
100008BC
102
{ACAD_REACTORS
330
100008BA
102
}
330
100008BA
100
AcDbXrecord
1000
KFDZ
  0
XRECORD
  5
100008BF
102
{ACAD_REACTORS
330
100008BE
102
}
330
100008BE
100
AcDbXrecord
1000
KFZZ
  0
XRECORD
  5
100008C0
102
{ACAD_REACTORS
330
100008BE
102
}
330
100008BE
100
AcDbXrecord
1000
KF/Y
  0
XRECORD
  5
100008C3
102
{ACAD_REACTORS
330
100008C2
102
}
330
100008C2
100
AcDbXrecord
1000
KFVZ
  0
XRECORD
  5
100008C4
102
{ACAD_REACTORS
330
100008C2
102
}
330
100008C2
100
AcDbXrecord
1000
KF7Y
  0
XRECORD
  5
100008C7
102
{ACAD_REACTORS
330
100008C6
102
}
330
100008C6
100
AcDbXrecord
1000
KFRZ
  0
XRECORD
  5
100008C8
102
{ACAD_REACTORS
330
100008C6
102
}
330
100008C6
100
AcDbXrecord
1000
KF3Y
  0
XRECORD
  5
100008CB
102
{ACAD_REACTORS
330
100008CA
102
}
330
100008CA
100
AcDbXrecord
1000
KFNZ
  0
XRECORD
  5
100008CC
102
{ACAD_REACTORS
330
100008CA
102
}
330
100008CA
100
AcDbXrecord
1000
KFzY
  0
XRECORD
  5
100008CF
102
{ACAD_REACTORS
330
100008CE
102
}
330
100008CE
100
AcDbXrecord
1000
KFJZ
  0
XRECORD
  5
100008D0
102
{ACAD_REACTORS
330
100008CE
102
}
330
100008CE
100
AcDbXrecord
1000
KFvY
  0
XRECORD
  5
100008D3
102
{ACAD_REACTORS
330
100008D2
102
}
330
100008D2
100
AcDbXrecord
1000
KFFZ
  0
XRECORD
  5
100008D4
102
{ACAD_REACTORS
330
100008D2
102
}
330
100008D2
100
AcDbXrecord
1000
KFrY
  0
XRECORD
  5
100008D7
102
{ACAD_REACTORS
330
100008D6
102
}
330
100008D6
100
AcDbXrecord
1000
KFBZ
  0
XRECORD
  5
100008D8
102
{ACAD_REACTORS
330
100008D6
102
}
330
100008D6
100
AcDbXrecord
1000
KFnY
  0
XRECORD
  5
100008DB
102
{ACAD_REACTORS
330
100008DA
102
}
330
100008DA
100
AcDbXrecord
1000
KF9Y
  0
XRECORD
  5
100008DC
102
{ACAD_REACTORS
330
100008DA
102
}
330
100008DA
100
AcDbXrecord
1000
KFjY
  0
XRECORD
  5
100008DF
102
{ACAD_REACTORS
330
100008DE
102
}
330
100008DE
100
AcDbXrecord
1000
KF5Y
  0
XRECORD
  5
100008E0
102
{ACAD_REACTORS
330
100008DE
102
}
330
100008DE
100
AcDbXrecord
1000
KFfY
  0
XRECORD
  5
100008E3
102
{ACAD_REACTORS
330
100008E2
102
}
330
100008E2
100
AcDbXrecord
1000
KF1Y
  0
XRECORD
  5
100008E4
102
{ACAD_REACTORS
330
100008E2
102
}
330
100008E2
100
AcDbXrecord
1000
KFbY
  0
XRECORD
  5
100008E7
102
{ACAD_REACTORS
330
100008E6
102
}
330
100008E6
100
AcDbXrecord
1000
KFxY
  0
XRECORD
  5
100008E8
102
{ACAD_REACTORS
330
100008E6
102
}
330
100008E6
100
AcDbXrecord
1000
KFXY
  0
XRECORD
  5
100008EB
102
{ACAD_REACTORS
330
100008EA
102
}
330
100008EA
100
AcDbXrecord
1000
KFtY
  0
XRECORD
  5
100008EC
102
{ACAD_REACTORS
330
100008EA
102
}
330
100008EA
100
AcDbXrecord
1000
KFTY
  0
XRECORD
  5
100008EF
102
{ACAD_REACTORS
330
100008EE
102
}
330
100008EE
100
AcDbXrecord
1000
KFpY
  0
XRECORD
  5
100008F0
102
{ACAD_REACTORS
330
100008EE
102
}
330
100008EE
100
AcDbXrecord
1000
KFPY
  0
XRECORD
  5
100008F3
102
{ACAD_REACTORS
330
100008F2
102
}
330
100008F2
100
AcDbXrecord
1000
KFlY
  0
XRECORD
  5
100008F4
102
{ACAD_REACTORS
330
100008F2
102
}
330
100008F2
100
AcDbXrecord
1000
KFLY
  0
XRECORD
  5
100008F7
102
{ACAD_REACTORS
330
100008F6
102
}
330
100008F6
100
AcDbXrecord
1000
KFhY
  0
XRECORD
  5
100008F8
102
{ACAD_REACTORS
330
100008F6
102
}
330
100008F6
100
AcDbXrecord
1000
KFHY
  0
XRECORD
  5
100008FB
102
{ACAD_REACTORS
330
100008FA
102
}
330
100008FA
100
AcDbXrecord
1000
KFdY
  0
XRECORD
  5
100008FC
102
{ACAD_REACTORS
330
100008FA
102
}
330
100008FA
100
AcDbXrecord
1000
KFDY
  0
XRECORD
  5
100008FF
102
{ACAD_REACTORS
330
100008FE
102
}
330
100008FE
100
AcDbXrecord
1000
KFZY
  0
XRECORD
  5
10000900
102
{ACAD_REACTORS
330
100008FE
102
}
330
100008FE
100
AcDbXrecord
1000
KF/X
  0
XRECORD
  5
10000903
102
{ACAD_REACTORS
330
10000902
102
}
330
10000902
100
AcDbXrecord
1000
KFVY
  0
XRECORD
  5
10000904
102
{ACAD_REACTORS
330
10000902
102
}
330
10000902
100
AcDbXrecord
1000
KF7X
  0
XRECORD
  5
10000907
102
{ACAD_REACTORS
330
10000906
102
}
330
10000906
100
AcDbXrecord
1000
KFRY
  0
XRECORD
  5
10000908
102
{ACAD_REACTORS
330
10000906
102
}
330
10000906
100
AcDbXrecord
1000
KF3X
  0
XRECORD
  5
1000090B
102
{ACAD_REACTORS
330
1000090A
102
}
330
1000090A
100
AcDbXrecord
1000
KFNY
  0
XRECORD
  5
1000090C
102
{ACAD_REACTORS
330
1000090A
102
}
330
1000090A
100
AcDbXrecord
1000
KFzX
  0
XRECORD
  5
1000090F
102
{ACAD_REACTORS
330
1000090E
102
}
330
1000090E
100
AcDbXrecord
1000
KFJY
  0
XRECORD
  5
10000910
102
{ACAD_REACTORS
330
1000090E
102
}
330
1000090E
100
AcDbXrecord
1000
KFvX
  0
XRECORD
  5
10000913
102
{ACAD_REACTORS
330
10000912
102
}
330
10000912
100
AcDbXrecord
1000
KFFY
  0
XRECORD
  5
10000914
102
{ACAD_REACTORS
330
10000912
102
}
330
10000912
100
AcDbXrecord
1000
KFrX
  0
XRECORD
  5
10000917
102
{ACAD_REACTORS
330
10000916
102
}
330
10000916
100
AcDbXrecord
1000
KFBY
  0
XRECORD
  5
10000918
102
{ACAD_REACTORS
330
10000916
102
}
330
10000916
100
AcDbXrecord
1000
KFnX
  0
XRECORD
  5
1000091B
102
{ACAD_REACTORS
330
1000091A
102
}
330
1000091A
100
AcDbXrecord
1000
KF9X
  0
XRECORD
  5
1000091C
102
{ACAD_REACTORS
330
1000091A
102
}
330
1000091A
100
AcDbXrecord
1000
KFjX
  0
XRECORD
  5
1000091F
102
{ACAD_REACTORS
330
1000091E
102
}
330
1000091E
100
AcDbXrecord
1000
KF5X
  0
XRECORD
  5
10000920
102
{ACAD_REACTORS
330
1000091E
102
}
330
1000091E
100
AcDbXrecord
1000
KFfX
  0
XRECORD
  5
10000923
102
{ACAD_REACTORS
330
10000922
102
}
330
10000922
100
AcDbXrecord
1000
KF1X
  0
XRECORD
  5
10000924
102
{ACAD_REACTORS
330
10000922
102
}
330
10000922
100
AcDbXrecord
1000
KFbX
  0
XRECORD
  5
10000927
102
{ACAD_REACTORS
330
10000926
102
}
330
10000926
100
AcDbXrecord
1000
KFxX
  0
XRECORD
  5
10000928
102
{ACAD_REACTORS
330
10000926
102
}
330
10000926
100
AcDbXrecord
1000
KFXX
  0
XRECORD
  5
1000092B
102
{ACAD_REACTORS
330
1000092A
102
}
330
1000092A
100
AcDbXrecord
1000
KFtX
  0
XRECORD
  5
1000092C
102
{ACAD_REACTORS
330
1000092A
102
}
330
1000092A
100
AcDbXrecord
1000
KFTX
  0
XRECORD
  5
1000092F
102
{ACAD_REACTORS
330
1000092E
102
}
330
1000092E
100
AcDbXrecord
1000
KFpX
  0
XRECORD
  5
10000930
102
{ACAD_REACTORS
330
1000092E
102
}
330
1000092E
100
AcDbXrecord
1000
KFPX
  0
XRECORD
  5
10000933
102
{ACAD_REACTORS
330
10000932
102
}
330
10000932
100
AcDbXrecord
1000
KFlX
  0
XRECORD
  5
10000934
102
{ACAD_REACTORS
330
10000932
102
}
330
10000932
100
AcDbXrecord
1000
KFLX
  0
XRECORD
  5
10000937
102
{ACAD_REACTORS
330
10000936
102
}
330
10000936
100
AcDbXrecord
1000
KFVG
  0
XRECORD
  5
10000938
102
{ACAD_REACTORS
330
10000936
102
}
330
10000936
100
AcDbXrecord
1000
KFnr
  0
XRECORD
  5
1000093B
102
{ACAD_REACTORS
330
1000093A
102
}
330
1000093A
100
AcDbXrecord
1000
KFhX
  0
XRECORD
  5
1000093C
102
{ACAD_REACTORS
330
1000093A
102
}
330
1000093A
100
AcDbXrecord
1000
KFHX
  0
XRECORD
  5
1000093F
102
{ACAD_REACTORS
330
1000093E
102
}
330
1000093E
100
AcDbXrecord
1000
KFdX
  0
XRECORD
  5
10000940
102
{ACAD_REACTORS
330
1000093E
102
}
330
1000093E
100
AcDbXrecord
1000
KFDX
  0
XRECORD
  5
10000943
102
{ACAD_REACTORS
330
10000942
102
}
330
10000942
100
AcDbXrecord
1000
KFZX
  0
XRECORD
  5
10000944
102
{ACAD_REACTORS
330
10000942
102
}
330
10000942
100
AcDbXrecord
1000
KF/W
  0
XRECORD
  5
10000947
102
{ACAD_REACTORS
330
10000946
102
}
330
10000946
100
AcDbXrecord
1000
KFVX
  0
XRECORD
  5
10000948
102
{ACAD_REACTORS
330
10000946
102
}
330
10000946
100
AcDbXrecord
1000
KF7W
  0
XRECORD
  5
1000094B
102
{ACAD_REACTORS
330
1000094A
102
}
330
1000094A
100
AcDbXrecord
1000
KFRX
  0
XRECORD
  5
1000094C
102
{ACAD_REACTORS
330
1000094A
102
}
330
1000094A
100
AcDbXrecord
1000
KF3W
  0
XRECORD
  5
1000094F
102
{ACAD_REACTORS
330
1000094E
102
}
330
1000094E
100
AcDbXrecord
1000
KFNX
  0
XRECORD
  5
10000950
102
{ACAD_REACTORS
330
1000094E
102
}
330
1000094E
100
AcDbXrecord
1000
KFzW
  0
XRECORD
  5
10000953
102
{ACAD_REACTORS
330
10000952
102
}
330
10000952
100
AcDbXrecord
1000
KFJX
  0
XRECORD
  5
10000954
102
{ACAD_REACTORS
330
10000952
102
}
330
10000952
100
AcDbXrecord
1000
KFvW
  0
XRECORD
  5
10000957
102
{ACAD_REACTORS
330
10000956
102
}
330
10000956
100
AcDbXrecord
1000
KFFX
  0
XRECORD
  5
10000958
102
{ACAD_REACTORS
330
10000956
102
}
330
10000956
100
AcDbXrecord
1000
KFrW
  0
XRECORD
  5
1000095B
102
{ACAD_REACTORS
330
1000095A
102
}
330
1000095A
100
AcDbXrecord
1000
KFBX
  0
XRECORD
  5
1000095C
102
{ACAD_REACTORS
330
1000095A
102
}
330
1000095A
100
AcDbXrecord
1000
KFnW
  0
XRECORD
  5
1000095F
102
{ACAD_REACTORS
330
1000095E
102
}
330
1000095E
100
AcDbXrecord
1000
KF9W
  0
XRECORD
  5
10000960
102
{ACAD_REACTORS
330
1000095E
102
}
330
1000095E
100
AcDbXrecord
1000
KFjW
  0
XRECORD
  5
10000963
102
{ACAD_REACTORS
330
10000962
102
}
330
10000962
100
AcDbXrecord
1000
KF5W
  0
XRECORD
  5
10000964
102
{ACAD_REACTORS
330
10000962
102
}
330
10000962
100
AcDbXrecord
1000
KFfW
  0
XRECORD
  5
10000967
102
{ACAD_REACTORS
330
10000966
102
}
330
10000966
100
AcDbXrecord
1000
KF1W
  0
XRECORD
  5
10000968
102
{ACAD_REACTORS
330
10000966
102
}
330
10000966
100
AcDbXrecord
1000
KFbW
  0
XRECORD
  5
1000096B
102
{ACAD_REACTORS
330
1000096A
102
}
330
1000096A
100
AcDbXrecord
1000
KFxW
  0
XRECORD
  5
1000096C
102
{ACAD_REACTORS
330
1000096A
102
}
330
1000096A
100
AcDbXrecord
1000
KFXW
  0
XRECORD
  5
1000096F
102
{ACAD_REACTORS
330
1000096E
102
}
330
1000096E
100
AcDbXrecord
1000
KFtW
  0
XRECORD
  5
10000970
102
{ACAD_REACTORS
330
1000096E
102
}
330
1000096E
100
AcDbXrecord
1000
KFTW
  0
XRECORD
  5
10000973
102
{ACAD_REACTORS
330
10000972
102
}
330
10000972
100
AcDbXrecord
1000
KFpW
  0
XRECORD
  5
10000974
102
{ACAD_REACTORS
330
10000972
102
}
330
10000972
100
AcDbXrecord
1000
KFPW
  0
XRECORD
  5
10000977
102
{ACAD_REACTORS
330
10000976
102
}
330
10000976
100
AcDbXrecord
1000
KFlW
  0
XRECORD
  5
10000978
102
{ACAD_REACTORS
330
10000976
102
}
330
10000976
100
AcDbXrecord
1000
KFLW
  0
XRECORD
  5
1000097B
102
{ACAD_REACTORS
330
1000097A
102
}
330
1000097A
100
AcDbXrecord
1000
KFhW
  0
XRECORD
  5
1000097C
102
{ACAD_REACTORS
330
1000097A
102
}
330
1000097A
100
AcDbXrecord
1000
KFHW
  0
XRECORD
  5
1000097F
102
{ACAD_REACTORS
330
1000097E
102
}
330
1000097E
100
AcDbXrecord
1000
KFdW
  0
XRECORD
  5
10000980
102
{ACAD_REACTORS
330
1000097E
102
}
330
1000097E
100
AcDbXrecord
1000
KFDW
  0
XRECORD
  5
10000983
102
{ACAD_REACTORS
330
10000982
102
}
330
10000982
100
AcDbXrecord
1000
KFZW
  0
XRECORD
  5
10000984
102
{ACAD_REACTORS
330
10000982
102
}
330
10000982
100
AcDbXrecord
1000
KF/V
  0
XRECORD
  5
10000987
102
{ACAD_REACTORS
330
10000986
102
}
330
10000986
100
AcDbXrecord
1000
KFVW
  0
XRECORD
  5
10000988
102
{ACAD_REACTORS
330
10000986
102
}
330
10000986
100
AcDbXrecord
1000
KF7V
  0
XRECORD
  5
1000098B
102
{ACAD_REACTORS
330
1000098A
102
}
330
1000098A
100
AcDbXrecord
1000
KFRW
  0
XRECORD
  5
1000098C
102
{ACAD_REACTORS
330
1000098A
102
}
330
1000098A
100
AcDbXrecord
1000
KF3V
  0
XRECORD
  5
1000098F
102
{ACAD_REACTORS
330
1000098E
102
}
330
1000098E
100
AcDbXrecord
1000
KFNW
  0
XRECORD
  5
10000990
102
{ACAD_REACTORS
330
1000098E
102
}
330
1000098E
100
AcDbXrecord
1000
KFzV
  0
XRECORD
  5
10000993
102
{ACAD_REACTORS
330
10000992
102
}
330
10000992
100
AcDbXrecord
1000
KFJW
  0
XRECORD
  5
10000994
102
{ACAD_REACTORS
330
10000992
102
}
330
10000992
100
AcDbXrecord
1000
KFvV
  0
XRECORD
  5
10000997
102
{ACAD_REACTORS
330
10000996
102
}
330
10000996
100
AcDbXrecord
1000
KFFW
  0
XRECORD
  5
10000998
102
{ACAD_REACTORS
330
10000996
102
}
330
10000996
100
AcDbXrecord
1000
KFrV
  0
XRECORD
  5
1000099B
102
{ACAD_REACTORS
330
1000099A
102
}
330
1000099A
100
AcDbXrecord
1000
KFBW
  0
XRECORD
  5
1000099C
102
{ACAD_REACTORS
330
1000099A
102
}
330
1000099A
100
AcDbXrecord
1000
KFnV
  0
XRECORD
  5
1000099F
102
{ACAD_REACTORS
330
1000099E
102
}
330
1000099E
100
AcDbXrecord
1000
KF9V
  0
XRECORD
  5
100009A0
102
{ACAD_REACTORS
330
1000099E
102
}
330
1000099E
100
AcDbXrecord
1000
KFjV
  0
XRECORD
  5
100009A3
102
{ACAD_REACTORS
330
100009A2
102
}
330
100009A2
100
AcDbXrecord
1000
KF5V
  0
XRECORD
  5
100009A4
102
{ACAD_REACTORS
330
100009A2
102
}
330
100009A2
100
AcDbXrecord
1000
KFfV
  0
XRECORD
  5
100009A7
102
{ACAD_REACTORS
330
100009A6
102
}
330
100009A6
100
AcDbXrecord
1000
KF1V
  0
XRECORD
  5
100009A8
102
{ACAD_REACTORS
330
100009A6
102
}
330
100009A6
100
AcDbXrecord
1000
KFbV
  0
XRECORD
  5
100009AB
102
{ACAD_REACTORS
330
100009AA
102
}
330
100009AA
100
AcDbXrecord
1000
KFxV
  0
XRECORD
  5
100009AC
102
{ACAD_REACTORS
330
100009AA
102
}
330
100009AA
100
AcDbXrecord
1000
KFXV
  0
XRECORD
  5
100009AF
102
{ACAD_REACTORS
330
100009AE
102
}
330
100009AE
100
AcDbXrecord
1000
KFtV
  0
XRECORD
  5
100009B0
102
{ACAD_REACTORS
330
100009AE
102
}
330
100009AE
100
AcDbXrecord
1000
KFTV
  0
XRECORD
  5
100009B3
102
{ACAD_REACTORS
330
100009B2
102
}
330
100009B2
100
AcDbXrecord
1000
KFpV
  0
XRECORD
  5
100009B4
102
{ACAD_REACTORS
330
100009B2
102
}
330
100009B2
100
AcDbXrecord
1000
KFPV
  0
XRECORD
  5
100009B7
102
{ACAD_REACTORS
330
100009B6
102
}
330
100009B6
100
AcDbXrecord
1000
KFlV
  0
XRECORD
  5
100009B8
102
{ACAD_REACTORS
330
100009B6
102
}
330
100009B6
100
AcDbXrecord
1000
KFLV
  0
XRECORD
  5
100009BB
102
{ACAD_REACTORS
330
100009BA
102
}
330
100009BA
100
AcDbXrecord
1000
KFhV
  0
XRECORD
  5
100009BC
102
{ACAD_REACTORS
330
100009BA
102
}
330
100009BA
100
AcDbXrecord
1000
KFHV
  0
XRECORD
  5
100009BF
102
{ACAD_REACTORS
330
100009BE
102
}
330
100009BE
100
AcDbXrecord
1000
KFdV
  0
XRECORD
  5
100009C0
102
{ACAD_REACTORS
330
100009BE
102
}
330
100009BE
100
AcDbXrecord
1000
KFDV
  0
XRECORD
  5
100009C3
102
{ACAD_REACTORS
330
100009C2
102
}
330
100009C2
100
AcDbXrecord
1000
KFZV
  0
XRECORD
  5
100009C4
102
{ACAD_REACTORS
330
100009C2
102
}
330
100009C2
100
AcDbXrecord
1000
KF/U
  0
XRECORD
  5
100009C7
102
{ACAD_REACTORS
330
100009C6
102
}
330
100009C6
100
AcDbXrecord
1000
KFVV
  0
XRECORD
  5
100009C8
102
{ACAD_REACTORS
330
100009C6
102
}
330
100009C6
100
AcDbXrecord
1000
KF7U
  0
XRECORD
  5
100009CB
102
{ACAD_REACTORS
330
100009CA
102
}
330
100009CA
100
AcDbXrecord
1000
KFRV
  0
XRECORD
  5
100009CC
102
{ACAD_REACTORS
330
100009CA
102
}
330
100009CA
100
AcDbXrecord
1000
KF3U
  0
XRECORD
  5
100009CF
102
{ACAD_REACTORS
330
100009CE
102
}
330
100009CE
100
AcDbXrecord
1000
KFNV
  0
XRECORD
  5
100009D0
102
{ACAD_REACTORS
330
100009CE
102
}
330
100009CE
100
AcDbXrecord
1000
KFzU
  0
XRECORD
  5
100009D3
102
{ACAD_REACTORS
330
100009D2
102
}
330
100009D2
100
AcDbXrecord
1000
KFJV
  0
XRECORD
  5
100009D4
102
{ACAD_REACTORS
330
100009D2
102
}
330
100009D2
100
AcDbXrecord
1000
KFvU
  0
XRECORD
  5
100009D7
102
{ACAD_REACTORS
330
100009D6
102
}
330
100009D6
100
AcDbXrecord
1000
KFFV
  0
XRECORD
  5
100009D8
102
{ACAD_REACTORS
330
100009D6
102
}
330
100009D6
100
AcDbXrecord
1000
KFrU
  0
XRECORD
  5
100009DB
102
{ACAD_REACTORS
330
100009DA
102
}
330
100009DA
100
AcDbXrecord
1000
KFBV
  0
XRECORD
  5
100009DC
102
{ACAD_REACTORS
330
100009DA
102
}
330
100009DA
100
AcDbXrecord
1000
KFnU
  0
XRECORD
  5
100009DF
102
{ACAD_REACTORS
330
100009DE
102
}
330
100009DE
100
AcDbXrecord
1000
KF9U
  0
XRECORD
  5
100009E0
102
{ACAD_REACTORS
330
100009DE
102
}
330
100009DE
100
AcDbXrecord
1000
KFjU
  0
XRECORD
  5
100009E3
102
{ACAD_REACTORS
330
100009E2
102
}
330
100009E2
100
AcDbXrecord
1000
KF5U
  0
XRECORD
  5
100009E4
102
{ACAD_REACTORS
330
100009E2
102
}
330
100009E2
100
AcDbXrecord
1000
KFfU
  0
XRECORD
  5
100009E7
102
{ACAD_REACTORS
330
100009E6
102
}
330
100009E6
100
AcDbXrecord
1000
KF1U
  0
XRECORD
  5
100009E8
102
{ACAD_REACTORS
330
100009E6
102
}
330
100009E6
100
AcDbXrecord
1000
KFbU
  0
XRECORD
  5
100009EB
102
{ACAD_REACTORS
330
100009EA
102
}
330
100009EA
100
AcDbXrecord
1000
KFxU
  0
XRECORD
  5
100009EC
102
{ACAD_REACTORS
330
100009EA
102
}
330
100009EA
100
AcDbXrecord
1000
KFXU
  0
XRECORD
  5
100009EF
102
{ACAD_REACTORS
330
100009EE
102
}
330
100009EE
100
AcDbXrecord
1000
KFtU
  0
XRECORD
  5
100009F0
102
{ACAD_REACTORS
330
100009EE
102
}
330
100009EE
100
AcDbXrecord
1000
KFTU
  0
XRECORD
  5
100009F3
102
{ACAD_REACTORS
330
100009F2
102
}
330
100009F2
100
AcDbXrecord
1000
KFpU
  0
XRECORD
  5
100009F4
102
{ACAD_REACTORS
330
100009F2
102
}
330
100009F2
100
AcDbXrecord
1000
KFPU
  0
XRECORD
  5
100009F7
102
{ACAD_REACTORS
330
100009F6
102
}
330
100009F6
100
AcDbXrecord
1000
KFlU
  0
XRECORD
  5
100009F8
102
{ACAD_REACTORS
330
100009F6
102
}
330
100009F6
100
AcDbXrecord
1000
KFLU
  0
XRECORD
  5
100009FB
102
{ACAD_REACTORS
330
100009FA
102
}
330
100009FA
100
AcDbXrecord
1000
KFhU
  0
XRECORD
  5
100009FC
102
{ACAD_REACTORS
330
100009FA
102
}
330
100009FA
100
AcDbXrecord
1000
KFHU
  0
XRECORD
  5
100009FF
102
{ACAD_REACTORS
330
100009FE
102
}
330
100009FE
100
AcDbXrecord
1000
KFdU
  0
XRECORD
  5
10000A00
102
{ACAD_REACTORS
330
100009FE
102
}
330
100009FE
100
AcDbXrecord
1000
KFDU
  0
XRECORD
  5
10000A03
102
{ACAD_REACTORS
330
10000A02
102
}
330
10000A02
100
AcDbXrecord
1000
KFZU
  0
XRECORD
  5
10000A04
102
{ACAD_REACTORS
330
10000A02
102
}
330
10000A02
100
AcDbXrecord
1000
KF/T
  0
XRECORD
  5
10000A07
102
{ACAD_REACTORS
330
10000A06
102
}
330
10000A06
100
AcDbXrecord
1000
KFVU
  0
XRECORD
  5
10000A08
102
{ACAD_REACTORS
330
10000A06
102
}
330
10000A06
100
AcDbXrecord
1000
KF7T
  0
XRECORD
  5
10000A0B
102
{ACAD_REACTORS
330
10000A0A
102
}
330
10000A0A
100
AcDbXrecord
1000
KFRU
  0
XRECORD
  5
10000A0C
102
{ACAD_REACTORS
330
10000A0A
102
}
330
10000A0A
100
AcDbXrecord
1000
KF3T
  0
XRECORD
  5
10000A0F
102
{ACAD_REACTORS
330
10000A0E
102
}
330
10000A0E
100
AcDbXrecord
1000
KFNU
  0
XRECORD
  5
10000A10
102
{ACAD_REACTORS
330
10000A0E
102
}
330
10000A0E
100
AcDbXrecord
1000
KFzT
  0
XRECORD
  5
10000A13
102
{ACAD_REACTORS
330
10000A12
102
}
330
10000A12
100
AcDbXrecord
1000
KFJU
  0
XRECORD
  5
10000A14
102
{ACAD_REACTORS
330
10000A12
102
}
330
10000A12
100
AcDbXrecord
1000
KFvT
  0
XRECORD
  5
10000A17
102
{ACAD_REACTORS
330
10000A16
102
}
330
10000A16
100
AcDbXrecord
1000
KFFU
  0
XRECORD
  5
10000A18
102
{ACAD_REACTORS
330
10000A16
102
}
330
10000A16
100
AcDbXrecord
1000
KFrT
  0
XRECORD
  5
10000A1B
102
{ACAD_REACTORS
330
10000A1A
102
}
330
10000A1A
100
AcDbXrecord
1000
KFBU
  0
XRECORD
  5
10000A1C
102
{ACAD_REACTORS
330
10000A1A
102
}
330
10000A1A
100
AcDbXrecord
1000
KFnT
  0
XRECORD
  5
10000A1F
102
{ACAD_REACTORS
330
10000A1E
102
}
330
10000A1E
100
AcDbXrecord
1000
KF9T
  0
XRECORD
  5
10000A20
102
{ACAD_REACTORS
330
10000A1E
102
}
330
10000A1E
100
AcDbXrecord
1000
KFjT
  0
XRECORD
  5
10000A23
102
{ACAD_REACTORS
330
10000A22
102
}
330
10000A22
100
AcDbXrecord
1000
KF5T
  0
XRECORD
  5
10000A24
102
{ACAD_REACTORS
330
10000A22
102
}
330
10000A22
100
AcDbXrecord
1000
KFfT
  0
XRECORD
  5
10000A27
102
{ACAD_REACTORS
330
10000A26
102
}
330
10000A26
100
AcDbXrecord
1000
KF1T
  0
XRECORD
  5
10000A28
102
{ACAD_REACTORS
330
10000A26
102
}
330
10000A26
100
AcDbXrecord
1000
KFbT
  0
XRECORD
  5
10000A2B
102
{ACAD_REACTORS
330
10000A2A
102
}
330
10000A2A
100
AcDbXrecord
1000
KFxT
  0
XRECORD
  5
10000A2C
102
{ACAD_REACTORS
330
10000A2A
102
}
330
10000A2A
100
AcDbXrecord
1000
KFXT
  0
XRECORD
  5
10000A2F
102
{ACAD_REACTORS
330
10000A2E
102
}
330
10000A2E
100
AcDbXrecord
1000
KFtT
  0
XRECORD
  5
10000A30
102
{ACAD_REACTORS
330
10000A2E
102
}
330
10000A2E
100
AcDbXrecord
1000
KFTT
  0
XRECORD
  5
10000A33
102
{ACAD_REACTORS
330
10000A32
102
}
330
10000A32
100
AcDbXrecord
1000
KFpT
  0
XRECORD
  5
10000A34
102
{ACAD_REACTORS
330
10000A32
102
}
330
10000A32
100
AcDbXrecord
1000
KFPT
  0
XRECORD
  5
10000A37
102
{ACAD_REACTORS
330
10000A36
102
}
330
10000A36
100
AcDbXrecord
1000
KFlT
  0
XRECORD
  5
10000A38
102
{ACAD_REACTORS
330
10000A36
102
}
330
10000A36
100
AcDbXrecord
1000
KFLT
  0
XRECORD
  5
10000A3B
102
{ACAD_REACTORS
330
10000A3A
102
}
330
10000A3A
100
AcDbXrecord
1000
KFhT
  0
XRECORD
  5
10000A3C
102
{ACAD_REACTORS
330
10000A3A
102
}
330
10000A3A
100
AcDbXrecord
1000
KFHT
  0
XRECORD
  5
10000A3F
102
{ACAD_REACTORS
330
10000A3E
102
}
330
10000A3E
100
AcDbXrecord
1000
KFdT
  0
XRECORD
  5
10000A40
102
{ACAD_REACTORS
330
10000A3E
102
}
330
10000A3E
100
AcDbXrecord
1000
KFDT
  0
XRECORD
  5
10000A43
102
{ACAD_REACTORS
330
10000A42
102
}
330
10000A42
100
AcDbXrecord
1000
KFZT
  0
XRECORD
  5
10000A44
102
{ACAD_REACTORS
330
10000A42
102
}
330
10000A42
100
AcDbXrecord
1000
KF/S
  0
XRECORD
  5
10000A47
102
{ACAD_REACTORS
330
10000A46
102
}
330
10000A46
100
AcDbXrecord
1000
KFVT
  0
XRECORD
  5
10000A48
102
{ACAD_REACTORS
330
10000A46
102
}
330
10000A46
100
AcDbXrecord
1000
KF7S
  0
XRECORD
  5
10000A4B
102
{ACAD_REACTORS
330
10000A4A
102
}
330
10000A4A
100
AcDbXrecord
1000
KFRT
  0
XRECORD
  5
10000A4C
102
{ACAD_REACTORS
330
10000A4A
102
}
330
10000A4A
100
AcDbXrecord
1000
KF3S
  0
XRECORD
  5
10000A4F
102
{ACAD_REACTORS
330
10000A4E
102
}
330
10000A4E
100
AcDbXrecord
1000
KFNT
  0
XRECORD
  5
10000A50
102
{ACAD_REACTORS
330
10000A4E
102
}
330
10000A4E
100
AcDbXrecord
1000
KFzS
  0
XRECORD
  5
10000A53
102
{ACAD_REACTORS
330
10000A52
102
}
330
10000A52
100
AcDbXrecord
1000
KFJT
  0
XRECORD
  5
10000A54
102
{ACAD_REACTORS
330
10000A52
102
}
330
10000A52
100
AcDbXrecord
1000
KFvS
  0
XRECORD
  5
10000A57
102
{ACAD_REACTORS
330
10000A56
102
}
330
10000A56
100
AcDbXrecord
1000
KFFT
  0
XRECORD
  5
10000A58
102
{ACAD_REACTORS
330
10000A56
102
}
330
10000A56
100
AcDbXrecord
1000
KFrS
  0
XRECORD
  5
10000A5B
102
{ACAD_REACTORS
330
10000A5A
102
}
330
10000A5A
100
AcDbXrecord
1000
KFBT
  0
XRECORD
  5
10000A5C
102
{ACAD_REACTORS
330
10000A5A
102
}
330
10000A5A
100
AcDbXrecord
1000
KFnS
  0
XRECORD
  5
10000A5F
102
{ACAD_REACTORS
330
10000A5E
102
}
330
10000A5E
100
AcDbXrecord
1000
KF9S
  0
XRECORD
  5
10000A60
102
{ACAD_REACTORS
330
10000A5E
102
}
330
10000A5E
100
AcDbXrecord
1000
KFjS
  0
XRECORD
  5
10000A63
102
{ACAD_REACTORS
330
10000A62
102
}
330
10000A62
100
AcDbXrecord
1000
KF5S
  0
XRECORD
  5
10000A64
102
{ACAD_REACTORS
330
10000A62
102
}
330
10000A62
100
AcDbXrecord
1000
KFfS
  0
XRECORD
  5
10000A67
102
{ACAD_REACTORS
330
10000A66
102
}
330
10000A66
100
AcDbXrecord
1000
KF1S
  0
XRECORD
  5
10000A68
102
{ACAD_REACTORS
330
10000A66
102
}
330
10000A66
100
AcDbXrecord
1000
KFbS
  0
XRECORD
  5
10000A6B
102
{ACAD_REACTORS
330
10000A6A
102
}
330
10000A6A
100
AcDbXrecord
1000
KFxS
  0
XRECORD
  5
10000A6C
102
{ACAD_REACTORS
330
10000A6A
102
}
330
10000A6A
100
AcDbXrecord
1000
KFXS
  0
XRECORD
  5
10000A6F
102
{ACAD_REACTORS
330
10000A6E
102
}
330
10000A6E
100
AcDbXrecord
1000
KFtS
  0
XRECORD
  5
10000A70
102
{ACAD_REACTORS
330
10000A6E
102
}
330
10000A6E
100
AcDbXrecord
1000
KFTS
  0
XRECORD
  5
10000A73
102
{ACAD_REACTORS
330
10000A72
102
}
330
10000A72
100
AcDbXrecord
1000
KFpS
  0
XRECORD
  5
10000A74
102
{ACAD_REACTORS
330
10000A72
102
}
330
10000A72
100
AcDbXrecord
1000
KFPS
  0
XRECORD
  5
10000A77
102
{ACAD_REACTORS
330
10000A76
102
}
330
10000A76
100
AcDbXrecord
1000
KFlS
  0
XRECORD
  5
10000A78
102
{ACAD_REACTORS
330
10000A76
102
}
330
10000A76
100
AcDbXrecord
1000
KFLS
  0
XRECORD
  5
10000A7B
102
{ACAD_REACTORS
330
10000A7A
102
}
330
10000A7A
100
AcDbXrecord
1000
KFhS
  0
XRECORD
  5
10000A7C
102
{ACAD_REACTORS
330
10000A7A
102
}
330
10000A7A
100
AcDbXrecord
1000
KFHS
  0
XRECORD
  5
10000A7F
102
{ACAD_REACTORS
330
10000A7E
102
}
330
10000A7E
100
AcDbXrecord
1000
KFdS
  0
XRECORD
  5
10000A80
102
{ACAD_REACTORS
330
10000A7E
102
}
330
10000A7E
100
AcDbXrecord
1000
KFDS
  0
XRECORD
  5
10000A83
102
{ACAD_REACTORS
330
10000A82
102
}
330
10000A82
100
AcDbXrecord
1000
KFZS
  0
XRECORD
  5
10000A84
102
{ACAD_REACTORS
330
10000A82
102
}
330
10000A82
100
AcDbXrecord
1000
KF/R
  0
XRECORD
  5
10000A87
102
{ACAD_REACTORS
330
10000A86
102
}
330
10000A86
100
AcDbXrecord
1000
KFVS
  0
XRECORD
  5
10000A88
102
{ACAD_REACTORS
330
10000A86
102
}
330
10000A86
100
AcDbXrecord
1000
KF7R
  0
XRECORD
  5
10000A8B
102
{ACAD_REACTORS
330
10000A8A
102
}
330
10000A8A
100
AcDbXrecord
1000
KFRS
  0
XRECORD
  5
10000A8C
102
{ACAD_REACTORS
330
10000A8A
102
}
330
10000A8A
100
AcDbXrecord
1000
KF3R
  0
XRECORD
  5
10000A8F
102
{ACAD_REACTORS
330
10000A8E
102
}
330
10000A8E
100
AcDbXrecord
1000
KFNS
  0
XRECORD
  5
10000A90
102
{ACAD_REACTORS
330
10000A8E
102
}
330
10000A8E
100
AcDbXrecord
1000
KFzR
  0
XRECORD
  5
10000A93
102
{ACAD_REACTORS
330
10000A92
102
}
330
10000A92
100
AcDbXrecord
1000
KFJS
  0
XRECORD
  5
10000A94
102
{ACAD_REACTORS
330
10000A92
102
}
330
10000A92
100
AcDbXrecord
1000
KFvR
  0
XRECORD
  5
10000A97
102
{ACAD_REACTORS
330
10000A96
102
}
330
10000A96
100
AcDbXrecord
1000
KFFS
  0
XRECORD
  5
10000A98
102
{ACAD_REACTORS
330
10000A96
102
}
330
10000A96
100
AcDbXrecord
1000
KFrR
  0
XRECORD
  5
10000A9B
102
{ACAD_REACTORS
330
10000A9A
102
}
330
10000A9A
100
AcDbXrecord
1000
KFBS
  0
XRECORD
  5
10000A9C
102
{ACAD_REACTORS
330
10000A9A
102
}
330
10000A9A
100
AcDbXrecord
1000
KFnR
  0
XRECORD
  5
10000A9F
102
{ACAD_REACTORS
330
10000A9E
102
}
330
10000A9E
100
AcDbXrecord
1000
KF9R
  0
XRECORD
  5
10000AA0
102
{ACAD_REACTORS
330
10000A9E
102
}
330
10000A9E
100
AcDbXrecord
1000
KFjR
  0
XRECORD
  5
10000AA3
102
{ACAD_REACTORS
330
10000AA2
102
}
330
10000AA2
100
AcDbXrecord
1000
KF5R
  0
XRECORD
  5
10000AA4
102
{ACAD_REACTORS
330
10000AA2
102
}
330
10000AA2
100
AcDbXrecord
1000
KFfR
  0
XRECORD
  5
10000AA7
102
{ACAD_REACTORS
330
10000AA6
102
}
330
10000AA6
100
AcDbXrecord
1000
KF1R
  0
XRECORD
  5
10000AA8
102
{ACAD_REACTORS
330
10000AA6
102
}
330
10000AA6
100
AcDbXrecord
1000
KFbR
  0
XRECORD
  5
10000AAB
102
{ACAD_REACTORS
330
10000AAA
102
}
330
10000AAA
100
AcDbXrecord
1000
KFxR
  0
XRECORD
  5
10000AAC
102
{ACAD_REACTORS
330
10000AAA
102
}
330
10000AAA
100
AcDbXrecord
1000
KFXR
  0
XRECORD
  5
10000AAF
102
{ACAD_REACTORS
330
10000AAE
102
}
330
10000AAE
100
AcDbXrecord
1000
KFtR
  0
XRECORD
  5
10000AB0
102
{ACAD_REACTORS
330
10000AAE
102
}
330
10000AAE
100
AcDbXrecord
1000
KFTR
  0
XRECORD
  5
10000AB3
102
{ACAD_REACTORS
330
10000AB2
102
}
330
10000AB2
100
AcDbXrecord
1000
KFpR
  0
XRECORD
  5
10000AB4
102
{ACAD_REACTORS
330
10000AB2
102
}
330
10000AB2
100
AcDbXrecord
1000
KFPR
  0
XRECORD
  5
10000AB7
102
{ACAD_REACTORS
330
10000AB6
102
}
330
10000AB6
100
AcDbXrecord
1000
KFlR
  0
XRECORD
  5
10000AB8
102
{ACAD_REACTORS
330
10000AB6
102
}
330
10000AB6
100
AcDbXrecord
1000
KFLR
  0
XRECORD
  5
10000ABB
102
{ACAD_REACTORS
330
10000ABA
102
}
330
10000ABA
100
AcDbXrecord
1000
KFhR
  0
XRECORD
  5
10000ABC
102
{ACAD_REACTORS
330
10000ABA
102
}
330
10000ABA
100
AcDbXrecord
1000
KFHR
  0
XRECORD
  5
10000ABF
102
{ACAD_REACTORS
330
10000ABE
102
}
330
10000ABE
100
AcDbXrecord
1000
KFdR
  0
XRECORD
  5
10000AC0
102
{ACAD_REACTORS
330
10000ABE
102
}
330
10000ABE
100
AcDbXrecord
1000
KFDR
  0
XRECORD
  5
10000AC3
102
{ACAD_REACTORS
330
10000AC2
102
}
330
10000AC2
100
AcDbXrecord
1000
KFZR
  0
XRECORD
  5
10000AC4
102
{ACAD_REACTORS
330
10000AC2
102
}
330
10000AC2
100
AcDbXrecord
1000
KF/Q
  0
XRECORD
  5
10000AC7
102
{ACAD_REACTORS
330
10000AC6
102
}
330
10000AC6
100
AcDbXrecord
1000
KFVR
  0
XRECORD
  5
10000AC8
102
{ACAD_REACTORS
330
10000AC6
102
}
330
10000AC6
100
AcDbXrecord
1000
KF7Q
  0
XRECORD
  5
10000ACB
102
{ACAD_REACTORS
330
10000ACA
102
}
330
10000ACA
100
AcDbXrecord
1000
KFRR
  0
XRECORD
  5
10000ACC
102
{ACAD_REACTORS
330
10000ACA
102
}
330
10000ACA
100
AcDbXrecord
1000
KF3Q
  0
XRECORD
  5
10000ACF
102
{ACAD_REACTORS
330
10000ACE
102
}
330
10000ACE
100
AcDbXrecord
1000
KFNR
  0
XRECORD
  5
10000AD0
102
{ACAD_REACTORS
330
10000ACE
102
}
330
10000ACE
100
AcDbXrecord
1000
KFzQ
  0
XRECORD
  5
10000AD3
102
{ACAD_REACTORS
330
10000AD2
102
}
330
10000AD2
100
AcDbXrecord
1000
KFJR
  0
XRECORD
  5
10000AD4
102
{ACAD_REACTORS
330
10000AD2
102
}
330
10000AD2
100
AcDbXrecord
1000
KFvQ
  0
XRECORD
  5
10000AD7
102
{ACAD_REACTORS
330
10000AD6
102
}
330
10000AD6
100
AcDbXrecord
1000
KFFR
  0
XRECORD
  5
10000AD8
102
{ACAD_REACTORS
330
10000AD6
102
}
330
10000AD6
100
AcDbXrecord
1000
KFrQ
  0
XRECORD
  5
10000ADB
102
{ACAD_REACTORS
330
10000ADA
102
}
330
10000ADA
100
AcDbXrecord
1000
KFBR
  0
XRECORD
  5
10000ADC
102
{ACAD_REACTORS
330
10000ADA
102
}
330
10000ADA
100
AcDbXrecord
1000
KFnQ
  0
XRECORD
  5
10000ADF
102
{ACAD_REACTORS
330
10000ADE
102
}
330
10000ADE
100
AcDbXrecord
1000
KF9Q
  0
XRECORD
  5
10000AE0
102
{ACAD_REACTORS
330
10000ADE
102
}
330
10000ADE
100
AcDbXrecord
1000
KFjQ
  0
XRECORD
  5
10000AE3
102
{ACAD_REACTORS
330
10000AE2
102
}
330
10000AE2
100
AcDbXrecord
1000
KF5Q
  0
XRECORD
  5
10000AE4
102
{ACAD_REACTORS
330
10000AE2
102
}
330
10000AE2
100
AcDbXrecord
1000
KFfQ
  0
XRECORD
  5
10000AE7
102
{ACAD_REACTORS
330
10000AE6
102
}
330
10000AE6
100
AcDbXrecord
1000
KF1Q
  0
XRECORD
  5
10000AE8
102
{ACAD_REACTORS
330
10000AE6
102
}
330
10000AE6
100
AcDbXrecord
1000
KFbQ
  0
XRECORD
  5
10000AEB
102
{ACAD_REACTORS
330
10000AEA
102
}
330
10000AEA
100
AcDbXrecord
1000
KFxQ
  0
XRECORD
  5
10000AEC
102
{ACAD_REACTORS
330
10000AEA
102
}
330
10000AEA
100
AcDbXrecord
1000
KFXQ
  0
XRECORD
  5
10000AEF
102
{ACAD_REACTORS
330
10000AEE
102
}
330
10000AEE
100
AcDbXrecord
1000
KFtQ
  0
XRECORD
  5
10000AF0
102
{ACAD_REACTORS
330
10000AEE
102
}
330
10000AEE
100
AcDbXrecord
1000
KFTQ
  0
XRECORD
  5
10000AF3
102
{ACAD_REACTORS
330
10000AF2
102
}
330
10000AF2
100
AcDbXrecord
1000
KFpQ
  0
XRECORD
  5
10000AF4
102
{ACAD_REACTORS
330
10000AF2
102
}
330
10000AF2
100
AcDbXrecord
1000
KFPQ
  0
XRECORD
  5
10000AF7
102
{ACAD_REACTORS
330
10000AF6
102
}
330
10000AF6
100
AcDbXrecord
1000
KFlQ
  0
XRECORD
  5
10000AF8
102
{ACAD_REACTORS
330
10000AF6
102
}
330
10000AF6
100
AcDbXrecord
1000
KFLQ
  0
XRECORD
  5
10000AFB
102
{ACAD_REACTORS
330
10000AFA
102
}
330
10000AFA
100
AcDbXrecord
1000
KFhQ
  0
XRECORD
  5
10000AFC
102
{ACAD_REACTORS
330
10000AFA
102
}
330
10000AFA
100
AcDbXrecord
1000
KFHQ
  0
XRECORD
  5
10000AFF
102
{ACAD_REACTORS
330
10000AFE
102
}
330
10000AFE
100
AcDbXrecord
1000
KFdQ
  0
XRECORD
  5
10000B00
102
{ACAD_REACTORS
330
10000AFE
102
}
330
10000AFE
100
AcDbXrecord
1000
KFDQ
  0
XRECORD
  5
10000B03
102
{ACAD_REACTORS
330
10000B02
102
}
330
10000B02
100
AcDbXrecord
1000
KFZQ
  0
XRECORD
  5
10000B04
102
{ACAD_REACTORS
330
10000B02
102
}
330
10000B02
100
AcDbXrecord
1000
KF/P
  0
XRECORD
  5
10000B07
102
{ACAD_REACTORS
330
10000B06
102
}
330
10000B06
100
AcDbXrecord
1000
KFVQ
  0
XRECORD
  5
10000B08
102
{ACAD_REACTORS
330
10000B06
102
}
330
10000B06
100
AcDbXrecord
1000
KF7P
  0
MATERIAL
  5
45
102
{ACAD_REACTORS
330
43
102
}
102
{ACAD_XDICTIONARY
360
10000B3E
102
}
330
43
100
AcDbMaterial
  1
BYBLOCK
  0
MATERIAL
  5
44
102
{ACAD_REACTORS
330
43
102
}
102
{ACAD_XDICTIONARY
360
10000B3C
102
}
330
43
100
AcDbMaterial
  1
BYLAYER
  0
MATERIAL
  5
46
102
{ACAD_REACTORS
330
43
102
}
102
{ACAD_XDICTIONARY
360
10000B40
102
}
330
43
100
AcDbMaterial
  1
GLOBAL
  0
ACAD_PROXY_OBJECT
  5
5C
102
{ACAD_REACTORS
330
5B
102
}
330
5B
100
AcDbProxyObject
 90
      499
 91
      505
 93
      610
310
40901902A4063FBFFFFFE0000000000000020400000000000020404214DD185B99185C990000000000000104090141901A00000000000004100000000000000041025764000000000000039000
340
14
340
0
340
11
340
0
 94
        0
1001
ACAD_MLEADERVER
1070
     2
  0
MLINESTYLE
  5
18
102
{ACAD_REACTORS
330
17
102
}
330
17
100
AcDbMlineStyle
  2
Standard
 70
     0
  3

 62
   256
 51
90.0
 52
90.0
 71
     2
 49
0.5
 62
   256
  6
BYLAYER
 49
-0.5
 62
   256
  6
BYLAYER
  0
ACAD_PROXY_OBJECT
  5
10000023
102
{ACAD_REACTORS
330
47
102
}
330
47
100
AcDbProxyObject
 90
      499
 91
      503
 93
      121
310
9053130303A310000000000001650100
  0
ACAD_PROXY_OBJECT
  5
1000001D
102
{ACAD_REACTORS
330
47
102
}
330
47
100
AcDbProxyObject
 90
      499
 91
      503
 93
      113
310
90431303A310000000000000910100
  0
ACAD_PROXY_OBJECT
  5
1000001E
102
{ACAD_REACTORS
330
47
102
}
330
47
100
AcDbProxyObject
 90
      499
 91
      503
 93
      113
310
90431323A310000000000000A10100
  0
ACAD_PROXY_OBJECT
  5
1000001F
102
{ACAD_REACTORS
330
47
102
}
330
47
100
AcDbProxyObject
 90
      499
 91
      503
 93
      113
310
90431363A310000000000000C10100
  0
ACAD_PROXY_OBJECT
  5
10000006
102
{ACAD_REACTORS
330
47
102
}
330
47
100
AcDbProxyObject
 90
      499
 91
      503
 93
       41
310
903313A31500
  0
ACAD_PROXY_OBJECT
  5
1000000D
102
{ACAD_REACTORS
330
47
102
}
330
47
100
AcDbProxyObject
 90
      499
 91
      503
 93
      113
310
904313A31304000000000000244000
  0
ACAD_PROXY_OBJECT
  5
10000016
102
{ACAD_REACTORS
330
47
102
}
330
47
100
AcDbProxyObject
 90
      499
 91
      503
 93
      121
310
905313A3130304000000000000594000
  0
ACAD_PROXY_OBJECT
  5
1000000E
102
{ACAD_REACTORS
330
47
102
}
330
47
100
AcDbProxyObject
 90
      499
 91
      503
 93
      113
310
904313A31324000000000000284000
  0
ACAD_PROXY_OBJECT
  5
1000000F
102
{ACAD_REACTORS
330
47
102
}
330
47
100
AcDbProxyObject
 90
      499
 91
      503
 93
      113
310
904313A31364000000000000304000
  0
ACAD_PROXY_OBJECT
  5
10000007
102
{ACAD_REACTORS
330
47
102
}
330
47
100
AcDbProxyObject
 90
      499
 91
      503
 93
      105
310
903313A324000000000000004000
  0
ACAD_PROXY_OBJECT
  5
10000010
102
{ACAD_REACTORS
330
47
102
}
330
47
100
AcDbProxyObject
 90
      499
 91
      503
 93
      113
310
904313A32304000000000000344000
  0
ACAD_PROXY_OBJECT
  5
10000011
102
{ACAD_REACTORS
330
47
102
}
330
47
100
AcDbProxyObject
 90
      499
 91
      503
 93
      113
310
904313A32354000000000000394000
  0
ACAD_PROXY_OBJECT
  5
10000008
102
{ACAD_REACTORS
330
47
102
}
330
47
100
AcDbProxyObject
 90
      499
 91
      503
 93
      105
310
903313A334000000000000084000
  0
ACAD_PROXY_OBJECT
  5
10000012
102
{ACAD_REACTORS
330
47
102
}
330
47
100
AcDbProxyObject
 90
      499
 91
      503
 93
      113
310
904313A33324000000000000404000
  0
ACAD_PROXY_OBJECT
  5
10000009
102
{ACAD_REACTORS
330
47
102
}
330
47
100
AcDbProxyObject
 90
      499
 91
      503
 93
      105
310
903313A344000000000000104000
  0
ACAD_PROXY_OBJECT
  5
10000013
102
{ACAD_REACTORS
330
47
102
}
330
47
100
AcDbProxyObject
 90
      499
 91
      503
 93
      113
310
904313A34304000000000000444000
  0
ACAD_PROXY_OBJECT
  5
1000000A
102
{ACAD_REACTORS
330
47
102
}
330
47
100
AcDbProxyObject
 90
      499
 91
      503
 93
      105
310
903313A354000000000000144000
  0
ACAD_PROXY_OBJECT
  5
10000014
102
{ACAD_REACTORS
330
47
102
}
330
47
100
AcDbProxyObject
 90
      499
 91
      503
 93
      113
310
904313A35304000000000000494000
  0
ACAD_PROXY_OBJECT
  5
1000000B
102
{ACAD_REACTORS
330
47
102
}
330
47
100
AcDbProxyObject
 90
      499
 91
      503
 93
      105
310
903313A364000000000000184000
  0
ACAD_PROXY_OBJECT
  5
1000000C
102
{ACAD_REACTORS
330
47
102
}
330
47
100
AcDbProxyObject
 90
      499
 91
      503
 93
      105
310
903313A384000000000000204000
  0
ACAD_PROXY_OBJECT
  5
10000015
102
{ACAD_REACTORS
330
47
102
}
330
47
100
AcDbProxyObject
 90
      499
 91
      503
 93
      113
310
904313A38304000000000000544000
  0
ACAD_PROXY_OBJECT
  5
10000020
102
{ACAD_REACTORS
330
47
102
}
330
47
100
AcDbProxyObject
 90
      499
 91
      503
 93
      113
310
90432303A310000000000000D10100
  0
ACAD_PROXY_OBJECT
  5
10000017
102
{ACAD_REACTORS
330
47
102
}
330
47
100
AcDbProxyObject
 90
      499
 91
      503
 93
      105
310
903323A310000000000000010100
  0
ACAD_PROXY_OBJECT
  5
10000021
102
{ACAD_REACTORS
330
47
102
}
330
47
100
AcDbProxyObject
 90
      499
 91
      503
 93
      113
310
90433323A310000000000001010100
  0
ACAD_PROXY_OBJECT
  5
10000018
102
{ACAD_REACTORS
330
47
102
}
330
47
100
AcDbProxyObject
 90
      499
 91
      503
 93
      105
310
903333A310000000000000210100
  0
ACAD_PROXY_OBJECT
  5
10000019
102
{ACAD_REACTORS
330
47
102
}
330
47
100
AcDbProxyObject
 90
      499
 91
      503
 93
      105
310
903343A310000000000000410100
  0
ACAD_PROXY_OBJECT
  5
10000022
102
{ACAD_REACTORS
330
47
102
}
330
47
100
AcDbProxyObject
 90
      499
 91
      503
 93
      113
310
90435303A310000000000001250100
  0
ACAD_PROXY_OBJECT
  5
1000001A
102
{ACAD_REACTORS
330
47
102
}
330
47
100
AcDbProxyObject
 90
      499
 91
      503
 93
      105
310
903353A310000000000000510100
  0
ACAD_PROXY_OBJECT
  5
1000001B
102
{ACAD_REACTORS
330
47
102
}
330
47
100
AcDbProxyObject
 90
      499
 91
      503
 93
      105
310
903363A310000000000000610100
  0
ACAD_PROXY_OBJECT
  5
1000001C
102
{ACAD_REACTORS
330
47
102
}
330
47
100
AcDbProxyObject
 90
      499
 91
      503
 93
      105
310
903383A310000000000000810100
  0
ACAD_PROXY_OBJECT
  5
2F
102
{ACAD_REACTORS
330
2A
102
}
330
2A
100
AcDbProxyObject
 90
      499
 91
      501
 93
      436
310
42CC9915DA5C99599C985B595049028333333333333E33F0000000000000F90107901411070040501600405405064090741402480A0340
1001
ACAD
1000
AcDbSavedByObjectVersion
1070
     0
  0
ACAD_PROXY_OBJECT
  5
32
102
{ACAD_REACTORS
330
2A
102
}
330
2A
100
AcDbProxyObject
 90
      499
 91
      501
 93
      388
310
4150985CDA58D07406404333333333333E33F0000000000000F90107A41107004050150841D405064090741402480A0350
1001
ACAD
1000
AcDbSavedByObjectVersion
1070
     0
  0
ACAD_PROXY_OBJECT
  5
36
102
{ACAD_REACTORS
330
2A
102
}
330
2A
100
AcDbProxyObject
 90
      499
 91
      501
 93
      428
310
42109C9A59DA1D195B90C409028333333333333E33F0000000000000F9010790141107004050150841D405064090741402480A029950
1001
ACAD
1000
AcDbSavedByObjectVersion
1070
     0
  0
ACAD_PROXY_OBJECT
  5
3A
102
{ACAD_REACTORS
330
2A
102
}
330
2A
100
AcDbProxyObject
 90
      499
 91
      501
 93
      452
310
42D0DBDB1BDC90DA185B99D95104090240C333333333333E33F0000000000000F90108901411070040501508421405064090741402480A0350
1001
ACAD
1000
AcDbSavedByObjectVersion
1070
     0
  0
ACAD_PROXY_OBJECT
  5
34
102
{ACAD_REACTORS
330
2A
102
}
330
2A
100
AcDbProxyObject
 90
      499
 91
      501
 93
      500
310
4290DBDB98D95C1D1D585B10940D028333333333333E33F0000000000000F90107902409070040501000000000018199010841D405064090740C02480A0340
1001
ACAD
1000
AcDbSavedByObjectVersion
1070
     0
  0
ACAD_PROXY_OBJECT
  5
35
102
{ACAD_REACTORS
330
2A
102
}
330
2A
100
AcDbProxyObject
 90
      499
 91
      501
 93
      412
310
40D11A5B50B409028333333333333E33F0000000000000F9010790141107004050150841D405064090741402480A02677FFFFFD0
1001
ACAD
1000
AcDbSavedByObjectVersion
1070
     0
  0
ACAD_PROXY_OBJECT
  5
3D
102
{ACAD_REACTORS
330
2A
102
}
330
2A
100
AcDbProxyObject
 90
      499
 91
      501
 93
      452
310
43115919D950DBDB1BDC93D999916409028333333333333E33F0000000000000F9010790141107004050150841D405064090741402480A0350
1001
ACAD
1000
AcDbSavedByObjectVersion
1070
     0
  0
ACAD_PROXY_OBJECT
  5
39
102
{ACAD_REACTORS
330
2A
102
}
330
2A
100
AcDbProxyObject
 90
      499
 91
      501
 93
      444
310
42D19858D95C185D1D195C9B90F409028333333333333E33F0000000000000F9010790141107004050150841D405064090741402480A0350
1001
ACAD
1000
AcDbSavedByObjectVersion
1070
     0
  0
ACAD_PROXY_OBJECT
  5
2B
102
{ACAD_REACTORS
330
2A
102
}
330
2A
100
AcDbProxyObject
 90
      499
 91
      501
 93
      380
310
41119B185D240901404333333333333E33F0000000000000F9010740A907004050150841D405064090741402480A1B50
1001
ACAD
1000
AcDbSavedByObjectVersion
1070
     0
  0
ACAD_PROXY_OBJECT
  5
2C
102
{ACAD_REACTORS
330
2A
102
}
330
2A
100
AcDbProxyObject
 90
      499
 91
      501
 93
      468
310
43519B185D15DA5D1A115919D95CD0140901404333333333333E33F0000000000000F90107409019070040501600405405064090741402480A1B50
1001
ACAD
1000
AcDbSavedByObjectVersion
1070
     0
  0
ACAD_PROXY_OBJECT
  5
2D
102
{ACAD_REACTORS
330
2A
102
}
330
2A
100
AcDbProxyObject
 90
      499
 91
      501
 93
      404
310
41D1DBDD5C985D5910240902404333333333333E33F0000000000000F9010740A9070040501641D405064090741402480A1B50
1001
ACAD
1000
AcDbSavedByObjectVersion
1070
     0
  0
ACAD_PROXY_OBJECT
  5
2E
102
{ACAD_REACTORS
330
2A
102
}
330
2A
100
AcDbProxyObject
 90
      499
 91
      501
 93
      492
310
4411DBDD5C985D5915DA5D1A115919D95CD0340902404333333333333E33F0000000000000F90107409019070040501600405405064090741402480A1B50
1001
ACAD
1000
AcDbSavedByObjectVersion
1070
     0
  0
ACAD_PROXY_OBJECT
  5
31
102
{ACAD_REACTORS
330
2A
102
}
330
2A
100
AcDbProxyObject
 90
      499
 91
      501
 93
      476
310
41921A5919195B90640502408333333333333E33F0000000000000F901079024090700405020000000000001110200405405064090740C02480A0340
1001
ACAD
1000
AcDbSavedByObjectVersion
1070
     0
  0
ACAD_PROXY_OBJECT
  5
3B
102
{ACAD_REACTORS
330
2A
102
}
330
2A
100
AcDbProxyObject
 90
      499
 91
      501
 93
      428
310
42529A5D1D195C93D999914409028333333333333E33F0000000000000F9010790141107004050150A41D405064090741402480A0350
1001
ACAD
1000
AcDbSavedByObjectVersion
1070
     0
  0
ACAD_PROXY_OBJECT
  5
38
102
{ACAD_REACTORS
330
2A
102
}
330
2A
100
AcDbProxyObject
 90
      499
 91
      501
 93
      444
310
42D31A5B995C185D1D195C9B90E409028333333333333E33F0000000000000F9010790141107004050750841D405064090741402483A0350
1001
ACAD
1000
AcDbSavedByObjectVersion
1070
     0
  0
ACAD_PROXY_OBJECT
  5
3C
102
{ACAD_REACTORS
330
2A
102
}
330
2A
100
AcDbProxyObject
 90
      499
 91
      501
 93
      444
310
42D3DD995C9A185B99D3D999915409028333333333333E33F0000000000000F9010790141107004050150941D405064090741402480A0350
1001
ACAD
1000
AcDbSavedByObjectVersion
1070
     0
  0
ACAD_PROXY_OBJECT
  5
33
102
{ACAD_REACTORS
330
2A
102
}
330
2A
100
AcDbProxyObject
 90
      499
 91
      501
 93
      428
310
425499585B1A5CDD1A58D08409038333333333333E33F0000000000000F9010740A907004050150800405405064090740C02480A1B40
1001
ACAD
1000
AcDbSavedByObjectVersion
1070
     0
  0
ACAD_PROXY_OBJECT
  5
42
102
{ACAD_REACTORS
330
2A
102
}
330
2A
100
AcDbProxyObject
 90
      499
 91
      501
 93
      420
310
4194DA1859195911B40902404333333333333E33F0000000000000F9010740A41107004050150800405405064090840C02480A0B40
1001
ACAD
1000
AcDbSavedByObjectVersion
1070
     0
  0
ACAD_PROXY_OBJECT
  5
41
102
{ACAD_REACTORS
330
2A
102
}
330
2A
100
AcDbProxyObject
 90
      499
 91
      501
 93
      516
310
4454DA18591959081DDA5D1A08195919D95CD1A40902404333333333333E33F0000000000000F901074090142907004050250800405405064090740C02480A0B40
1001
ACAD
1000
AcDbSavedByObjectVersion
1070
     0
  0
ACAD_PROXY_OBJECT
  5
3E
102
{ACAD_REACTORS
330
2A
102
}
330
2A
100
AcDbProxyObject
 90
      499
 91
      501
 93
      532
310
4394DA1859195CC81BD98811DC985E5174090240C333333333333E33F0000000000000F901079024090741D01000000000000111010841D405064090740C02480A0340
1001
ACAD
1000
AcDbSavedByObjectVersion
1070
     0
  0
ACAD_PROXY_OBJECT
  5
3F
102
{ACAD_REACTORS
330
2A
102
}
330
2A
100
AcDbProxyObject
 90
      499
 91
      501
 93
      476
310
41D4DAD95D18DA1E51840502408333333333333E33F0000000000000F901079024090741D01000000000000111010B41D405064090741802480A0340
1001
ACAD
1000
AcDbSavedByObjectVersion
1070
     0
  0
ACAD_PROXY_OBJECT
  5
37
102
{ACAD_REACTORS
330
2A
102
}
330
2A
100
AcDbProxyObject
 90
      499
 91
      501
 93
      412
310
41D51A1A58DAD95B90D409028333333333333E33F0000000000000F9010790141107004050150C41D405064090741402480A0350
1001
ACAD
1000
AcDbSavedByObjectVersion
1070
     0
  0
ACAD_PROXY_OBJECT
  5
30
102
{ACAD_REACTORS
330
2A
102
}
330
2A
100
AcDbProxyObject
 90
      499
 91
      501
 93
      420
310
4255DA5C99599C985B595059028333333333333E33F0000000000000F90107901411070040501600405405064090740C02480A0340
1001
ACAD
1000
AcDbSavedByObjectVersion
1070
     0
  0
ACAD_PROXY_OBJECT
  5
40
102
{ACAD_REACTORS
330
2A
102
}
330
2A
100
AcDbProxyObject
 90
      499
 91
      501
 93
      404
310
41560B54985E51940902404000000000000E03F0000000000000F9010740501907004050150841D405064090740C02480A1B40
1001
ACAD
1000
AcDbSavedByObjectVersion
1070
     0
  0
XRECORD
  5
10000B15
102
{ACAD_REACTORS
330
10000B0B
102
}
330
10000B0B
100
AcDbXrecord
340
0
  0
XRECORD
  5
10000B14
102
{ACAD_REACTORS
330
10000B0B
102
}
330
10000B0B
100
AcDbXrecord
 90
        0
  0
XRECORD
  5
10000B2B
102
{ACAD_REACTORS
330
10000B0B
102
}
330
10000B0B
100
AcDbXrecord
1000
DSTYLE
1002
{
1070
   340
340
11
1002
}
  0
XRECORD
  5
10000B16
102
{ACAD_REACTORS
330
10000B0B
102
}
330
10000B0B
100
AcDbXrecord
  1
{e57179f6-3635-b878-3973-733676777173}
  0
XRECORD
  5
10000B0E
102
{ACAD_REACTORS
330
10000B0B
102
}
330
10000B0B
100
AcDbXrecord
  1

  0
XRECORD
  5
10000B13
102
{ACAD_REACTORS
330
10000B0B
102
}
330
10000B0B
100
AcDbXrecord
 90
        4
  0
XRECORD
  5
10000B10
102
{ACAD_REACTORS
330
10000B0B
102
}
330
10000B0B
100
AcDbXrecord
340
1A
  0
XRECORD
  5
10000B12
102
{ACAD_REACTORS
330
10000B0B
102
}
330
10000B0B
100
AcDbXrecord
 90
    10781
  0
XRECORD
  5
10000B11
102
{ACAD_REACTORS
330
10000B0B
102
}
330
10000B0B
100
AcDbXrecord
340
19
  0
XRECORD
  5
10000B18
102
{ACAD_REACTORS
330
10000B0B
102
}
330
10000B0B
100
AcDbXrecord
 40
0.0
  0
XRECORD
  5
10000B1B
102
{ACAD_REACTORS
330
10000B0B
102
}
330
10000B0B
100
AcDbXrecord
340
0
  0
XRECORD
  5
10000B21
102
{ACAD_REACTORS
330
10000B0B
102
}
330
10000B0B
100
AcDbXrecord
 10
0.0
 20
0.0
 30
0.0
  0
XRECORD
  5
10000B1D
102
{ACAD_REACTORS
330
10000B0B
102
}
330
10000B0B
100
AcDbXrecord
 10
0.0
 20
0.0
 30
0.0
  0
XRECORD
  5
10000B20
102
{ACAD_REACTORS
330
10000B0B
102
}
330
10000B0B
100
AcDbXrecord
 10
0.0
 20
0.0
 30
0.0
  0
XRECORD
  5
10000B1E
102
{ACAD_REACTORS
330
10000B0B
102
}
330
10000B0B
100
AcDbXrecord
 10
0.0
 20
0.0
 30
0.0
  0
XRECORD
  5
10000B1F
102
{ACAD_REACTORS
330
10000B0B
102
}
330
10000B0B
100
AcDbXrecord
 10
0.0
 20
0.0
 30
0.0
  0
XRECORD
  5
10000B1C
102
{ACAD_REACTORS
330
10000B0B
102
}
330
10000B0B
100
AcDbXrecord
 10
0.0
 20
0.0
 30
0.0
  0
XRECORD
  5
10000B19
102
{ACAD_REACTORS
330
10000B0B
102
}
330
10000B0B
100
AcDbXrecord
340
0
  0
XRECORD
  5
10000B1A
102
{ACAD_REACTORS
330
10000B0B
102
}
330
10000B0B
100
AcDbXrecord
 70
     0
  0
XRECORD
  5
10000B0F
102
{ACAD_REACTORS
330
10000B0B
102
}
330
10000B0B
100
AcDbXrecord
  1

  0
XRECORD
  5
10000B0C
102
{ACAD_REACTORS
330
10000B0B
102
}
330
10000B0B
100
AcDbXrecord
 90
        1
  0
XRECORD
  5
10000B0D
102
{ACAD_REACTORS
330
10000B0B
102
}
330
10000B0B
100
AcDbXrecord
 90
       70
  0
XRECORD
  5
10000B24
102
{ACAD_REACTORS
330
10000B0B
102
}
330
10000B0B
100
AcDbXrecord
340
0
  0
XRECORD
  5
10000B2A
102
{ACAD_REACTORS
330
10000B0B
102
}
330
10000B0B
100
AcDbXrecord
 10
0.0
 20
0.0
 30
0.0
  0
XRECORD
  5
10000B26
102
{ACAD_REACTORS
330
10000B0B
102
}
330
10000B0B
100
AcDbXrecord
 10
0.0
 20
0.0
 30
0.0
  0
XRECORD
  5
10000B29
102
{ACAD_REACTORS
330
10000B0B
102
}
330
10000B0B
100
AcDbXrecord
 10
0.0
 20
0.0
 30
0.0
  0
XRECORD
  5
10000B27
102
{ACAD_REACTORS
330
10000B0B
102
}
330
10000B0B
100
AcDbXrecord
 10
0.0
 20
0.0
 30
0.0
  0
XRECORD
  5
10000B28
102
{ACAD_REACTORS
330
10000B0B
102
}
330
10000B0B
100
AcDbXrecord
 10
0.0
 20
0.0
 30
0.0
  0
XRECORD
  5
10000B25
102
{ACAD_REACTORS
330
10000B0B
102
}
330
10000B0B
100
AcDbXrecord
 10
0.0
 20
0.0
 30
0.0
  0
XRECORD
  5
10000B22
102
{ACAD_REACTORS
330
10000B0B
102
}
330
10000B0B
100
AcDbXrecord
340
0
  0
XRECORD
  5
10000B23
102
{ACAD_REACTORS
330
10000B0B
102
}
330
10000B0B
100
AcDbXrecord
 70
     0
  0
XRECORD
  5
10000B17
102
{ACAD_REACTORS
330
10000B0B
102
}
330
10000B0B
100
AcDbXrecord
  1
{FAEB1C32-E019-11D5-929B-00C0DF256EC4}
  0
DICTIONARYVAR
  5
10000B3A
102
{ACAD_REACTORS
330
10000B2C
102
}
330
10000B2C
100
DictionaryVariables
280
     0
  1
1:1
  0
DICTIONARYVAR
  5
10000B33
102
{ACAD_REACTORS
330
10000B2C
102
}
330
10000B2C
100
DictionaryVariables
280
     0
  1
3.500000
  0
DICTIONARYVAR
  5
10000B34
102
{ACAD_REACTORS
330
10000B2C
102
}
330
10000B2C
100
DictionaryVariables
280
     0
  1
acadiso.lin
  0
DICTIONARYVAR
  5
10000B2E
102
{ACAD_REACTORS
330
10000B2C
102
}
330
10000B2C
100
DictionaryVariables
280
     0
  1
Standard
  0
DICTIONARYVAR
  5
10000B2D
102
{ACAD_REACTORS
330
10000B2C
102
}
330
10000B2C
100
DictionaryVariables
280
     0
  1
Standard
  0
DICTIONARYVAR
  5
10000B35
102
{ACAD_REACTORS
330
10000B2C
102
}
330
10000B2C
100
DictionaryVariables
280
     0
  1
2
  0
DICTIONARYVAR
  5
10000B36
102
{ACAD_REACTORS
330
10000B2C
102
}
330
10000B2C
100
DictionaryVariables
280
     0
  1
1
  0
DICTIONARYVAR
  5
10000B3B
102
{ACAD_REACTORS
330
10000B2C
102
}
330
10000B2C
100
DictionaryVariables
280
     0
  1
1
  0
DICTIONARYVAR
  5
10000B30
102
{ACAD_REACTORS
330
10000B2C
102
}
330
10000B2C
100
DictionaryVariables
280
     0
  1
80.000000
  0
DICTIONARYVAR
  5
10000B2F
102
{ACAD_REACTORS
330
10000B2C
102
}
330
10000B2C
100
DictionaryVariables
280
     0
  1
5.000000
  0
XRECORD
  5
10000003
102
{ACAD_REACTORS
330
10000001
102
}
330
10000001
100
AcDbXrecord
 70
     4
  0
XRECORD
  5
10000002
102
{ACAD_REACTORS
330
10000001
102
}
330
10000001
100
AcDbXrecord
1040
89.0
  0
ACAD_PROXY_OBJECT
  5
10000005
102
{ACAD_REACTORS
330
10000001
102
}
330
10000001
100
AcDbProxyObject
 90
      499
 91
      509
 93
       34
310
40C8804040
  0
DICTIONARY
  5
10000B3E
330
45
100
AcDbDictionary
280
     1
  3
ACAD_XREC_ROUNDTRIP
360
10000B3F
  0
DICTIONARY
  5
10000B3C
330
44
100
AcDbDictionary
280
     1
  3
ACAD_XREC_ROUNDTRIP
360
10000B3D
  0
DICTIONARY
  5
10000B40
330
46
100
AcDbDictionary
280
     1
  3
ACAD_XREC_ROUNDTRIP
360
10000B41
  0
XRECORD
  5
10000B3F
102
{ACAD_REACTORS
330
10000B3E
102
}
330
10000B3E
100
AcDbXrecord
102
MATERIAL
148
0.0
149
0.0
149
0.0
 93
        0
 94
      127
282
     0
 72
     1
 77
     1
171
     1
175
     1
179
     1
273
     0
  0
XRECORD
  5
10000B3D
102
{ACAD_REACTORS
330
10000B3C
102
}
330
10000B3C
100
AcDbXrecord
102
MATERIAL
148
0.0
149
0.0
149
0.0
 93
        0
 94
      127
282
     0
 72
     1
 77
     1
171
     1
175
     1
179
     1
273
     0
  0
XRECORD
  5
10000B41
102
{ACAD_REACTORS
330
10000B40
102
}
330
10000B40
100
AcDbXrecord
102
MATERIAL
148
0.0
149
0.0
149
0.0
 93
        0
 94
      127
282
     0
 72
     1
 77
     1
171
     1
175
     1
179
     1
273
     0
  0
ENDSEC
  0
EOF
