ISO-10303-21;
HEADER;
/* Generated by software containing ST-Developer
 * from STEP Tools, Inc. (www.steptools.com) 
 */
/* OPTION: using custom renumber hook */

FILE_DESCRIPTION(
/* description */ ('STEP AP242 Edition 2',
'CAx-IF Rec.Pracs.---Representation and Presentation of Product Manufa
cturing Information (PMI)---4.0---2014-10-13',
'CAx-IF Rec.Pracs.---3D Tessellated Geometry---0.4---2014-09-14','2;1',
'CAx-IF Rec.Pracs.---User Defined Attributes---1.5---2016-08-15'),
/* implementation_level */ '2;1');

FILE_NAME(
/* name */ 'reset',
/* time_stamp */ '2026-08-11T22:57:24Z',
/* author */ (''),
/* organization */ (''),
/* preprocessor_version */ 'ST-DEVELOPER v20',
/* originating_system */ 'ONSHAPE BY PTC INC, 1.219',
/* authorisation */ '  ');

FILE_SCHEMA (('AP242_MANAGED_MODEL_BASED_3D_ENGINEERING_MIM_LF { 1 0 10303 442 3 1 4 }'));
ENDSEC;

DATA;
#10=SHAPE_REPRESENTATION_RELATIONSHIP('','',#1773,#11);
#11=ADVANCED_BREP_SHAPE_REPRESENTATION('',(#1771),#3171);
#12=CYLINDRICAL_SURFACE('',#1818,0.00196269920083095);
#13=CYLINDRICAL_SURFACE('',#1820,0.000224186533915984);
#14=CYLINDRICAL_SURFACE('',#1822,0.000183398505142778);
#15=CYLINDRICAL_SURFACE('',#1825,0.000585485691621606);
#16=CYLINDRICAL_SURFACE('',#1827,0.000468613706708721);
#17=CYLINDRICAL_SURFACE('',#1829,0.00269006746184847);
#18=CYLINDRICAL_SURFACE('',#1831,0.000240180676783079);
#19=CYLINDRICAL_SURFACE('',#1833,0.000209618462771216);
#20=CYLINDRICAL_SURFACE('',#1836,0.000532987551019839);
#21=CYLINDRICAL_SURFACE('',#1838,0.000436975859417728);
#22=CYLINDRICAL_SURFACE('',#1841,0.000353612384272849);
#23=CYLINDRICAL_SURFACE('',#1845,0.000349581068737674);
#24=CYLINDRICAL_SURFACE('',#1847,0.000349581068737662);
#25=CYLINDRICAL_SURFACE('',#1850,0.000349581068717584);
#26=CYLINDRICAL_SURFACE('',#1852,0.000349581068737664);
#27=CYLINDRICAL_SURFACE('',#1856,0.000355304646024513);
#28=CYLINDRICAL_SURFACE('',#1858,0.000338187809365922);
#29=CYLINDRICAL_SURFACE('',#1861,0.000349581068737662);
#30=CYLINDRICAL_SURFACE('',#1863,0.00034958106873766);
#31=CYLINDRICAL_SURFACE('',#1866,0.000347934676590567);
#32=CYLINDRICAL_SURFACE('',#1868,0.0003503631046889);
#33=CYLINDRICAL_SURFACE('',#1871,0.000338925931254239);
#34=CYLINDRICAL_SURFACE('',#1874,0.000347934676590568);
#35=CYLINDRICAL_SURFACE('',#1877,0.000339275325125148);
#36=CYLINDRICAL_SURFACE('',#1879,0.000355304646014199);
#37=CYLINDRICAL_SURFACE('',#1882,4.98948564038707E-5);
#38=CYLINDRICAL_SURFACE('',#1886,0.000513189927938375);
#39=CYLINDRICAL_SURFACE('',#1888,0.000515549848973613);
#40=CYLINDRICAL_SURFACE('',#1891,0.000230841098823955);
#41=CYLINDRICAL_SURFACE('',#1893,0.000238655544695415);
#42=CYLINDRICAL_SURFACE('',#1896,1.11811636798149E-5);
#43=CYLINDRICAL_SURFACE('',#1898,5.20560300050838E-6);
#44=CYLINDRICAL_SURFACE('',#1900,0.00130507996353144);
#45=CYLINDRICAL_SURFACE('',#1902,0.0112634935509751);
#46=CYLINDRICAL_SURFACE('',#1904,0.000361816594259946);
#47=CYLINDRICAL_SURFACE('',#1906,0.000416051734325339);
#48=CYLINDRICAL_SURFACE('',#1910,6.10888632510025E-5);
#49=CYLINDRICAL_SURFACE('',#1913,0.00271351113653192);
#50=CYLINDRICAL_SURFACE('',#1917,0.000350363104688904);
#51=B_SPLINE_SURFACE_WITH_KNOTS('',3,1,((#2576,#2577),(#2578,#2579),(#2580,
#2581),(#2582,#2583)),.SURF_OF_LINEAR_EXTRUSION.,.F.,.F.,.F.,(4,4),(2,2),
(0.,1.),(0.,1.),.PIECEWISE_BEZIER_KNOTS.);
#52=B_SPLINE_SURFACE_WITH_KNOTS('',3,1,((#2591,#2592),(#2593,#2594),(#2595,
#2596),(#2597,#2598)),.SURF_OF_LINEAR_EXTRUSION.,.F.,.F.,.F.,(4,4),(2,2),
(0.,1.),(0.,1.),.PIECEWISE_BEZIER_KNOTS.);
#53=B_SPLINE_SURFACE_WITH_KNOTS('',3,1,((#2604,#2605),(#2606,#2607),(#2608,
#2609),(#2610,#2611)),.SURF_OF_LINEAR_EXTRUSION.,.F.,.F.,.F.,(4,4),(2,2),
(0.,1.),(0.,1.),.PIECEWISE_BEZIER_KNOTS.);
#54=B_SPLINE_SURFACE_WITH_KNOTS('',3,1,((#2617,#2618),(#2619,#2620),(#2621,
#2622),(#2623,#2624)),.SURF_OF_LINEAR_EXTRUSION.,.F.,.F.,.F.,(4,4),(2,2),
(0.,1.),(0.,1.),.PIECEWISE_BEZIER_KNOTS.);
#55=B_SPLINE_SURFACE_WITH_KNOTS('',3,1,((#2654,#2655),(#2656,#2657),(#2658,
#2659),(#2660,#2661)),.SURF_OF_LINEAR_EXTRUSION.,.F.,.F.,.F.,(4,4),(2,2),
(0.,1.),(0.,1.),.PIECEWISE_BEZIER_KNOTS.);
#56=B_SPLINE_SURFACE_WITH_KNOTS('',3,1,((#2667,#2668),(#2669,#2670),(#2671,
#2672),(#2673,#2674)),.SURF_OF_LINEAR_EXTRUSION.,.F.,.F.,.F.,(4,4),(2,2),
(0.,1.),(0.,1.),.PIECEWISE_BEZIER_KNOTS.);
#57=B_SPLINE_SURFACE_WITH_KNOTS('',3,1,((#2680,#2681),(#2682,#2683),(#2684,
#2685),(#2686,#2687)),.SURF_OF_LINEAR_EXTRUSION.,.F.,.F.,.F.,(4,4),(2,2),
(0.,1.),(0.,1.),.PIECEWISE_BEZIER_KNOTS.);
#58=B_SPLINE_SURFACE_WITH_KNOTS('',3,1,((#2693,#2694),(#2695,#2696),(#2697,
#2698),(#2699,#2700)),.SURF_OF_LINEAR_EXTRUSION.,.F.,.F.,.F.,(4,4),(2,2),
(0.,1.),(0.,1.),.PIECEWISE_BEZIER_KNOTS.);
#59=B_SPLINE_SURFACE_WITH_KNOTS('',3,1,((#2706,#2707),(#2708,#2709),(#2710,
#2711),(#2712,#2713)),.SURF_OF_LINEAR_EXTRUSION.,.F.,.F.,.F.,(4,4),(2,2),
(0.,1.),(0.,1.),.PIECEWISE_BEZIER_KNOTS.);
#60=B_SPLINE_SURFACE_WITH_KNOTS('',3,1,((#2719,#2720),(#2721,#2722),(#2723,
#2724),(#2725,#2726)),.SURF_OF_LINEAR_EXTRUSION.,.F.,.F.,.F.,(4,4),(2,2),
(0.,1.),(0.,1.),.PIECEWISE_BEZIER_KNOTS.);
#61=B_SPLINE_SURFACE_WITH_KNOTS('',3,1,((#2732,#2733),(#2734,#2735),(#2736,
#2737),(#2738,#2739)),.SURF_OF_LINEAR_EXTRUSION.,.F.,.F.,.F.,(4,4),(2,2),
(0.,1.),(0.,1.),.PIECEWISE_BEZIER_KNOTS.);
#62=B_SPLINE_SURFACE_WITH_KNOTS('',3,1,((#2769,#2770),(#2771,#2772),(#2773,
#2774),(#2775,#2776)),.SURF_OF_LINEAR_EXTRUSION.,.F.,.F.,.F.,(4,4),(2,2),
(0.,1.),(0.,1.),.PIECEWISE_BEZIER_KNOTS.);
#63=B_SPLINE_SURFACE_WITH_KNOTS('',3,1,((#2782,#2783),(#2784,#2785),(#2786,
#2787),(#2788,#2789)),.SURF_OF_LINEAR_EXTRUSION.,.F.,.F.,.F.,(4,4),(2,2),
(0.,1.),(0.,1.),.PIECEWISE_BEZIER_KNOTS.);
#64=B_SPLINE_SURFACE_WITH_KNOTS('',3,1,((#2795,#2796),(#2797,#2798),(#2799,
#2800),(#2801,#2802)),.SURF_OF_LINEAR_EXTRUSION.,.F.,.F.,.F.,(4,4),(2,2),
(0.,1.),(0.,1.),.PIECEWISE_BEZIER_KNOTS.);
#65=B_SPLINE_SURFACE_WITH_KNOTS('',3,1,((#2808,#2809),(#2810,#2811),(#2812,
#2813),(#2814,#2815)),.SURF_OF_LINEAR_EXTRUSION.,.F.,.F.,.F.,(4,4),(2,2),
(0.,1.),(0.,1.),.PIECEWISE_BEZIER_KNOTS.);
#66=B_SPLINE_SURFACE_WITH_KNOTS('',3,1,((#2830,#2831),(#2832,#2833),(#2834,
#2835),(#2836,#2837)),.SURF_OF_LINEAR_EXTRUSION.,.F.,.F.,.F.,(4,4),(2,2),
(0.,1.),(0.,1.),.PIECEWISE_BEZIER_KNOTS.);
#67=B_SPLINE_SURFACE_WITH_KNOTS('',3,1,((#2871,#2872),(#2873,#2874),(#2875,
#2876),(#2877,#2878)),.SURF_OF_LINEAR_EXTRUSION.,.F.,.F.,.F.,(4,4),(2,2),
(0.,1.),(0.,1.),.PIECEWISE_BEZIER_KNOTS.);
#68=B_SPLINE_SURFACE_WITH_KNOTS('',3,1,((#2957,#2958),(#2959,#2960),(#2961,
#2962),(#2963,#2964)),.SURF_OF_LINEAR_EXTRUSION.,.F.,.F.,.F.,(4,4),(2,2),
(0.,1.),(0.,1.),.PIECEWISE_BEZIER_KNOTS.);
#69=B_SPLINE_SURFACE_WITH_KNOTS('',3,1,((#2970,#2971),(#2972,#2973),(#2974,
#2975),(#2976,#2977)),.SURF_OF_LINEAR_EXTRUSION.,.F.,.F.,.F.,(4,4),(2,2),
(0.,1.),(0.,1.),.PIECEWISE_BEZIER_KNOTS.);
#70=B_SPLINE_SURFACE_WITH_KNOTS('',3,1,((#3011,#3012),(#3013,#3014),(#3015,
#3016),(#3017,#3018)),.SURF_OF_LINEAR_EXTRUSION.,.F.,.F.,.F.,(4,4),(2,2),
(0.,1.),(0.,1.),.PIECEWISE_BEZIER_KNOTS.);
#71=B_SPLINE_SURFACE_WITH_KNOTS('',3,1,((#3036,#3037),(#3038,#3039),(#3040,
#3041),(#3042,#3043)),.SURF_OF_LINEAR_EXTRUSION.,.F.,.F.,.F.,(4,4),(2,2),
(0.,1.),(0.,1.),.PIECEWISE_BEZIER_KNOTS.);
#72=B_SPLINE_SURFACE_WITH_KNOTS('',3,1,((#3049,#3050),(#3051,#3052),(#3053,
#3054),(#3055,#3056)),.SURF_OF_LINEAR_EXTRUSION.,.F.,.F.,.F.,(4,4),(2,2),
(0.,1.),(0.,1.),.PIECEWISE_BEZIER_KNOTS.);
#73=B_SPLINE_SURFACE_WITH_KNOTS('',3,1,((#3062,#3063),(#3064,#3065),(#3066,
#3067),(#3068,#3069)),.SURF_OF_LINEAR_EXTRUSION.,.F.,.F.,.F.,(4,4),(2,2),
(0.,1.),(0.,1.),.PIECEWISE_BEZIER_KNOTS.);
#74=B_SPLINE_SURFACE_WITH_KNOTS('',3,1,((#3112,#3113),(#3114,#3115),(#3116,
#3117),(#3118,#3119)),.SURF_OF_LINEAR_EXTRUSION.,.F.,.F.,.F.,(4,4),(2,2),
(0.,1.),(0.,1.),.PIECEWISE_BEZIER_KNOTS.);
#75=B_SPLINE_SURFACE_WITH_KNOTS('',3,1,((#3129,#3130),(#3131,#3132),(#3133,
#3134),(#3135,#3136)),.SURF_OF_LINEAR_EXTRUSION.,.F.,.F.,.F.,(4,4),(2,2),
(0.,1.),(0.,1.),.PIECEWISE_BEZIER_KNOTS.);
#76=B_SPLINE_SURFACE_WITH_KNOTS('',3,1,((#3152,#3153),(#3154,#3155),(#3156,
#3157),(#3158,#3159)),.SURF_OF_LINEAR_EXTRUSION.,.F.,.F.,.F.,(4,4),(2,2),
(0.,1.),(0.,1.),.PIECEWISE_BEZIER_KNOTS.);
#77=B_SPLINE_CURVE_WITH_KNOTS('',2,(#2376,#2377,#2378),.UNSPECIFIED.,.F.,
 .F.,(3,3),(0.,1.),.PIECEWISE_BEZIER_KNOTS.);
#78=B_SPLINE_CURVE_WITH_KNOTS('',2,(#2394,#2395,#2396),.UNSPECIFIED.,.F.,
 .F.,(3,3),(0.,1.),.PIECEWISE_BEZIER_KNOTS.);
#79=B_SPLINE_CURVE_WITH_KNOTS('',2,(#2407,#2408,#2409),.UNSPECIFIED.,.F.,
 .F.,(3,3),(0.,1.),.PIECEWISE_BEZIER_KNOTS.);
#80=B_SPLINE_CURVE_WITH_KNOTS('',2,(#2412,#2413,#2414),.UNSPECIFIED.,.F.,
 .F.,(3,3),(0.,1.),.PIECEWISE_BEZIER_KNOTS.);
#81=B_SPLINE_CURVE_WITH_KNOTS('',2,(#2416,#2417,#2418),.UNSPECIFIED.,.F.,
 .F.,(3,3),(0.,1.),.PIECEWISE_BEZIER_KNOTS.);
#82=B_SPLINE_CURVE_WITH_KNOTS('',2,(#2420,#2421,#2422),.UNSPECIFIED.,.F.,
 .F.,(3,3),(0.,1.),.PIECEWISE_BEZIER_KNOTS.);
#83=B_SPLINE_CURVE_WITH_KNOTS('',2,(#2424,#2425,#2426),.UNSPECIFIED.,.F.,
 .F.,(3,3),(0.,1.),.PIECEWISE_BEZIER_KNOTS.);
#84=B_SPLINE_CURVE_WITH_KNOTS('',2,(#2440,#2441,#2442),.UNSPECIFIED.,.F.,
 .F.,(3,3),(0.,1.),.PIECEWISE_BEZIER_KNOTS.);
#85=B_SPLINE_CURVE_WITH_KNOTS('',2,(#2444,#2445,#2446),.UNSPECIFIED.,.F.,
 .F.,(3,3),(0.,1.),.PIECEWISE_BEZIER_KNOTS.);
#86=B_SPLINE_CURVE_WITH_KNOTS('',2,(#2448,#2449,#2450),.UNSPECIFIED.,.F.,
 .F.,(3,3),(0.,1.),.PIECEWISE_BEZIER_KNOTS.);
#87=B_SPLINE_CURVE_WITH_KNOTS('',2,(#2452,#2453,#2454),.UNSPECIFIED.,.F.,
 .F.,(3,3),(0.,1.),.PIECEWISE_BEZIER_KNOTS.);
#88=B_SPLINE_CURVE_WITH_KNOTS('',2,(#2456,#2457,#2458),.UNSPECIFIED.,.F.,
 .F.,(3,3),(0.,1.),.PIECEWISE_BEZIER_KNOTS.);
#89=B_SPLINE_CURVE_WITH_KNOTS('',2,(#2460,#2461,#2462),.UNSPECIFIED.,.F.,
 .F.,(3,3),(0.,1.),.PIECEWISE_BEZIER_KNOTS.);
#90=B_SPLINE_CURVE_WITH_KNOTS('',2,(#2464,#2465,#2466),.UNSPECIFIED.,.F.,
 .F.,(3,3),(0.,1.),.PIECEWISE_BEZIER_KNOTS.);
#91=B_SPLINE_CURVE_WITH_KNOTS('',2,(#2480,#2481,#2482),.UNSPECIFIED.,.F.,
 .F.,(3,3),(0.,1.),.PIECEWISE_BEZIER_KNOTS.);
#92=B_SPLINE_CURVE_WITH_KNOTS('',2,(#2484,#2485,#2486),.UNSPECIFIED.,.F.,
 .F.,(3,3),(0.,1.),.PIECEWISE_BEZIER_KNOTS.);
#93=B_SPLINE_CURVE_WITH_KNOTS('',2,(#2488,#2489,#2490),.UNSPECIFIED.,.F.,
 .F.,(3,3),(0.,1.),.PIECEWISE_BEZIER_KNOTS.);
#94=B_SPLINE_CURVE_WITH_KNOTS('',2,(#2504,#2505,#2506),.UNSPECIFIED.,.F.,
 .F.,(3,3),(0.,1.),.PIECEWISE_BEZIER_KNOTS.);
#95=B_SPLINE_CURVE_WITH_KNOTS('',2,(#2508,#2509,#2510),.UNSPECIFIED.,.F.,
 .F.,(3,3),(0.,1.),.PIECEWISE_BEZIER_KNOTS.);
#96=B_SPLINE_CURVE_WITH_KNOTS('',2,(#2512,#2513,#2514),.UNSPECIFIED.,.F.,
 .F.,(3,3),(0.,1.),.PIECEWISE_BEZIER_KNOTS.);
#97=B_SPLINE_CURVE_WITH_KNOTS('',2,(#2522,#2523,#2524),.UNSPECIFIED.,.F.,
 .F.,(3,3),(0.,1.),.PIECEWISE_BEZIER_KNOTS.);
#98=B_SPLINE_CURVE_WITH_KNOTS('',2,(#2540,#2541,#2542),.UNSPECIFIED.,.F.,
 .F.,(3,3),(0.,1.),.PIECEWISE_BEZIER_KNOTS.);
#99=B_SPLINE_CURVE_WITH_KNOTS('',2,(#2544,#2545,#2546),.UNSPECIFIED.,.F.,
 .F.,(3,3),(0.,1.),.PIECEWISE_BEZIER_KNOTS.);
#100=B_SPLINE_CURVE_WITH_KNOTS('',2,(#2586,#2587,#2588),.UNSPECIFIED.,.F.,
 .F.,(3,3),(0.,1.),.PIECEWISE_BEZIER_KNOTS.);
#101=B_SPLINE_CURVE_WITH_KNOTS('',2,(#2601,#2602,#2603),.UNSPECIFIED.,.F.,
 .F.,(3,3),(0.,1.),.PIECEWISE_BEZIER_KNOTS.);
#102=B_SPLINE_CURVE_WITH_KNOTS('',2,(#2614,#2615,#2616),.UNSPECIFIED.,.F.,
 .F.,(3,3),(0.,1.),.PIECEWISE_BEZIER_KNOTS.);
#103=B_SPLINE_CURVE_WITH_KNOTS('',2,(#2627,#2628,#2629),.UNSPECIFIED.,.F.,
 .F.,(3,3),(0.,1.),.PIECEWISE_BEZIER_KNOTS.);
#104=B_SPLINE_CURVE_WITH_KNOTS('',2,(#2664,#2665,#2666),.UNSPECIFIED.,.F.,
 .F.,(3,3),(0.,1.),.PIECEWISE_BEZIER_KNOTS.);
#105=B_SPLINE_CURVE_WITH_KNOTS('',2,(#2677,#2678,#2679),.UNSPECIFIED.,.F.,
 .F.,(3,3),(0.,1.),.PIECEWISE_BEZIER_KNOTS.);
#106=B_SPLINE_CURVE_WITH_KNOTS('',2,(#2690,#2691,#2692),.UNSPECIFIED.,.F.,
 .F.,(3,3),(0.,1.),.PIECEWISE_BEZIER_KNOTS.);
#107=B_SPLINE_CURVE_WITH_KNOTS('',2,(#2703,#2704,#2705),.UNSPECIFIED.,.F.,
 .F.,(3,3),(0.,1.),.PIECEWISE_BEZIER_KNOTS.);
#108=B_SPLINE_CURVE_WITH_KNOTS('',2,(#2716,#2717,#2718),.UNSPECIFIED.,.F.,
 .F.,(3,3),(0.,1.),.PIECEWISE_BEZIER_KNOTS.);
#109=B_SPLINE_CURVE_WITH_KNOTS('',2,(#2729,#2730,#2731),.UNSPECIFIED.,.F.,
 .F.,(3,3),(0.,1.),.PIECEWISE_BEZIER_KNOTS.);
#110=B_SPLINE_CURVE_WITH_KNOTS('',2,(#2742,#2743,#2744),.UNSPECIFIED.,.F.,
 .F.,(3,3),(0.,1.),.PIECEWISE_BEZIER_KNOTS.);
#111=B_SPLINE_CURVE_WITH_KNOTS('',2,(#2779,#2780,#2781),.UNSPECIFIED.,.F.,
 .F.,(3,3),(0.,1.),.PIECEWISE_BEZIER_KNOTS.);
#112=B_SPLINE_CURVE_WITH_KNOTS('',2,(#2792,#2793,#2794),.UNSPECIFIED.,.F.,
 .F.,(3,3),(0.,1.),.PIECEWISE_BEZIER_KNOTS.);
#113=B_SPLINE_CURVE_WITH_KNOTS('',2,(#2805,#2806,#2807),.UNSPECIFIED.,.F.,
 .F.,(3,3),(0.,1.),.PIECEWISE_BEZIER_KNOTS.);
#114=B_SPLINE_CURVE_WITH_KNOTS('',2,(#2816,#2817,#2818),.UNSPECIFIED.,.F.,
 .F.,(3,3),(0.,1.),.PIECEWISE_BEZIER_KNOTS.);
#115=B_SPLINE_CURVE_WITH_KNOTS('',2,(#2840,#2841,#2842),.UNSPECIFIED.,.F.,
 .F.,(3,3),(0.,1.),.PIECEWISE_BEZIER_KNOTS.);
#116=B_SPLINE_CURVE_WITH_KNOTS('',2,(#2881,#2882,#2883),.UNSPECIFIED.,.F.,
 .F.,(3,3),(0.,1.),.PIECEWISE_BEZIER_KNOTS.);
#117=B_SPLINE_CURVE_WITH_KNOTS('',2,(#2967,#2968,#2969),.UNSPECIFIED.,.F.,
 .F.,(3,3),(0.,1.),.PIECEWISE_BEZIER_KNOTS.);
#118=B_SPLINE_CURVE_WITH_KNOTS('',2,(#2980,#2981,#2982),.UNSPECIFIED.,.F.,
 .F.,(3,3),(0.,1.),.PIECEWISE_BEZIER_KNOTS.);
#119=B_SPLINE_CURVE_WITH_KNOTS('',2,(#3021,#3022,#3023),.UNSPECIFIED.,.F.,
 .F.,(3,3),(0.,1.),.PIECEWISE_BEZIER_KNOTS.);
#120=B_SPLINE_CURVE_WITH_KNOTS('',2,(#3046,#3047,#3048),.UNSPECIFIED.,.F.,
 .F.,(3,3),(0.,1.),.PIECEWISE_BEZIER_KNOTS.);
#121=B_SPLINE_CURVE_WITH_KNOTS('',2,(#3059,#3060,#3061),.UNSPECIFIED.,.F.,
 .F.,(3,3),(0.,1.),.PIECEWISE_BEZIER_KNOTS.);
#122=B_SPLINE_CURVE_WITH_KNOTS('',2,(#3072,#3073,#3074),.UNSPECIFIED.,.F.,
 .F.,(3,3),(0.,1.),.PIECEWISE_BEZIER_KNOTS.);
#123=B_SPLINE_CURVE_WITH_KNOTS('',2,(#3120,#3121,#3122),.UNSPECIFIED.,.F.,
 .F.,(3,3),(0.,1.),.PIECEWISE_BEZIER_KNOTS.);
#124=B_SPLINE_CURVE_WITH_KNOTS('',2,(#3126,#3127,#3128),.UNSPECIFIED.,.F.,
 .F.,(3,3),(0.,1.),.PIECEWISE_BEZIER_KNOTS.);
#125=B_SPLINE_CURVE_WITH_KNOTS('',2,(#3137,#3138,#3139),.UNSPECIFIED.,.F.,
 .F.,(3,3),(0.,1.),.PIECEWISE_BEZIER_KNOTS.);
#126=B_SPLINE_CURVE_WITH_KNOTS('',2,(#3143,#3144,#3145),.UNSPECIFIED.,.F.,
 .F.,(3,3),(0.,1.),.PIECEWISE_BEZIER_KNOTS.);
#127=B_SPLINE_CURVE_WITH_KNOTS('',2,(#3160,#3161,#3162),.UNSPECIFIED.,.F.,
 .F.,(3,3),(0.,1.),.PIECEWISE_BEZIER_KNOTS.);
#128=B_SPLINE_CURVE_WITH_KNOTS('',2,(#3163,#3164,#3165),.UNSPECIFIED.,.F.,
 .F.,(3,3),(0.,1.),.PIECEWISE_BEZIER_KNOTS.);
#129=LINE('',#2356,#263);
#130=LINE('',#2362,#264);
#131=LINE('',#2368,#265);
#132=LINE('',#2374,#266);
#133=LINE('',#2380,#267);
#134=LINE('',#2386,#268);
#135=LINE('',#2392,#269);
#136=LINE('',#2398,#270);
#137=LINE('',#2399,#271);
#138=LINE('',#2402,#272);
#139=LINE('',#2404,#273);
#140=LINE('',#2406,#274);
#141=LINE('',#2432,#275);
#142=LINE('',#2472,#276);
#143=LINE('',#2496,#277);
#144=LINE('',#2526,#278);
#145=LINE('',#2532,#279);
#146=LINE('',#2538,#280);
#147=LINE('',#2548,#281);
#148=LINE('',#2552,#282);
#149=LINE('',#2558,#283);
#150=LINE('',#2560,#284);
#151=LINE('',#2562,#285);
#152=LINE('',#2564,#286);
#153=LINE('',#2566,#287);
#154=LINE('',#2568,#288);
#155=LINE('',#2570,#289);
#156=LINE('',#2572,#290);
#157=LINE('',#2574,#291);
#158=LINE('',#2584,#292);
#159=LINE('',#2590,#293);
#160=LINE('',#2599,#294);
#161=LINE('',#2612,#295);
#162=LINE('',#2625,#296);
#163=LINE('',#2631,#297);
#164=LINE('',#2635,#298);
#165=LINE('',#2639,#299);
#166=LINE('',#2643,#300);
#167=LINE('',#2645,#301);
#168=LINE('',#2647,#302);
#169=LINE('',#2651,#303);
#170=LINE('',#2662,#304);
#171=LINE('',#2675,#305);
#172=LINE('',#2688,#306);
#173=LINE('',#2701,#307);
#174=LINE('',#2714,#308);
#175=LINE('',#2727,#309);
#176=LINE('',#2740,#310);
#177=LINE('',#2746,#311);
#178=LINE('',#2750,#312);
#179=LINE('',#2754,#313);
#180=LINE('',#2758,#314);
#181=LINE('',#2760,#315);
#182=LINE('',#2762,#316);
#183=LINE('',#2766,#317);
#184=LINE('',#2777,#318);
#185=LINE('',#2790,#319);
#186=LINE('',#2803,#320);
#187=LINE('',#2821,#321);
#188=LINE('',#2825,#322);
#189=LINE('',#2827,#323);
#190=LINE('',#2829,#324);
#191=LINE('',#2838,#325);
#192=LINE('',#2844,#326);
#193=LINE('',#2846,#327);
#194=LINE('',#2848,#328);
#195=LINE('',#2852,#329);
#196=LINE('',#2856,#330);
#197=LINE('',#2858,#331);
#198=LINE('',#2860,#332);
#199=LINE('',#2864,#333);
#200=LINE('',#2868,#334);
#201=LINE('',#2870,#335);
#202=LINE('',#2879,#336);
#203=LINE('',#2885,#337);
#204=LINE('',#2887,#338);
#205=LINE('',#2889,#339);
#206=LINE('',#2893,#340);
#207=LINE('',#2897,#341);
#208=LINE('',#2899,#342);
#209=LINE('',#2901,#343);
#210=LINE('',#2905,#344);
#211=LINE('',#2909,#345);
#212=LINE('',#2911,#346);
#213=LINE('',#2913,#347);
#214=LINE('',#2917,#348);
#215=LINE('',#2921,#349);
#216=LINE('',#2923,#350);
#217=LINE('',#2928,#351);
#218=LINE('',#2932,#352);
#219=LINE('',#2934,#353);
#220=LINE('',#2936,#354);
#221=LINE('',#2938,#355);
#222=LINE('',#2942,#356);
#223=LINE('',#2946,#357);
#224=LINE('',#2948,#358);
#225=LINE('',#2950,#359);
#226=LINE('',#2954,#360);
#227=LINE('',#2956,#361);
#228=LINE('',#2965,#362);
#229=LINE('',#2978,#363);
#230=LINE('',#2984,#364);
#231=LINE('',#2986,#365);
#232=LINE('',#2988,#366);
#233=LINE('',#2992,#367);
#234=LINE('',#2996,#368);
#235=LINE('',#2998,#369);
#236=LINE('',#3000,#370);
#237=LINE('',#3004,#371);
#238=LINE('',#3008,#372);
#239=LINE('',#3010,#373);
#240=LINE('',#3019,#374);
#241=LINE('',#3025,#375);
#242=LINE('',#3029,#376);
#243=LINE('',#3033,#377);
#244=LINE('',#3044,#378);
#245=LINE('',#3057,#379);
#246=LINE('',#3070,#380);
#247=LINE('',#3076,#381);
#248=LINE('',#3080,#382);
#249=LINE('',#3084,#383);
#250=LINE('',#3088,#384);
#251=LINE('',#3090,#385);
#252=LINE('',#3092,#386);
#253=LINE('',#3095,#387);
#254=LINE('',#3097,#388);
#255=LINE('',#3099,#389);
#256=LINE('',#3103,#390);
#257=LINE('',#3109,#391);
#258=LINE('',#3124,#392);
#259=LINE('',#3141,#393);
#260=LINE('',#3147,#394);
#261=LINE('',#3149,#395);
#262=LINE('',#3151,#396);
#263=VECTOR('',#1929,1.);
#264=VECTOR('',#1934,1.);
#265=VECTOR('',#1939,1.);
#266=VECTOR('',#1944,1.);
#267=VECTOR('',#1945,1.);
#268=VECTOR('',#1950,1.);
#269=VECTOR('',#1955,1.);
#270=VECTOR('',#1956,1.);
#271=VECTOR('',#1957,1.);
#272=VECTOR('',#1958,1.);
#273=VECTOR('',#1959,1.);
#274=VECTOR('',#1960,1.);
#275=VECTOR('',#1965,1.);
#276=VECTOR('',#1976,1.);
#277=VECTOR('',#1987,1.);
#278=VECTOR('',#2000,1.);
#279=VECTOR('',#2005,1.);
#280=VECTOR('',#2010,1.);
#281=VECTOR('',#2011,1.);
#282=VECTOR('',#2014,1.);
#283=VECTOR('',#2019,1.);
#284=VECTOR('',#2022,1.);
#285=VECTOR('',#2023,1.);
#286=VECTOR('',#2024,1.);
#287=VECTOR('',#2027,1.);
#288=VECTOR('',#2028,1.);
#289=VECTOR('',#2031,1.);
#290=VECTOR('',#2032,1.);
#291=VECTOR('',#2035,1.);
#292=VECTOR('',#2038,1.);
#293=VECTOR('',#2039,1.);
#294=VECTOR('',#2040,1.);
#295=VECTOR('',#2041,1.);
#296=VECTOR('',#2042,1.);
#297=VECTOR('',#2045,1.);
#298=VECTOR('',#2050,1.);
#299=VECTOR('',#2055,1.);
#300=VECTOR('',#2060,1.);
#301=VECTOR('',#2061,1.);
#302=VECTOR('',#2064,1.);
#303=VECTOR('',#2069,1.);
#304=VECTOR('',#2072,1.);
#305=VECTOR('',#2073,1.);
#306=VECTOR('',#2074,1.);
#307=VECTOR('',#2075,1.);
#308=VECTOR('',#2076,1.);
#309=VECTOR('',#2077,1.);
#310=VECTOR('',#2078,1.);
#311=VECTOR('',#2081,1.);
#312=VECTOR('',#2086,1.);
#313=VECTOR('',#2091,1.);
#314=VECTOR('',#2096,1.);
#315=VECTOR('',#2097,1.);
#316=VECTOR('',#2100,1.);
#317=VECTOR('',#2105,1.);
#318=VECTOR('',#2108,1.);
#319=VECTOR('',#2109,1.);
#320=VECTOR('',#2110,1.);
#321=VECTOR('',#2115,1.);
#322=VECTOR('',#2118,1.);
#323=VECTOR('',#2121,1.);
#324=VECTOR('',#2122,1.);
#325=VECTOR('',#2123,1.);
#326=VECTOR('',#2126,1.);
#327=VECTOR('',#2127,1.);
#328=VECTOR('',#2130,1.);
#329=VECTOR('',#2135,1.);
#330=VECTOR('',#2140,1.);
#331=VECTOR('',#2141,1.);
#332=VECTOR('',#2144,1.);
#333=VECTOR('',#2149,1.);
#334=VECTOR('',#2154,1.);
#335=VECTOR('',#2155,1.);
#336=VECTOR('',#2156,1.);
#337=VECTOR('',#2159,1.);
#338=VECTOR('',#2160,1.);
#339=VECTOR('',#2163,1.);
#340=VECTOR('',#2168,1.);
#341=VECTOR('',#2173,1.);
#342=VECTOR('',#2174,1.);
#343=VECTOR('',#2177,1.);
#344=VECTOR('',#2182,1.);
#345=VECTOR('',#2187,1.);
#346=VECTOR('',#2188,1.);
#347=VECTOR('',#2191,1.);
#348=VECTOR('',#2196,1.);
#349=VECTOR('',#2201,1.);
#350=VECTOR('',#2202,1.);
#351=VECTOR('',#2211,1.);
#352=VECTOR('',#2214,1.);
#353=VECTOR('',#2217,1.);
#354=VECTOR('',#2218,1.);
#355=VECTOR('',#2221,1.);
#356=VECTOR('',#2226,1.);
#357=VECTOR('',#2231,1.);
#358=VECTOR('',#2232,1.);
#359=VECTOR('',#2235,1.);
#360=VECTOR('',#2240,1.);
#361=VECTOR('',#2241,1.);
#362=VECTOR('',#2242,1.);
#363=VECTOR('',#2243,1.);
#364=VECTOR('',#2246,1.);
#365=VECTOR('',#2247,1.);
#366=VECTOR('',#2250,1.);
#367=VECTOR('',#2255,1.);
#368=VECTOR('',#2260,1.);
#369=VECTOR('',#2261,1.);
#370=VECTOR('',#2264,1.);
#371=VECTOR('',#2269,1.);
#372=VECTOR('',#2274,1.);
#373=VECTOR('',#2275,1.);
#374=VECTOR('',#2276,1.);
#375=VECTOR('',#2279,1.);
#376=VECTOR('',#2284,1.);
#377=VECTOR('',#2289,1.);
#378=VECTOR('',#2292,1.);
#379=VECTOR('',#2293,1.);
#380=VECTOR('',#2294,1.);
#381=VECTOR('',#2297,1.);
#382=VECTOR('',#2302,1.);
#383=VECTOR('',#2307,1.);
#384=VECTOR('',#2312,1.);
#385=VECTOR('',#2313,1.);
#386=VECTOR('',#2316,1.);
#387=VECTOR('',#2317,1.);
#388=VECTOR('',#2318,1.);
#389=VECTOR('',#2319,1.);
#390=VECTOR('',#2324,1.);
#391=VECTOR('',#2331,1.);
#392=VECTOR('',#2334,1.);
#393=VECTOR('',#2335,1.);
#394=VECTOR('',#2338,1.);
#395=VECTOR('',#2339,1.);
#396=VECTOR('',#2340,1.);
#397=ORIENTED_EDGE('',*,*,#925,.T.);
#398=ORIENTED_EDGE('',*,*,#926,.T.);
#399=ORIENTED_EDGE('',*,*,#927,.T.);
#400=ORIENTED_EDGE('',*,*,#928,.T.);
#401=ORIENTED_EDGE('',*,*,#929,.T.);
#402=ORIENTED_EDGE('',*,*,#930,.T.);
#403=ORIENTED_EDGE('',*,*,#931,.T.);
#404=ORIENTED_EDGE('',*,*,#932,.T.);
#405=ORIENTED_EDGE('',*,*,#933,.T.);
#406=ORIENTED_EDGE('',*,*,#934,.T.);
#407=ORIENTED_EDGE('',*,*,#935,.T.);
#408=ORIENTED_EDGE('',*,*,#936,.T.);
#409=ORIENTED_EDGE('',*,*,#937,.T.);
#410=ORIENTED_EDGE('',*,*,#938,.T.);
#411=ORIENTED_EDGE('',*,*,#939,.T.);
#412=ORIENTED_EDGE('',*,*,#940,.T.);
#413=ORIENTED_EDGE('',*,*,#941,.T.);
#414=ORIENTED_EDGE('',*,*,#942,.T.);
#415=ORIENTED_EDGE('',*,*,#943,.T.);
#416=ORIENTED_EDGE('',*,*,#944,.T.);
#417=ORIENTED_EDGE('',*,*,#945,.T.);
#418=ORIENTED_EDGE('',*,*,#946,.T.);
#419=ORIENTED_EDGE('',*,*,#947,.T.);
#420=ORIENTED_EDGE('',*,*,#948,.T.);
#421=ORIENTED_EDGE('',*,*,#949,.F.);
#422=ORIENTED_EDGE('',*,*,#950,.F.);
#423=ORIENTED_EDGE('',*,*,#951,.T.);
#424=ORIENTED_EDGE('',*,*,#952,.T.);
#425=ORIENTED_EDGE('',*,*,#953,.T.);
#426=ORIENTED_EDGE('',*,*,#954,.T.);
#427=ORIENTED_EDGE('',*,*,#955,.T.);
#428=ORIENTED_EDGE('',*,*,#956,.T.);
#429=ORIENTED_EDGE('',*,*,#957,.T.);
#430=ORIENTED_EDGE('',*,*,#958,.T.);
#431=ORIENTED_EDGE('',*,*,#959,.T.);
#432=ORIENTED_EDGE('',*,*,#960,.T.);
#433=ORIENTED_EDGE('',*,*,#961,.T.);
#434=ORIENTED_EDGE('',*,*,#962,.T.);
#435=ORIENTED_EDGE('',*,*,#963,.T.);
#436=ORIENTED_EDGE('',*,*,#964,.T.);
#437=ORIENTED_EDGE('',*,*,#965,.T.);
#438=ORIENTED_EDGE('',*,*,#966,.T.);
#439=ORIENTED_EDGE('',*,*,#967,.T.);
#440=ORIENTED_EDGE('',*,*,#968,.T.);
#441=ORIENTED_EDGE('',*,*,#969,.T.);
#442=ORIENTED_EDGE('',*,*,#970,.T.);
#443=ORIENTED_EDGE('',*,*,#971,.T.);
#444=ORIENTED_EDGE('',*,*,#972,.T.);
#445=ORIENTED_EDGE('',*,*,#973,.T.);
#446=ORIENTED_EDGE('',*,*,#974,.T.);
#447=ORIENTED_EDGE('',*,*,#975,.T.);
#448=ORIENTED_EDGE('',*,*,#976,.T.);
#449=ORIENTED_EDGE('',*,*,#977,.T.);
#450=ORIENTED_EDGE('',*,*,#978,.T.);
#451=ORIENTED_EDGE('',*,*,#979,.T.);
#452=ORIENTED_EDGE('',*,*,#980,.T.);
#453=ORIENTED_EDGE('',*,*,#981,.T.);
#454=ORIENTED_EDGE('',*,*,#982,.T.);
#455=ORIENTED_EDGE('',*,*,#983,.T.);
#456=ORIENTED_EDGE('',*,*,#984,.T.);
#457=ORIENTED_EDGE('',*,*,#985,.T.);
#458=ORIENTED_EDGE('',*,*,#986,.T.);
#459=ORIENTED_EDGE('',*,*,#987,.T.);
#460=ORIENTED_EDGE('',*,*,#988,.T.);
#461=ORIENTED_EDGE('',*,*,#989,.T.);
#462=ORIENTED_EDGE('',*,*,#990,.T.);
#463=ORIENTED_EDGE('',*,*,#991,.T.);
#464=ORIENTED_EDGE('',*,*,#992,.T.);
#465=ORIENTED_EDGE('',*,*,#993,.T.);
#466=ORIENTED_EDGE('',*,*,#994,.T.);
#467=ORIENTED_EDGE('',*,*,#995,.T.);
#468=ORIENTED_EDGE('',*,*,#996,.T.);
#469=ORIENTED_EDGE('',*,*,#997,.T.);
#470=ORIENTED_EDGE('',*,*,#998,.T.);
#471=ORIENTED_EDGE('',*,*,#999,.T.);
#472=ORIENTED_EDGE('',*,*,#1000,.T.);
#473=ORIENTED_EDGE('',*,*,#1001,.T.);
#474=ORIENTED_EDGE('',*,*,#1002,.T.);
#475=ORIENTED_EDGE('',*,*,#1003,.T.);
#476=ORIENTED_EDGE('',*,*,#1004,.T.);
#477=ORIENTED_EDGE('',*,*,#1005,.T.);
#478=ORIENTED_EDGE('',*,*,#947,.F.);
#479=ORIENTED_EDGE('',*,*,#1006,.F.);
#480=ORIENTED_EDGE('',*,*,#1007,.T.);
#481=ORIENTED_EDGE('',*,*,#1008,.T.);
#482=ORIENTED_EDGE('',*,*,#950,.T.);
#483=ORIENTED_EDGE('',*,*,#1009,.F.);
#484=ORIENTED_EDGE('',*,*,#1010,.F.);
#485=ORIENTED_EDGE('',*,*,#1006,.T.);
#486=ORIENTED_EDGE('',*,*,#949,.T.);
#487=ORIENTED_EDGE('',*,*,#1011,.F.);
#488=ORIENTED_EDGE('',*,*,#1012,.F.);
#489=ORIENTED_EDGE('',*,*,#1009,.T.);
#490=ORIENTED_EDGE('',*,*,#948,.F.);
#491=ORIENTED_EDGE('',*,*,#1008,.F.);
#492=ORIENTED_EDGE('',*,*,#1013,.T.);
#493=ORIENTED_EDGE('',*,*,#1011,.T.);
#494=ORIENTED_EDGE('',*,*,#1007,.F.);
#495=ORIENTED_EDGE('',*,*,#1010,.T.);
#496=ORIENTED_EDGE('',*,*,#1012,.T.);
#497=ORIENTED_EDGE('',*,*,#1013,.F.);
#498=ORIENTED_EDGE('',*,*,#951,.F.);
#499=ORIENTED_EDGE('',*,*,#1014,.F.);
#500=ORIENTED_EDGE('',*,*,#1015,.T.);
#501=ORIENTED_EDGE('',*,*,#1016,.T.);
#502=ORIENTED_EDGE('',*,*,#977,.F.);
#503=ORIENTED_EDGE('',*,*,#1017,.F.);
#504=ORIENTED_EDGE('',*,*,#1018,.T.);
#505=ORIENTED_EDGE('',*,*,#1014,.T.);
#506=ORIENTED_EDGE('',*,*,#976,.F.);
#507=ORIENTED_EDGE('',*,*,#1019,.F.);
#508=ORIENTED_EDGE('',*,*,#1020,.T.);
#509=ORIENTED_EDGE('',*,*,#1017,.T.);
#510=ORIENTED_EDGE('',*,*,#975,.F.);
#511=ORIENTED_EDGE('',*,*,#1021,.F.);
#512=ORIENTED_EDGE('',*,*,#1022,.T.);
#513=ORIENTED_EDGE('',*,*,#1019,.T.);
#514=ORIENTED_EDGE('',*,*,#974,.F.);
#515=ORIENTED_EDGE('',*,*,#1023,.F.);
#516=ORIENTED_EDGE('',*,*,#1024,.T.);
#517=ORIENTED_EDGE('',*,*,#1021,.T.);
#518=ORIENTED_EDGE('',*,*,#973,.F.);
#519=ORIENTED_EDGE('',*,*,#1025,.F.);
#520=ORIENTED_EDGE('',*,*,#1026,.T.);
#521=ORIENTED_EDGE('',*,*,#1023,.T.);
#522=ORIENTED_EDGE('',*,*,#972,.F.);
#523=ORIENTED_EDGE('',*,*,#1027,.F.);
#524=ORIENTED_EDGE('',*,*,#1028,.T.);
#525=ORIENTED_EDGE('',*,*,#1025,.T.);
#526=ORIENTED_EDGE('',*,*,#971,.F.);
#527=ORIENTED_EDGE('',*,*,#1029,.F.);
#528=ORIENTED_EDGE('',*,*,#1030,.T.);
#529=ORIENTED_EDGE('',*,*,#1027,.T.);
#530=ORIENTED_EDGE('',*,*,#970,.F.);
#531=ORIENTED_EDGE('',*,*,#1031,.F.);
#532=ORIENTED_EDGE('',*,*,#1032,.T.);
#533=ORIENTED_EDGE('',*,*,#1029,.T.);
#534=ORIENTED_EDGE('',*,*,#969,.F.);
#535=ORIENTED_EDGE('',*,*,#1033,.F.);
#536=ORIENTED_EDGE('',*,*,#1034,.T.);
#537=ORIENTED_EDGE('',*,*,#1031,.T.);
#538=ORIENTED_EDGE('',*,*,#968,.F.);
#539=ORIENTED_EDGE('',*,*,#1035,.F.);
#540=ORIENTED_EDGE('',*,*,#1036,.T.);
#541=ORIENTED_EDGE('',*,*,#1033,.T.);
#542=ORIENTED_EDGE('',*,*,#967,.F.);
#543=ORIENTED_EDGE('',*,*,#1037,.F.);
#544=ORIENTED_EDGE('',*,*,#1038,.T.);
#545=ORIENTED_EDGE('',*,*,#1035,.T.);
#546=ORIENTED_EDGE('',*,*,#966,.F.);
#547=ORIENTED_EDGE('',*,*,#1039,.F.);
#548=ORIENTED_EDGE('',*,*,#1040,.T.);
#549=ORIENTED_EDGE('',*,*,#1037,.T.);
#550=ORIENTED_EDGE('',*,*,#965,.F.);
#551=ORIENTED_EDGE('',*,*,#1041,.F.);
#552=ORIENTED_EDGE('',*,*,#1042,.T.);
#553=ORIENTED_EDGE('',*,*,#1039,.T.);
#554=ORIENTED_EDGE('',*,*,#964,.F.);
#555=ORIENTED_EDGE('',*,*,#1043,.F.);
#556=ORIENTED_EDGE('',*,*,#1044,.T.);
#557=ORIENTED_EDGE('',*,*,#1041,.T.);
#558=ORIENTED_EDGE('',*,*,#963,.F.);
#559=ORIENTED_EDGE('',*,*,#1045,.F.);
#560=ORIENTED_EDGE('',*,*,#1046,.T.);
#561=ORIENTED_EDGE('',*,*,#1043,.T.);
#562=ORIENTED_EDGE('',*,*,#962,.F.);
#563=ORIENTED_EDGE('',*,*,#1047,.F.);
#564=ORIENTED_EDGE('',*,*,#1048,.T.);
#565=ORIENTED_EDGE('',*,*,#1045,.T.);
#566=ORIENTED_EDGE('',*,*,#961,.F.);
#567=ORIENTED_EDGE('',*,*,#1049,.F.);
#568=ORIENTED_EDGE('',*,*,#1050,.T.);
#569=ORIENTED_EDGE('',*,*,#1047,.T.);
#570=ORIENTED_EDGE('',*,*,#960,.F.);
#571=ORIENTED_EDGE('',*,*,#1051,.F.);
#572=ORIENTED_EDGE('',*,*,#1052,.T.);
#573=ORIENTED_EDGE('',*,*,#1049,.T.);
#574=ORIENTED_EDGE('',*,*,#959,.F.);
#575=ORIENTED_EDGE('',*,*,#1053,.F.);
#576=ORIENTED_EDGE('',*,*,#1054,.T.);
#577=ORIENTED_EDGE('',*,*,#1051,.T.);
#578=ORIENTED_EDGE('',*,*,#958,.F.);
#579=ORIENTED_EDGE('',*,*,#1055,.F.);
#580=ORIENTED_EDGE('',*,*,#1056,.T.);
#581=ORIENTED_EDGE('',*,*,#1053,.T.);
#582=ORIENTED_EDGE('',*,*,#957,.F.);
#583=ORIENTED_EDGE('',*,*,#1057,.F.);
#584=ORIENTED_EDGE('',*,*,#1058,.T.);
#585=ORIENTED_EDGE('',*,*,#1055,.T.);
#586=ORIENTED_EDGE('',*,*,#956,.F.);
#587=ORIENTED_EDGE('',*,*,#1059,.F.);
#588=ORIENTED_EDGE('',*,*,#1060,.T.);
#589=ORIENTED_EDGE('',*,*,#1057,.T.);
#590=ORIENTED_EDGE('',*,*,#955,.F.);
#591=ORIENTED_EDGE('',*,*,#1061,.F.);
#592=ORIENTED_EDGE('',*,*,#1062,.T.);
#593=ORIENTED_EDGE('',*,*,#1059,.T.);
#594=ORIENTED_EDGE('',*,*,#954,.F.);
#595=ORIENTED_EDGE('',*,*,#1063,.F.);
#596=ORIENTED_EDGE('',*,*,#1064,.T.);
#597=ORIENTED_EDGE('',*,*,#1061,.T.);
#598=ORIENTED_EDGE('',*,*,#953,.F.);
#599=ORIENTED_EDGE('',*,*,#1065,.F.);
#600=ORIENTED_EDGE('',*,*,#1066,.T.);
#601=ORIENTED_EDGE('',*,*,#1063,.T.);
#602=ORIENTED_EDGE('',*,*,#952,.F.);
#603=ORIENTED_EDGE('',*,*,#1016,.F.);
#604=ORIENTED_EDGE('',*,*,#1067,.T.);
#605=ORIENTED_EDGE('',*,*,#1065,.T.);
#606=ORIENTED_EDGE('',*,*,#1015,.F.);
#607=ORIENTED_EDGE('',*,*,#1018,.F.);
#608=ORIENTED_EDGE('',*,*,#1020,.F.);
#609=ORIENTED_EDGE('',*,*,#1022,.F.);
#610=ORIENTED_EDGE('',*,*,#1024,.F.);
#611=ORIENTED_EDGE('',*,*,#1026,.F.);
#612=ORIENTED_EDGE('',*,*,#1028,.F.);
#613=ORIENTED_EDGE('',*,*,#1030,.F.);
#614=ORIENTED_EDGE('',*,*,#1032,.F.);
#615=ORIENTED_EDGE('',*,*,#1034,.F.);
#616=ORIENTED_EDGE('',*,*,#1036,.F.);
#617=ORIENTED_EDGE('',*,*,#1038,.F.);
#618=ORIENTED_EDGE('',*,*,#1040,.F.);
#619=ORIENTED_EDGE('',*,*,#1042,.F.);
#620=ORIENTED_EDGE('',*,*,#1044,.F.);
#621=ORIENTED_EDGE('',*,*,#1046,.F.);
#622=ORIENTED_EDGE('',*,*,#1048,.F.);
#623=ORIENTED_EDGE('',*,*,#1050,.F.);
#624=ORIENTED_EDGE('',*,*,#1052,.F.);
#625=ORIENTED_EDGE('',*,*,#1054,.F.);
#626=ORIENTED_EDGE('',*,*,#1056,.F.);
#627=ORIENTED_EDGE('',*,*,#1058,.F.);
#628=ORIENTED_EDGE('',*,*,#1060,.F.);
#629=ORIENTED_EDGE('',*,*,#1062,.F.);
#630=ORIENTED_EDGE('',*,*,#1064,.F.);
#631=ORIENTED_EDGE('',*,*,#1066,.F.);
#632=ORIENTED_EDGE('',*,*,#1067,.F.);
#633=ORIENTED_EDGE('',*,*,#925,.F.);
#634=ORIENTED_EDGE('',*,*,#1068,.F.);
#635=ORIENTED_EDGE('',*,*,#1069,.T.);
#636=ORIENTED_EDGE('',*,*,#1070,.T.);
#637=ORIENTED_EDGE('',*,*,#946,.F.);
#638=ORIENTED_EDGE('',*,*,#1071,.F.);
#639=ORIENTED_EDGE('',*,*,#1072,.T.);
#640=ORIENTED_EDGE('',*,*,#1068,.T.);
#641=ORIENTED_EDGE('',*,*,#945,.F.);
#642=ORIENTED_EDGE('',*,*,#1073,.F.);
#643=ORIENTED_EDGE('',*,*,#1074,.T.);
#644=ORIENTED_EDGE('',*,*,#1071,.T.);
#645=ORIENTED_EDGE('',*,*,#944,.F.);
#646=ORIENTED_EDGE('',*,*,#1075,.F.);
#647=ORIENTED_EDGE('',*,*,#1076,.T.);
#648=ORIENTED_EDGE('',*,*,#1073,.T.);
#649=ORIENTED_EDGE('',*,*,#943,.F.);
#650=ORIENTED_EDGE('',*,*,#1077,.F.);
#651=ORIENTED_EDGE('',*,*,#1078,.T.);
#652=ORIENTED_EDGE('',*,*,#1075,.T.);
#653=ORIENTED_EDGE('',*,*,#942,.F.);
#654=ORIENTED_EDGE('',*,*,#1079,.F.);
#655=ORIENTED_EDGE('',*,*,#1080,.T.);
#656=ORIENTED_EDGE('',*,*,#1077,.T.);
#657=ORIENTED_EDGE('',*,*,#941,.F.);
#658=ORIENTED_EDGE('',*,*,#1081,.F.);
#659=ORIENTED_EDGE('',*,*,#1082,.T.);
#660=ORIENTED_EDGE('',*,*,#1079,.T.);
#661=ORIENTED_EDGE('',*,*,#940,.F.);
#662=ORIENTED_EDGE('',*,*,#1083,.F.);
#663=ORIENTED_EDGE('',*,*,#1084,.T.);
#664=ORIENTED_EDGE('',*,*,#1081,.T.);
#665=ORIENTED_EDGE('',*,*,#939,.F.);
#666=ORIENTED_EDGE('',*,*,#1085,.F.);
#667=ORIENTED_EDGE('',*,*,#1086,.T.);
#668=ORIENTED_EDGE('',*,*,#1083,.T.);
#669=ORIENTED_EDGE('',*,*,#938,.F.);
#670=ORIENTED_EDGE('',*,*,#1087,.F.);
#671=ORIENTED_EDGE('',*,*,#1088,.T.);
#672=ORIENTED_EDGE('',*,*,#1085,.T.);
#673=ORIENTED_EDGE('',*,*,#937,.F.);
#674=ORIENTED_EDGE('',*,*,#1089,.F.);
#675=ORIENTED_EDGE('',*,*,#1090,.T.);
#676=ORIENTED_EDGE('',*,*,#1087,.T.);
#677=ORIENTED_EDGE('',*,*,#936,.F.);
#678=ORIENTED_EDGE('',*,*,#1091,.F.);
#679=ORIENTED_EDGE('',*,*,#1092,.T.);
#680=ORIENTED_EDGE('',*,*,#1089,.T.);
#681=ORIENTED_EDGE('',*,*,#935,.F.);
#682=ORIENTED_EDGE('',*,*,#1093,.F.);
#683=ORIENTED_EDGE('',*,*,#1094,.T.);
#684=ORIENTED_EDGE('',*,*,#1091,.T.);
#685=ORIENTED_EDGE('',*,*,#934,.F.);
#686=ORIENTED_EDGE('',*,*,#1095,.F.);
#687=ORIENTED_EDGE('',*,*,#1096,.T.);
#688=ORIENTED_EDGE('',*,*,#1093,.T.);
#689=ORIENTED_EDGE('',*,*,#933,.F.);
#690=ORIENTED_EDGE('',*,*,#1097,.F.);
#691=ORIENTED_EDGE('',*,*,#1098,.T.);
#692=ORIENTED_EDGE('',*,*,#1095,.T.);
#693=ORIENTED_EDGE('',*,*,#932,.F.);
#694=ORIENTED_EDGE('',*,*,#1099,.F.);
#695=ORIENTED_EDGE('',*,*,#1100,.T.);
#696=ORIENTED_EDGE('',*,*,#1097,.T.);
#697=ORIENTED_EDGE('',*,*,#931,.F.);
#698=ORIENTED_EDGE('',*,*,#1101,.F.);
#699=ORIENTED_EDGE('',*,*,#1102,.T.);
#700=ORIENTED_EDGE('',*,*,#1099,.T.);
#701=ORIENTED_EDGE('',*,*,#930,.F.);
#702=ORIENTED_EDGE('',*,*,#1103,.F.);
#703=ORIENTED_EDGE('',*,*,#1104,.T.);
#704=ORIENTED_EDGE('',*,*,#1101,.T.);
#705=ORIENTED_EDGE('',*,*,#929,.F.);
#706=ORIENTED_EDGE('',*,*,#1105,.F.);
#707=ORIENTED_EDGE('',*,*,#1106,.T.);
#708=ORIENTED_EDGE('',*,*,#1103,.T.);
#709=ORIENTED_EDGE('',*,*,#928,.F.);
#710=ORIENTED_EDGE('',*,*,#1107,.F.);
#711=ORIENTED_EDGE('',*,*,#1108,.T.);
#712=ORIENTED_EDGE('',*,*,#1105,.T.);
#713=ORIENTED_EDGE('',*,*,#927,.F.);
#714=ORIENTED_EDGE('',*,*,#1109,.F.);
#715=ORIENTED_EDGE('',*,*,#1110,.T.);
#716=ORIENTED_EDGE('',*,*,#1107,.T.);
#717=ORIENTED_EDGE('',*,*,#926,.F.);
#718=ORIENTED_EDGE('',*,*,#1070,.F.);
#719=ORIENTED_EDGE('',*,*,#1111,.T.);
#720=ORIENTED_EDGE('',*,*,#1109,.T.);
#721=ORIENTED_EDGE('',*,*,#1069,.F.);
#722=ORIENTED_EDGE('',*,*,#1072,.F.);
#723=ORIENTED_EDGE('',*,*,#1074,.F.);
#724=ORIENTED_EDGE('',*,*,#1076,.F.);
#725=ORIENTED_EDGE('',*,*,#1078,.F.);
#726=ORIENTED_EDGE('',*,*,#1080,.F.);
#727=ORIENTED_EDGE('',*,*,#1082,.F.);
#728=ORIENTED_EDGE('',*,*,#1084,.F.);
#729=ORIENTED_EDGE('',*,*,#1086,.F.);
#730=ORIENTED_EDGE('',*,*,#1088,.F.);
#731=ORIENTED_EDGE('',*,*,#1090,.F.);
#732=ORIENTED_EDGE('',*,*,#1092,.F.);
#733=ORIENTED_EDGE('',*,*,#1094,.F.);
#734=ORIENTED_EDGE('',*,*,#1096,.F.);
#735=ORIENTED_EDGE('',*,*,#1098,.F.);
#736=ORIENTED_EDGE('',*,*,#1100,.F.);
#737=ORIENTED_EDGE('',*,*,#1102,.F.);
#738=ORIENTED_EDGE('',*,*,#1104,.F.);
#739=ORIENTED_EDGE('',*,*,#1106,.F.);
#740=ORIENTED_EDGE('',*,*,#1108,.F.);
#741=ORIENTED_EDGE('',*,*,#1110,.F.);
#742=ORIENTED_EDGE('',*,*,#1111,.F.);
#743=ORIENTED_EDGE('',*,*,#978,.F.);
#744=ORIENTED_EDGE('',*,*,#1112,.F.);
#745=ORIENTED_EDGE('',*,*,#1113,.T.);
#746=ORIENTED_EDGE('',*,*,#1114,.T.);
#747=ORIENTED_EDGE('',*,*,#1005,.F.);
#748=ORIENTED_EDGE('',*,*,#1115,.F.);
#749=ORIENTED_EDGE('',*,*,#1116,.T.);
#750=ORIENTED_EDGE('',*,*,#1112,.T.);
#751=ORIENTED_EDGE('',*,*,#1004,.F.);
#752=ORIENTED_EDGE('',*,*,#1117,.F.);
#753=ORIENTED_EDGE('',*,*,#1118,.T.);
#754=ORIENTED_EDGE('',*,*,#1115,.T.);
#755=ORIENTED_EDGE('',*,*,#1003,.F.);
#756=ORIENTED_EDGE('',*,*,#1119,.F.);
#757=ORIENTED_EDGE('',*,*,#1120,.T.);
#758=ORIENTED_EDGE('',*,*,#1117,.T.);
#759=ORIENTED_EDGE('',*,*,#1002,.F.);
#760=ORIENTED_EDGE('',*,*,#1121,.F.);
#761=ORIENTED_EDGE('',*,*,#1122,.T.);
#762=ORIENTED_EDGE('',*,*,#1119,.T.);
#763=ORIENTED_EDGE('',*,*,#1001,.F.);
#764=ORIENTED_EDGE('',*,*,#1123,.F.);
#765=ORIENTED_EDGE('',*,*,#1124,.T.);
#766=ORIENTED_EDGE('',*,*,#1121,.T.);
#767=ORIENTED_EDGE('',*,*,#1000,.F.);
#768=ORIENTED_EDGE('',*,*,#1125,.F.);
#769=ORIENTED_EDGE('',*,*,#1126,.T.);
#770=ORIENTED_EDGE('',*,*,#1123,.T.);
#771=ORIENTED_EDGE('',*,*,#999,.F.);
#772=ORIENTED_EDGE('',*,*,#1127,.F.);
#773=ORIENTED_EDGE('',*,*,#1128,.T.);
#774=ORIENTED_EDGE('',*,*,#1125,.T.);
#775=ORIENTED_EDGE('',*,*,#998,.F.);
#776=ORIENTED_EDGE('',*,*,#1129,.F.);
#777=ORIENTED_EDGE('',*,*,#1130,.T.);
#778=ORIENTED_EDGE('',*,*,#1127,.T.);
#779=ORIENTED_EDGE('',*,*,#997,.F.);
#780=ORIENTED_EDGE('',*,*,#1131,.F.);
#781=ORIENTED_EDGE('',*,*,#1132,.T.);
#782=ORIENTED_EDGE('',*,*,#1129,.T.);
#783=ORIENTED_EDGE('',*,*,#996,.F.);
#784=ORIENTED_EDGE('',*,*,#1133,.F.);
#785=ORIENTED_EDGE('',*,*,#1134,.T.);
#786=ORIENTED_EDGE('',*,*,#1131,.T.);
#787=ORIENTED_EDGE('',*,*,#995,.F.);
#788=ORIENTED_EDGE('',*,*,#1135,.F.);
#789=ORIENTED_EDGE('',*,*,#1136,.T.);
#790=ORIENTED_EDGE('',*,*,#1133,.T.);
#791=ORIENTED_EDGE('',*,*,#994,.F.);
#792=ORIENTED_EDGE('',*,*,#1137,.F.);
#793=ORIENTED_EDGE('',*,*,#1138,.T.);
#794=ORIENTED_EDGE('',*,*,#1135,.T.);
#795=ORIENTED_EDGE('',*,*,#993,.F.);
#796=ORIENTED_EDGE('',*,*,#1139,.F.);
#797=ORIENTED_EDGE('',*,*,#1140,.T.);
#798=ORIENTED_EDGE('',*,*,#1137,.T.);
#799=ORIENTED_EDGE('',*,*,#992,.F.);
#800=ORIENTED_EDGE('',*,*,#1141,.F.);
#801=ORIENTED_EDGE('',*,*,#1142,.T.);
#802=ORIENTED_EDGE('',*,*,#1139,.T.);
#803=ORIENTED_EDGE('',*,*,#991,.F.);
#804=ORIENTED_EDGE('',*,*,#1143,.F.);
#805=ORIENTED_EDGE('',*,*,#1144,.T.);
#806=ORIENTED_EDGE('',*,*,#1141,.T.);
#807=ORIENTED_EDGE('',*,*,#990,.F.);
#808=ORIENTED_EDGE('',*,*,#1145,.F.);
#809=ORIENTED_EDGE('',*,*,#1146,.T.);
#810=ORIENTED_EDGE('',*,*,#1143,.T.);
#811=ORIENTED_EDGE('',*,*,#989,.F.);
#812=ORIENTED_EDGE('',*,*,#1147,.F.);
#813=ORIENTED_EDGE('',*,*,#1148,.T.);
#814=ORIENTED_EDGE('',*,*,#1145,.T.);
#815=ORIENTED_EDGE('',*,*,#988,.F.);
#816=ORIENTED_EDGE('',*,*,#1149,.F.);
#817=ORIENTED_EDGE('',*,*,#1150,.T.);
#818=ORIENTED_EDGE('',*,*,#1147,.T.);
#819=ORIENTED_EDGE('',*,*,#987,.F.);
#820=ORIENTED_EDGE('',*,*,#1151,.F.);
#821=ORIENTED_EDGE('',*,*,#1152,.T.);
#822=ORIENTED_EDGE('',*,*,#1149,.T.);
#823=ORIENTED_EDGE('',*,*,#986,.F.);
#824=ORIENTED_EDGE('',*,*,#1153,.F.);
#825=ORIENTED_EDGE('',*,*,#1154,.T.);
#826=ORIENTED_EDGE('',*,*,#1151,.T.);
#827=ORIENTED_EDGE('',*,*,#985,.F.);
#828=ORIENTED_EDGE('',*,*,#1155,.F.);
#829=ORIENTED_EDGE('',*,*,#1156,.T.);
#830=ORIENTED_EDGE('',*,*,#1153,.T.);
#831=ORIENTED_EDGE('',*,*,#984,.F.);
#832=ORIENTED_EDGE('',*,*,#1157,.F.);
#833=ORIENTED_EDGE('',*,*,#1158,.T.);
#834=ORIENTED_EDGE('',*,*,#1155,.T.);
#835=ORIENTED_EDGE('',*,*,#983,.F.);
#836=ORIENTED_EDGE('',*,*,#1159,.F.);
#837=ORIENTED_EDGE('',*,*,#1160,.T.);
#838=ORIENTED_EDGE('',*,*,#1157,.T.);
#839=ORIENTED_EDGE('',*,*,#982,.F.);
#840=ORIENTED_EDGE('',*,*,#1161,.F.);
#841=ORIENTED_EDGE('',*,*,#1162,.T.);
#842=ORIENTED_EDGE('',*,*,#1159,.T.);
#843=ORIENTED_EDGE('',*,*,#981,.F.);
#844=ORIENTED_EDGE('',*,*,#1163,.F.);
#845=ORIENTED_EDGE('',*,*,#1164,.T.);
#846=ORIENTED_EDGE('',*,*,#1161,.T.);
#847=ORIENTED_EDGE('',*,*,#980,.F.);
#848=ORIENTED_EDGE('',*,*,#1165,.F.);
#849=ORIENTED_EDGE('',*,*,#1166,.T.);
#850=ORIENTED_EDGE('',*,*,#1163,.T.);
#851=ORIENTED_EDGE('',*,*,#1167,.F.);
#852=ORIENTED_EDGE('',*,*,#1168,.F.);
#853=ORIENTED_EDGE('',*,*,#1169,.T.);
#854=ORIENTED_EDGE('',*,*,#1170,.T.);
#855=ORIENTED_EDGE('',*,*,#1171,.F.);
#856=ORIENTED_EDGE('',*,*,#1172,.F.);
#857=ORIENTED_EDGE('',*,*,#1173,.T.);
#858=ORIENTED_EDGE('',*,*,#1168,.T.);
#859=ORIENTED_EDGE('',*,*,#1174,.F.);
#860=ORIENTED_EDGE('',*,*,#1175,.F.);
#861=ORIENTED_EDGE('',*,*,#1176,.T.);
#862=ORIENTED_EDGE('',*,*,#1172,.T.);
#863=ORIENTED_EDGE('',*,*,#1177,.F.);
#864=ORIENTED_EDGE('',*,*,#1178,.F.);
#865=ORIENTED_EDGE('',*,*,#1179,.T.);
#866=ORIENTED_EDGE('',*,*,#1175,.T.);
#867=ORIENTED_EDGE('',*,*,#1180,.F.);
#868=ORIENTED_EDGE('',*,*,#1181,.F.);
#869=ORIENTED_EDGE('',*,*,#1182,.T.);
#870=ORIENTED_EDGE('',*,*,#1178,.T.);
#871=ORIENTED_EDGE('',*,*,#1183,.F.);
#872=ORIENTED_EDGE('',*,*,#1184,.F.);
#873=ORIENTED_EDGE('',*,*,#1185,.T.);
#874=ORIENTED_EDGE('',*,*,#1181,.T.);
#875=ORIENTED_EDGE('',*,*,#1186,.F.);
#876=ORIENTED_EDGE('',*,*,#1170,.F.);
#877=ORIENTED_EDGE('',*,*,#1187,.T.);
#878=ORIENTED_EDGE('',*,*,#1184,.T.);
#879=ORIENTED_EDGE('',*,*,#979,.F.);
#880=ORIENTED_EDGE('',*,*,#1114,.F.);
#881=ORIENTED_EDGE('',*,*,#1188,.T.);
#882=ORIENTED_EDGE('',*,*,#1165,.T.);
#883=ORIENTED_EDGE('',*,*,#1169,.F.);
#884=ORIENTED_EDGE('',*,*,#1173,.F.);
#885=ORIENTED_EDGE('',*,*,#1176,.F.);
#886=ORIENTED_EDGE('',*,*,#1179,.F.);
#887=ORIENTED_EDGE('',*,*,#1182,.F.);
#888=ORIENTED_EDGE('',*,*,#1185,.F.);
#889=ORIENTED_EDGE('',*,*,#1187,.F.);
#890=ORIENTED_EDGE('',*,*,#1113,.F.);
#891=ORIENTED_EDGE('',*,*,#1116,.F.);
#892=ORIENTED_EDGE('',*,*,#1118,.F.);
#893=ORIENTED_EDGE('',*,*,#1120,.F.);
#894=ORIENTED_EDGE('',*,*,#1122,.F.);
#895=ORIENTED_EDGE('',*,*,#1124,.F.);
#896=ORIENTED_EDGE('',*,*,#1126,.F.);
#897=ORIENTED_EDGE('',*,*,#1128,.F.);
#898=ORIENTED_EDGE('',*,*,#1130,.F.);
#899=ORIENTED_EDGE('',*,*,#1132,.F.);
#900=ORIENTED_EDGE('',*,*,#1134,.F.);
#901=ORIENTED_EDGE('',*,*,#1136,.F.);
#902=ORIENTED_EDGE('',*,*,#1138,.F.);
#903=ORIENTED_EDGE('',*,*,#1140,.F.);
#904=ORIENTED_EDGE('',*,*,#1142,.F.);
#905=ORIENTED_EDGE('',*,*,#1144,.F.);
#906=ORIENTED_EDGE('',*,*,#1146,.F.);
#907=ORIENTED_EDGE('',*,*,#1148,.F.);
#908=ORIENTED_EDGE('',*,*,#1150,.F.);
#909=ORIENTED_EDGE('',*,*,#1152,.F.);
#910=ORIENTED_EDGE('',*,*,#1154,.F.);
#911=ORIENTED_EDGE('',*,*,#1156,.F.);
#912=ORIENTED_EDGE('',*,*,#1158,.F.);
#913=ORIENTED_EDGE('',*,*,#1160,.F.);
#914=ORIENTED_EDGE('',*,*,#1162,.F.);
#915=ORIENTED_EDGE('',*,*,#1164,.F.);
#916=ORIENTED_EDGE('',*,*,#1166,.F.);
#917=ORIENTED_EDGE('',*,*,#1188,.F.);
#918=ORIENTED_EDGE('',*,*,#1167,.T.);
#919=ORIENTED_EDGE('',*,*,#1186,.T.);
#920=ORIENTED_EDGE('',*,*,#1183,.T.);
#921=ORIENTED_EDGE('',*,*,#1180,.T.);
#922=ORIENTED_EDGE('',*,*,#1177,.T.);
#923=ORIENTED_EDGE('',*,*,#1174,.T.);
#924=ORIENTED_EDGE('',*,*,#1171,.T.);
#925=EDGE_CURVE('',#1189,#1190,#1365,.F.);
#926=EDGE_CURVE('',#1190,#1191,#1366,.F.);
#927=EDGE_CURVE('',#1191,#1192,#129,.T.);
#928=EDGE_CURVE('',#1192,#1193,#1367,.F.);
#929=EDGE_CURVE('',#1193,#1194,#1368,.F.);
#930=EDGE_CURVE('',#1194,#1195,#130,.T.);
#931=EDGE_CURVE('',#1195,#1196,#1369,.F.);
#932=EDGE_CURVE('',#1196,#1197,#1370,.F.);
#933=EDGE_CURVE('',#1197,#1198,#131,.T.);
#934=EDGE_CURVE('',#1198,#1199,#1371,.F.);
#935=EDGE_CURVE('',#1199,#1200,#1372,.F.);
#936=EDGE_CURVE('',#1200,#1201,#132,.T.);
#937=EDGE_CURVE('',#1201,#1202,#77,.T.);
#938=EDGE_CURVE('',#1202,#1203,#133,.T.);
#939=EDGE_CURVE('',#1203,#1204,#1373,.F.);
#940=EDGE_CURVE('',#1204,#1205,#1374,.F.);
#941=EDGE_CURVE('',#1205,#1206,#134,.T.);
#942=EDGE_CURVE('',#1206,#1207,#1375,.F.);
#943=EDGE_CURVE('',#1207,#1208,#1376,.F.);
#944=EDGE_CURVE('',#1208,#1209,#135,.T.);
#945=EDGE_CURVE('',#1209,#1210,#78,.T.);
#946=EDGE_CURVE('',#1210,#1189,#136,.T.);
#947=EDGE_CURVE('',#1211,#1212,#137,.T.);
#948=EDGE_CURVE('',#1212,#1213,#138,.T.);
#949=EDGE_CURVE('',#1214,#1213,#139,.T.);
#950=EDGE_CURVE('',#1211,#1214,#140,.T.);
#951=EDGE_CURVE('',#1215,#1216,#79,.T.);
#952=EDGE_CURVE('',#1216,#1217,#80,.T.);
#953=EDGE_CURVE('',#1217,#1218,#81,.T.);
#954=EDGE_CURVE('',#1218,#1219,#82,.T.);
#955=EDGE_CURVE('',#1219,#1220,#83,.T.);
#956=EDGE_CURVE('',#1220,#1221,#1377,.F.);
#957=EDGE_CURVE('',#1221,#1222,#1378,.F.);
#958=EDGE_CURVE('',#1222,#1223,#141,.T.);
#959=EDGE_CURVE('',#1223,#1224,#1379,.F.);
#960=EDGE_CURVE('',#1224,#1225,#1380,.F.);
#961=EDGE_CURVE('',#1225,#1226,#1381,.T.);
#962=EDGE_CURVE('',#1226,#1227,#84,.T.);
#963=EDGE_CURVE('',#1227,#1228,#85,.T.);
#964=EDGE_CURVE('',#1228,#1229,#86,.T.);
#965=EDGE_CURVE('',#1229,#1230,#87,.T.);
#966=EDGE_CURVE('',#1230,#1231,#88,.T.);
#967=EDGE_CURVE('',#1231,#1232,#89,.T.);
#968=EDGE_CURVE('',#1232,#1233,#90,.T.);
#969=EDGE_CURVE('',#1233,#1234,#1382,.F.);
#970=EDGE_CURVE('',#1234,#1235,#1383,.F.);
#971=EDGE_CURVE('',#1235,#1236,#142,.T.);
#972=EDGE_CURVE('',#1236,#1237,#1384,.F.);
#973=EDGE_CURVE('',#1237,#1238,#1385,.F.);
#974=EDGE_CURVE('',#1238,#1239,#1386,.T.);
#975=EDGE_CURVE('',#1239,#1240,#91,.T.);
#976=EDGE_CURVE('',#1240,#1241,#92,.T.);
#977=EDGE_CURVE('',#1241,#1215,#93,.T.);
#978=EDGE_CURVE('',#1242,#1243,#1387,.F.);
#979=EDGE_CURVE('',#1243,#1244,#1388,.F.);
#980=EDGE_CURVE('',#1244,#1245,#143,.T.);
#981=EDGE_CURVE('',#1245,#1246,#1389,.F.);
#982=EDGE_CURVE('',#1246,#1247,#1390,.F.);
#983=EDGE_CURVE('',#1247,#1248,#1391,.F.);
#984=EDGE_CURVE('',#1248,#1249,#94,.T.);
#985=EDGE_CURVE('',#1249,#1250,#95,.T.);
#986=EDGE_CURVE('',#1250,#1251,#96,.T.);
#987=EDGE_CURVE('',#1251,#1252,#1392,.F.);
#988=EDGE_CURVE('',#1252,#1253,#1393,.T.);
#989=EDGE_CURVE('',#1253,#1254,#1394,.T.);
#990=EDGE_CURVE('',#1254,#1255,#97,.T.);
#991=EDGE_CURVE('',#1255,#1256,#144,.T.);
#992=EDGE_CURVE('',#1256,#1257,#1395,.F.);
#993=EDGE_CURVE('',#1257,#1258,#1396,.F.);
#994=EDGE_CURVE('',#1258,#1259,#145,.T.);
#995=EDGE_CURVE('',#1259,#1260,#1397,.F.);
#996=EDGE_CURVE('',#1260,#1261,#1398,.F.);
#997=EDGE_CURVE('',#1261,#1262,#146,.T.);
#998=EDGE_CURVE('',#1262,#1263,#98,.T.);
#999=EDGE_CURVE('',#1263,#1264,#99,.T.);
#1000=EDGE_CURVE('',#1264,#1265,#147,.T.);
#1001=EDGE_CURVE('',#1265,#1266,#1399,.T.);
#1002=EDGE_CURVE('',#1266,#1267,#148,.T.);
#1003=EDGE_CURVE('',#1267,#1268,#1400,.F.);
#1004=EDGE_CURVE('',#1268,#1269,#1401,.F.);
#1005=EDGE_CURVE('',#1269,#1242,#149,.T.);
#1006=EDGE_CURVE('',#1270,#1211,#150,.T.);
#1007=EDGE_CURVE('',#1270,#1271,#151,.T.);
#1008=EDGE_CURVE('',#1271,#1212,#152,.T.);
#1009=EDGE_CURVE('',#1272,#1214,#153,.T.);
#1010=EDGE_CURVE('',#1270,#1272,#154,.T.);
#1011=EDGE_CURVE('',#1273,#1213,#155,.T.);
#1012=EDGE_CURVE('',#1272,#1273,#156,.T.);
#1013=EDGE_CURVE('',#1271,#1273,#157,.T.);
#1014=EDGE_CURVE('',#1274,#1215,#158,.T.);
#1015=EDGE_CURVE('',#1274,#1275,#100,.T.);
#1016=EDGE_CURVE('',#1275,#1216,#159,.T.);
#1017=EDGE_CURVE('',#1276,#1241,#160,.T.);
#1018=EDGE_CURVE('',#1276,#1274,#101,.T.);
#1019=EDGE_CURVE('',#1277,#1240,#161,.T.);
#1020=EDGE_CURVE('',#1277,#1276,#102,.T.);
#1021=EDGE_CURVE('',#1278,#1239,#162,.T.);
#1022=EDGE_CURVE('',#1278,#1277,#103,.T.);
#1023=EDGE_CURVE('',#1279,#1238,#163,.T.);
#1024=EDGE_CURVE('',#1279,#1278,#1402,.T.);
#1025=EDGE_CURVE('',#1280,#1237,#164,.T.);
#1026=EDGE_CURVE('',#1280,#1279,#1403,.F.);
#1027=EDGE_CURVE('',#1281,#1236,#165,.T.);
#1028=EDGE_CURVE('',#1281,#1280,#1404,.F.);
#1029=EDGE_CURVE('',#1282,#1235,#166,.T.);
#1030=EDGE_CURVE('',#1282,#1281,#167,.T.);
#1031=EDGE_CURVE('',#1283,#1234,#168,.T.);
#1032=EDGE_CURVE('',#1283,#1282,#1405,.F.);
#1033=EDGE_CURVE('',#1284,#1233,#169,.T.);
#1034=EDGE_CURVE('',#1284,#1283,#1406,.F.);
#1035=EDGE_CURVE('',#1285,#1232,#170,.T.);
#1036=EDGE_CURVE('',#1285,#1284,#104,.T.);
#1037=EDGE_CURVE('',#1286,#1231,#171,.T.);
#1038=EDGE_CURVE('',#1286,#1285,#105,.T.);
#1039=EDGE_CURVE('',#1287,#1230,#172,.T.);
#1040=EDGE_CURVE('',#1287,#1286,#106,.T.);
#1041=EDGE_CURVE('',#1288,#1229,#173,.T.);
#1042=EDGE_CURVE('',#1288,#1287,#107,.T.);
#1043=EDGE_CURVE('',#1289,#1228,#174,.T.);
#1044=EDGE_CURVE('',#1289,#1288,#108,.T.);
#1045=EDGE_CURVE('',#1290,#1227,#175,.T.);
#1046=EDGE_CURVE('',#1290,#1289,#109,.T.);
#1047=EDGE_CURVE('',#1291,#1226,#176,.T.);
#1048=EDGE_CURVE('',#1291,#1290,#110,.T.);
#1049=EDGE_CURVE('',#1292,#1225,#177,.T.);
#1050=EDGE_CURVE('',#1292,#1291,#1407,.T.);
#1051=EDGE_CURVE('',#1293,#1224,#178,.T.);
#1052=EDGE_CURVE('',#1293,#1292,#1408,.F.);
#1053=EDGE_CURVE('',#1294,#1223,#179,.T.);
#1054=EDGE_CURVE('',#1294,#1293,#1409,.F.);
#1055=EDGE_CURVE('',#1295,#1222,#180,.T.);
#1056=EDGE_CURVE('',#1295,#1294,#181,.T.);
#1057=EDGE_CURVE('',#1296,#1221,#182,.T.);
#1058=EDGE_CURVE('',#1296,#1295,#1410,.F.);
#1059=EDGE_CURVE('',#1297,#1220,#183,.T.);
#1060=EDGE_CURVE('',#1297,#1296,#1411,.F.);
#1061=EDGE_CURVE('',#1298,#1219,#184,.T.);
#1062=EDGE_CURVE('',#1298,#1297,#111,.T.);
#1063=EDGE_CURVE('',#1299,#1218,#185,.T.);
#1064=EDGE_CURVE('',#1299,#1298,#112,.T.);
#1065=EDGE_CURVE('',#1300,#1217,#186,.T.);
#1066=EDGE_CURVE('',#1300,#1299,#113,.T.);
#1067=EDGE_CURVE('',#1275,#1300,#114,.T.);
#1068=EDGE_CURVE('',#1301,#1189,#187,.T.);
#1069=EDGE_CURVE('',#1301,#1302,#1412,.F.);
#1070=EDGE_CURVE('',#1302,#1190,#188,.T.);
#1071=EDGE_CURVE('',#1303,#1210,#189,.T.);
#1072=EDGE_CURVE('',#1303,#1301,#190,.T.);
#1073=EDGE_CURVE('',#1304,#1209,#191,.T.);
#1074=EDGE_CURVE('',#1304,#1303,#115,.T.);
#1075=EDGE_CURVE('',#1305,#1208,#192,.T.);
#1076=EDGE_CURVE('',#1305,#1304,#193,.T.);
#1077=EDGE_CURVE('',#1306,#1207,#194,.T.);
#1078=EDGE_CURVE('',#1306,#1305,#1413,.F.);
#1079=EDGE_CURVE('',#1307,#1206,#195,.T.);
#1080=EDGE_CURVE('',#1307,#1306,#1414,.F.);
#1081=EDGE_CURVE('',#1308,#1205,#196,.T.);
#1082=EDGE_CURVE('',#1308,#1307,#197,.T.);
#1083=EDGE_CURVE('',#1309,#1204,#198,.T.);
#1084=EDGE_CURVE('',#1309,#1308,#1415,.F.);
#1085=EDGE_CURVE('',#1310,#1203,#199,.T.);
#1086=EDGE_CURVE('',#1310,#1309,#1416,.F.);
#1087=EDGE_CURVE('',#1311,#1202,#200,.T.);
#1088=EDGE_CURVE('',#1311,#1310,#201,.T.);
#1089=EDGE_CURVE('',#1312,#1201,#202,.T.);
#1090=EDGE_CURVE('',#1312,#1311,#116,.T.);
#1091=EDGE_CURVE('',#1313,#1200,#203,.T.);
#1092=EDGE_CURVE('',#1313,#1312,#204,.T.);
#1093=EDGE_CURVE('',#1314,#1199,#205,.T.);
#1094=EDGE_CURVE('',#1314,#1313,#1417,.F.);
#1095=EDGE_CURVE('',#1315,#1198,#206,.T.);
#1096=EDGE_CURVE('',#1315,#1314,#1418,.F.);
#1097=EDGE_CURVE('',#1316,#1197,#207,.T.);
#1098=EDGE_CURVE('',#1316,#1315,#208,.T.);
#1099=EDGE_CURVE('',#1317,#1196,#209,.T.);
#1100=EDGE_CURVE('',#1317,#1316,#1419,.F.);
#1101=EDGE_CURVE('',#1318,#1195,#210,.T.);
#1102=EDGE_CURVE('',#1318,#1317,#1420,.F.);
#1103=EDGE_CURVE('',#1319,#1194,#211,.T.);
#1104=EDGE_CURVE('',#1319,#1318,#212,.T.);
#1105=EDGE_CURVE('',#1320,#1193,#213,.T.);
#1106=EDGE_CURVE('',#1320,#1319,#1421,.F.);
#1107=EDGE_CURVE('',#1321,#1192,#214,.T.);
#1108=EDGE_CURVE('',#1321,#1320,#1422,.F.);
#1109=EDGE_CURVE('',#1322,#1191,#215,.T.);
#1110=EDGE_CURVE('',#1322,#1321,#216,.T.);
#1111=EDGE_CURVE('',#1302,#1322,#1423,.F.);
#1112=EDGE_CURVE('',#1323,#1242,#217,.T.);
#1113=EDGE_CURVE('',#1323,#1324,#1424,.F.);
#1114=EDGE_CURVE('',#1324,#1243,#218,.T.);
#1115=EDGE_CURVE('',#1325,#1269,#219,.T.);
#1116=EDGE_CURVE('',#1325,#1323,#220,.T.);
#1117=EDGE_CURVE('',#1326,#1268,#221,.T.);
#1118=EDGE_CURVE('',#1326,#1325,#1425,.F.);
#1119=EDGE_CURVE('',#1327,#1267,#222,.T.);
#1120=EDGE_CURVE('',#1327,#1326,#1426,.F.);
#1121=EDGE_CURVE('',#1328,#1266,#223,.T.);
#1122=EDGE_CURVE('',#1328,#1327,#224,.T.);
#1123=EDGE_CURVE('',#1329,#1265,#225,.T.);
#1124=EDGE_CURVE('',#1329,#1328,#1427,.T.);
#1125=EDGE_CURVE('',#1330,#1264,#226,.T.);
#1126=EDGE_CURVE('',#1330,#1329,#227,.T.);
#1127=EDGE_CURVE('',#1331,#1263,#228,.T.);
#1128=EDGE_CURVE('',#1331,#1330,#117,.T.);
#1129=EDGE_CURVE('',#1332,#1262,#229,.T.);
#1130=EDGE_CURVE('',#1332,#1331,#118,.T.);
#1131=EDGE_CURVE('',#1333,#1261,#230,.T.);
#1132=EDGE_CURVE('',#1333,#1332,#231,.T.);
#1133=EDGE_CURVE('',#1334,#1260,#232,.T.);
#1134=EDGE_CURVE('',#1334,#1333,#1428,.F.);
#1135=EDGE_CURVE('',#1335,#1259,#233,.T.);
#1136=EDGE_CURVE('',#1335,#1334,#1429,.F.);
#1137=EDGE_CURVE('',#1336,#1258,#234,.T.);
#1138=EDGE_CURVE('',#1336,#1335,#235,.T.);
#1139=EDGE_CURVE('',#1337,#1257,#236,.T.);
#1140=EDGE_CURVE('',#1337,#1336,#1430,.F.);
#1141=EDGE_CURVE('',#1338,#1256,#237,.T.);
#1142=EDGE_CURVE('',#1338,#1337,#1431,.F.);
#1143=EDGE_CURVE('',#1339,#1255,#238,.T.);
#1144=EDGE_CURVE('',#1339,#1338,#239,.T.);
#1145=EDGE_CURVE('',#1340,#1254,#240,.T.);
#1146=EDGE_CURVE('',#1340,#1339,#119,.T.);
#1147=EDGE_CURVE('',#1341,#1253,#241,.T.);
#1148=EDGE_CURVE('',#1341,#1340,#1432,.T.);
#1149=EDGE_CURVE('',#1342,#1252,#242,.T.);
#1150=EDGE_CURVE('',#1342,#1341,#1433,.T.);
#1151=EDGE_CURVE('',#1343,#1251,#243,.T.);
#1152=EDGE_CURVE('',#1343,#1342,#1434,.F.);
#1153=EDGE_CURVE('',#1344,#1250,#244,.T.);
#1154=EDGE_CURVE('',#1344,#1343,#120,.T.);
#1155=EDGE_CURVE('',#1345,#1249,#245,.T.);
#1156=EDGE_CURVE('',#1345,#1344,#121,.T.);
#1157=EDGE_CURVE('',#1346,#1248,#246,.T.);
#1158=EDGE_CURVE('',#1346,#1345,#122,.T.);
#1159=EDGE_CURVE('',#1347,#1247,#247,.T.);
#1160=EDGE_CURVE('',#1347,#1346,#1435,.F.);
#1161=EDGE_CURVE('',#1348,#1246,#248,.T.);
#1162=EDGE_CURVE('',#1348,#1347,#1436,.F.);
#1163=EDGE_CURVE('',#1349,#1245,#249,.T.);
#1164=EDGE_CURVE('',#1349,#1348,#1437,.F.);
#1165=EDGE_CURVE('',#1350,#1244,#250,.T.);
#1166=EDGE_CURVE('',#1350,#1349,#251,.T.);
#1167=EDGE_CURVE('',#1351,#1352,#252,.T.);
#1168=EDGE_CURVE('',#1353,#1351,#253,.T.);
#1169=EDGE_CURVE('',#1353,#1354,#254,.T.);
#1170=EDGE_CURVE('',#1354,#1352,#255,.T.);
#1171=EDGE_CURVE('',#1355,#1351,#1438,.T.);
#1172=EDGE_CURVE('',#1356,#1355,#256,.T.);
#1173=EDGE_CURVE('',#1356,#1353,#1439,.T.);
#1174=EDGE_CURVE('',#1357,#1355,#1440,.T.);
#1175=EDGE_CURVE('',#1358,#1357,#257,.T.);
#1176=EDGE_CURVE('',#1358,#1356,#1441,.T.);
#1177=EDGE_CURVE('',#1359,#1357,#123,.T.);
#1178=EDGE_CURVE('',#1360,#1359,#258,.T.);
#1179=EDGE_CURVE('',#1360,#1358,#124,.T.);
#1180=EDGE_CURVE('',#1361,#1359,#125,.T.);
#1181=EDGE_CURVE('',#1362,#1361,#259,.T.);
#1182=EDGE_CURVE('',#1362,#1360,#126,.T.);
#1183=EDGE_CURVE('',#1363,#1361,#260,.T.);
#1184=EDGE_CURVE('',#1364,#1363,#261,.T.);
#1185=EDGE_CURVE('',#1364,#1362,#262,.T.);
#1186=EDGE_CURVE('',#1352,#1363,#127,.T.);
#1187=EDGE_CURVE('',#1354,#1364,#128,.T.);
#1188=EDGE_CURVE('',#1324,#1350,#1442,.F.);
#1189=VERTEX_POINT('',#2352);
#1190=VERTEX_POINT('',#2353);
#1191=VERTEX_POINT('',#2355);
#1192=VERTEX_POINT('',#2357);
#1193=VERTEX_POINT('',#2359);
#1194=VERTEX_POINT('',#2361);
#1195=VERTEX_POINT('',#2363);
#1196=VERTEX_POINT('',#2365);
#1197=VERTEX_POINT('',#2367);
#1198=VERTEX_POINT('',#2369);
#1199=VERTEX_POINT('',#2371);
#1200=VERTEX_POINT('',#2373);
#1201=VERTEX_POINT('',#2375);
#1202=VERTEX_POINT('',#2379);
#1203=VERTEX_POINT('',#2381);
#1204=VERTEX_POINT('',#2383);
#1205=VERTEX_POINT('',#2385);
#1206=VERTEX_POINT('',#2387);
#1207=VERTEX_POINT('',#2389);
#1208=VERTEX_POINT('',#2391);
#1209=VERTEX_POINT('',#2393);
#1210=VERTEX_POINT('',#2397);
#1211=VERTEX_POINT('',#2400);
#1212=VERTEX_POINT('',#2401);
#1213=VERTEX_POINT('',#2403);
#1214=VERTEX_POINT('',#2405);
#1215=VERTEX_POINT('',#2410);
#1216=VERTEX_POINT('',#2411);
#1217=VERTEX_POINT('',#2415);
#1218=VERTEX_POINT('',#2419);
#1219=VERTEX_POINT('',#2423);
#1220=VERTEX_POINT('',#2427);
#1221=VERTEX_POINT('',#2429);
#1222=VERTEX_POINT('',#2431);
#1223=VERTEX_POINT('',#2433);
#1224=VERTEX_POINT('',#2435);
#1225=VERTEX_POINT('',#2437);
#1226=VERTEX_POINT('',#2439);
#1227=VERTEX_POINT('',#2443);
#1228=VERTEX_POINT('',#2447);
#1229=VERTEX_POINT('',#2451);
#1230=VERTEX_POINT('',#2455);
#1231=VERTEX_POINT('',#2459);
#1232=VERTEX_POINT('',#2463);
#1233=VERTEX_POINT('',#2467);
#1234=VERTEX_POINT('',#2469);
#1235=VERTEX_POINT('',#2471);
#1236=VERTEX_POINT('',#2473);
#1237=VERTEX_POINT('',#2475);
#1238=VERTEX_POINT('',#2477);
#1239=VERTEX_POINT('',#2479);
#1240=VERTEX_POINT('',#2483);
#1241=VERTEX_POINT('',#2487);
#1242=VERTEX_POINT('',#2492);
#1243=VERTEX_POINT('',#2493);
#1244=VERTEX_POINT('',#2495);
#1245=VERTEX_POINT('',#2497);
#1246=VERTEX_POINT('',#2499);
#1247=VERTEX_POINT('',#2501);
#1248=VERTEX_POINT('',#2503);
#1249=VERTEX_POINT('',#2507);
#1250=VERTEX_POINT('',#2511);
#1251=VERTEX_POINT('',#2515);
#1252=VERTEX_POINT('',#2517);
#1253=VERTEX_POINT('',#2519);
#1254=VERTEX_POINT('',#2521);
#1255=VERTEX_POINT('',#2525);
#1256=VERTEX_POINT('',#2527);
#1257=VERTEX_POINT('',#2529);
#1258=VERTEX_POINT('',#2531);
#1259=VERTEX_POINT('',#2533);
#1260=VERTEX_POINT('',#2535);
#1261=VERTEX_POINT('',#2537);
#1262=VERTEX_POINT('',#2539);
#1263=VERTEX_POINT('',#2543);
#1264=VERTEX_POINT('',#2547);
#1265=VERTEX_POINT('',#2549);
#1266=VERTEX_POINT('',#2551);
#1267=VERTEX_POINT('',#2553);
#1268=VERTEX_POINT('',#2555);
#1269=VERTEX_POINT('',#2557);
#1270=VERTEX_POINT('',#2561);
#1271=VERTEX_POINT('',#2563);
#1272=VERTEX_POINT('',#2567);
#1273=VERTEX_POINT('',#2571);
#1274=VERTEX_POINT('',#2585);
#1275=VERTEX_POINT('',#2589);
#1276=VERTEX_POINT('',#2600);
#1277=VERTEX_POINT('',#2613);
#1278=VERTEX_POINT('',#2626);
#1279=VERTEX_POINT('',#2632);
#1280=VERTEX_POINT('',#2636);
#1281=VERTEX_POINT('',#2640);
#1282=VERTEX_POINT('',#2644);
#1283=VERTEX_POINT('',#2648);
#1284=VERTEX_POINT('',#2652);
#1285=VERTEX_POINT('',#2663);
#1286=VERTEX_POINT('',#2676);
#1287=VERTEX_POINT('',#2689);
#1288=VERTEX_POINT('',#2702);
#1289=VERTEX_POINT('',#2715);
#1290=VERTEX_POINT('',#2728);
#1291=VERTEX_POINT('',#2741);
#1292=VERTEX_POINT('',#2747);
#1293=VERTEX_POINT('',#2751);
#1294=VERTEX_POINT('',#2755);
#1295=VERTEX_POINT('',#2759);
#1296=VERTEX_POINT('',#2763);
#1297=VERTEX_POINT('',#2767);
#1298=VERTEX_POINT('',#2778);
#1299=VERTEX_POINT('',#2791);
#1300=VERTEX_POINT('',#2804);
#1301=VERTEX_POINT('',#2822);
#1302=VERTEX_POINT('',#2824);
#1303=VERTEX_POINT('',#2828);
#1304=VERTEX_POINT('',#2839);
#1305=VERTEX_POINT('',#2845);
#1306=VERTEX_POINT('',#2849);
#1307=VERTEX_POINT('',#2853);
#1308=VERTEX_POINT('',#2857);
#1309=VERTEX_POINT('',#2861);
#1310=VERTEX_POINT('',#2865);
#1311=VERTEX_POINT('',#2869);
#1312=VERTEX_POINT('',#2880);
#1313=VERTEX_POINT('',#2886);
#1314=VERTEX_POINT('',#2890);
#1315=VERTEX_POINT('',#2894);
#1316=VERTEX_POINT('',#2898);
#1317=VERTEX_POINT('',#2902);
#1318=VERTEX_POINT('',#2906);
#1319=VERTEX_POINT('',#2910);
#1320=VERTEX_POINT('',#2914);
#1321=VERTEX_POINT('',#2918);
#1322=VERTEX_POINT('',#2922);
#1323=VERTEX_POINT('',#2929);
#1324=VERTEX_POINT('',#2931);
#1325=VERTEX_POINT('',#2935);
#1326=VERTEX_POINT('',#2939);
#1327=VERTEX_POINT('',#2943);
#1328=VERTEX_POINT('',#2947);
#1329=VERTEX_POINT('',#2951);
#1330=VERTEX_POINT('',#2955);
#1331=VERTEX_POINT('',#2966);
#1332=VERTEX_POINT('',#2979);
#1333=VERTEX_POINT('',#2985);
#1334=VERTEX_POINT('',#2989);
#1335=VERTEX_POINT('',#2993);
#1336=VERTEX_POINT('',#2997);
#1337=VERTEX_POINT('',#3001);
#1338=VERTEX_POINT('',#3005);
#1339=VERTEX_POINT('',#3009);
#1340=VERTEX_POINT('',#3020);
#1341=VERTEX_POINT('',#3026);
#1342=VERTEX_POINT('',#3030);
#1343=VERTEX_POINT('',#3034);
#1344=VERTEX_POINT('',#3045);
#1345=VERTEX_POINT('',#3058);
#1346=VERTEX_POINT('',#3071);
#1347=VERTEX_POINT('',#3077);
#1348=VERTEX_POINT('',#3081);
#1349=VERTEX_POINT('',#3085);
#1350=VERTEX_POINT('',#3089);
#1351=VERTEX_POINT('',#3093);
#1352=VERTEX_POINT('',#3094);
#1353=VERTEX_POINT('',#3096);
#1354=VERTEX_POINT('',#3098);
#1355=VERTEX_POINT('',#3102);
#1356=VERTEX_POINT('',#3104);
#1357=VERTEX_POINT('',#3108);
#1358=VERTEX_POINT('',#3110);
#1359=VERTEX_POINT('',#3123);
#1360=VERTEX_POINT('',#3125);
#1361=VERTEX_POINT('',#3140);
#1362=VERTEX_POINT('',#3142);
#1363=VERTEX_POINT('',#3148);
#1364=VERTEX_POINT('',#3150);
#1365=CIRCLE('',#1776,0.000353612384272849);
#1366=CIRCLE('',#1777,0.000338925931254239);
#1367=CIRCLE('',#1778,0.0003503631046889);
#1368=CIRCLE('',#1779,0.000347934676590567);
#1369=CIRCLE('',#1780,0.00034958106873766);
#1370=CIRCLE('',#1781,0.000349581068737662);
#1371=CIRCLE('',#1782,0.000338187809365922);
#1372=CIRCLE('',#1783,0.000355304646024513);
#1373=CIRCLE('',#1784,0.000349581068737664);
#1374=CIRCLE('',#1785,0.000349581068717584);
#1375=CIRCLE('',#1786,0.000349581068737662);
#1376=CIRCLE('',#1787,0.000349581068737674);
#1377=CIRCLE('',#1788,0.000436975859417728);
#1378=CIRCLE('',#1789,0.000532987551019839);
#1379=CIRCLE('',#1790,0.000209618462771216);
#1380=CIRCLE('',#1791,0.000240180676783079);
#1381=CIRCLE('',#1792,0.00269006746184847);
#1382=CIRCLE('',#1793,0.000468613706708721);
#1383=CIRCLE('',#1794,0.000585485691621606);
#1384=CIRCLE('',#1795,0.000183398505142778);
#1385=CIRCLE('',#1796,0.000224186533915984);
#1386=CIRCLE('',#1797,0.00196269920083095);
#1387=CIRCLE('',#1798,0.000347934676590568);
#1388=CIRCLE('',#1799,0.000350363104688904);
#1389=CIRCLE('',#1800,0.000416051734325339);
#1390=CIRCLE('',#1801,0.000361816594259946);
#1391=CIRCLE('',#1802,0.0112634935509751);
#1392=CIRCLE('',#1803,0.00130507996353144);
#1393=CIRCLE('',#1804,5.20560300050838E-6);
#1394=CIRCLE('',#1805,1.11811636798149E-5);
#1395=CIRCLE('',#1806,0.000238655544695415);
#1396=CIRCLE('',#1807,0.000230841098823955);
#1397=CIRCLE('',#1808,0.000515549848973613);
#1398=CIRCLE('',#1809,0.000513189927938375);
#1399=CIRCLE('',#1810,4.98948564038707E-5);
#1400=CIRCLE('',#1811,0.000355304646014199);
#1401=CIRCLE('',#1812,0.000339275325125148);
#1402=CIRCLE('',#1819,0.00196269920083095);
#1403=CIRCLE('',#1821,0.000224186533915984);
#1404=CIRCLE('',#1823,0.000183398505142778);
#1405=CIRCLE('',#1826,0.000585485691621606);
#1406=CIRCLE('',#1828,0.000468613706708721);
#1407=CIRCLE('',#1830,0.00269006746184847);
#1408=CIRCLE('',#1832,0.000240180676783079);
#1409=CIRCLE('',#1834,0.000209618462771216);
#1410=CIRCLE('',#1837,0.000532987551019839);
#1411=CIRCLE('',#1839,0.000436975859417728);
#1412=CIRCLE('',#1842,0.000353612384272849);
#1413=CIRCLE('',#1846,0.000349581068737674);
#1414=CIRCLE('',#1848,0.000349581068737662);
#1415=CIRCLE('',#1851,0.000349581068717584);
#1416=CIRCLE('',#1853,0.000349581068737664);
#1417=CIRCLE('',#1857,0.000355304646024513);
#1418=CIRCLE('',#1859,0.000338187809365922);
#1419=CIRCLE('',#1862,0.000349581068737662);
#1420=CIRCLE('',#1864,0.00034958106873766);
#1421=CIRCLE('',#1867,0.000347934676590567);
#1422=CIRCLE('',#1869,0.0003503631046889);
#1423=CIRCLE('',#1872,0.000338925931254239);
#1424=CIRCLE('',#1875,0.000347934676590568);
#1425=CIRCLE('',#1878,0.000339275325125148);
#1426=CIRCLE('',#1880,0.000355304646014199);
#1427=CIRCLE('',#1883,4.98948564038707E-5);
#1428=CIRCLE('',#1887,0.000513189927938375);
#1429=CIRCLE('',#1889,0.000515549848973613);
#1430=CIRCLE('',#1892,0.000230841098823955);
#1431=CIRCLE('',#1894,0.000238655544695415);
#1432=CIRCLE('',#1897,1.11811636798149E-5);
#1433=CIRCLE('',#1899,5.20560300050838E-6);
#1434=CIRCLE('',#1901,0.00130507996353144);
#1435=CIRCLE('',#1903,0.0112634935509751);
#1436=CIRCLE('',#1905,0.000361816594259946);
#1437=CIRCLE('',#1907,0.000416051734325339);
#1438=CIRCLE('',#1911,6.10888632510025E-5);
#1439=CIRCLE('',#1912,6.10888632510025E-5);
#1440=CIRCLE('',#1914,0.00271351113653192);
#1441=CIRCLE('',#1915,0.00271351113653192);
#1442=CIRCLE('',#1918,0.000350363104688904);
#1443=EDGE_LOOP('',(#397,#398,#399,#400,#401,#402,#403,#404,#405,#406,#407,
#408,#409,#410,#411,#412,#413,#414,#415,#416,#417,#418));
#1444=EDGE_LOOP('',(#419,#420,#421,#422));
#1445=EDGE_LOOP('',(#423,#424,#425,#426,#427,#428,#429,#430,#431,#432,#433,
#434,#435,#436,#437,#438,#439,#440,#441,#442,#443,#444,#445,#446,#447,#448,
#449));
#1446=EDGE_LOOP('',(#450,#451,#452,#453,#454,#455,#456,#457,#458,#459,#460,
#461,#462,#463,#464,#465,#466,#467,#468,#469,#470,#471,#472,#473,#474,#475,
#476,#477));
#1447=EDGE_LOOP('',(#478,#479,#480,#481));
#1448=EDGE_LOOP('',(#482,#483,#484,#485));
#1449=EDGE_LOOP('',(#486,#487,#488,#489));
#1450=EDGE_LOOP('',(#490,#491,#492,#493));
#1451=EDGE_LOOP('',(#494,#495,#496,#497));
#1452=EDGE_LOOP('',(#498,#499,#500,#501));
#1453=EDGE_LOOP('',(#502,#503,#504,#505));
#1454=EDGE_LOOP('',(#506,#507,#508,#509));
#1455=EDGE_LOOP('',(#510,#511,#512,#513));
#1456=EDGE_LOOP('',(#514,#515,#516,#517));
#1457=EDGE_LOOP('',(#518,#519,#520,#521));
#1458=EDGE_LOOP('',(#522,#523,#524,#525));
#1459=EDGE_LOOP('',(#526,#527,#528,#529));
#1460=EDGE_LOOP('',(#530,#531,#532,#533));
#1461=EDGE_LOOP('',(#534,#535,#536,#537));
#1462=EDGE_LOOP('',(#538,#539,#540,#541));
#1463=EDGE_LOOP('',(#542,#543,#544,#545));
#1464=EDGE_LOOP('',(#546,#547,#548,#549));
#1465=EDGE_LOOP('',(#550,#551,#552,#553));
#1466=EDGE_LOOP('',(#554,#555,#556,#557));
#1467=EDGE_LOOP('',(#558,#559,#560,#561));
#1468=EDGE_LOOP('',(#562,#563,#564,#565));
#1469=EDGE_LOOP('',(#566,#567,#568,#569));
#1470=EDGE_LOOP('',(#570,#571,#572,#573));
#1471=EDGE_LOOP('',(#574,#575,#576,#577));
#1472=EDGE_LOOP('',(#578,#579,#580,#581));
#1473=EDGE_LOOP('',(#582,#583,#584,#585));
#1474=EDGE_LOOP('',(#586,#587,#588,#589));
#1475=EDGE_LOOP('',(#590,#591,#592,#593));
#1476=EDGE_LOOP('',(#594,#595,#596,#597));
#1477=EDGE_LOOP('',(#598,#599,#600,#601));
#1478=EDGE_LOOP('',(#602,#603,#604,#605));
#1479=EDGE_LOOP('',(#606,#607,#608,#609,#610,#611,#612,#613,#614,#615,#616,
#617,#618,#619,#620,#621,#622,#623,#624,#625,#626,#627,#628,#629,#630,#631,
#632));
#1480=EDGE_LOOP('',(#633,#634,#635,#636));
#1481=EDGE_LOOP('',(#637,#638,#639,#640));
#1482=EDGE_LOOP('',(#641,#642,#643,#644));
#1483=EDGE_LOOP('',(#645,#646,#647,#648));
#1484=EDGE_LOOP('',(#649,#650,#651,#652));
#1485=EDGE_LOOP('',(#653,#654,#655,#656));
#1486=EDGE_LOOP('',(#657,#658,#659,#660));
#1487=EDGE_LOOP('',(#661,#662,#663,#664));
#1488=EDGE_LOOP('',(#665,#666,#667,#668));
#1489=EDGE_LOOP('',(#669,#670,#671,#672));
#1490=EDGE_LOOP('',(#673,#674,#675,#676));
#1491=EDGE_LOOP('',(#677,#678,#679,#680));
#1492=EDGE_LOOP('',(#681,#682,#683,#684));
#1493=EDGE_LOOP('',(#685,#686,#687,#688));
#1494=EDGE_LOOP('',(#689,#690,#691,#692));
#1495=EDGE_LOOP('',(#693,#694,#695,#696));
#1496=EDGE_LOOP('',(#697,#698,#699,#700));
#1497=EDGE_LOOP('',(#701,#702,#703,#704));
#1498=EDGE_LOOP('',(#705,#706,#707,#708));
#1499=EDGE_LOOP('',(#709,#710,#711,#712));
#1500=EDGE_LOOP('',(#713,#714,#715,#716));
#1501=EDGE_LOOP('',(#717,#718,#719,#720));
#1502=EDGE_LOOP('',(#721,#722,#723,#724,#725,#726,#727,#728,#729,#730,#731,
#732,#733,#734,#735,#736,#737,#738,#739,#740,#741,#742));
#1503=EDGE_LOOP('',(#743,#744,#745,#746));
#1504=EDGE_LOOP('',(#747,#748,#749,#750));
#1505=EDGE_LOOP('',(#751,#752,#753,#754));
#1506=EDGE_LOOP('',(#755,#756,#757,#758));
#1507=EDGE_LOOP('',(#759,#760,#761,#762));
#1508=EDGE_LOOP('',(#763,#764,#765,#766));
#1509=EDGE_LOOP('',(#767,#768,#769,#770));
#1510=EDGE_LOOP('',(#771,#772,#773,#774));
#1511=EDGE_LOOP('',(#775,#776,#777,#778));
#1512=EDGE_LOOP('',(#779,#780,#781,#782));
#1513=EDGE_LOOP('',(#783,#784,#785,#786));
#1514=EDGE_LOOP('',(#787,#788,#789,#790));
#1515=EDGE_LOOP('',(#791,#792,#793,#794));
#1516=EDGE_LOOP('',(#795,#796,#797,#798));
#1517=EDGE_LOOP('',(#799,#800,#801,#802));
#1518=EDGE_LOOP('',(#803,#804,#805,#806));
#1519=EDGE_LOOP('',(#807,#808,#809,#810));
#1520=EDGE_LOOP('',(#811,#812,#813,#814));
#1521=EDGE_LOOP('',(#815,#816,#817,#818));
#1522=EDGE_LOOP('',(#819,#820,#821,#822));
#1523=EDGE_LOOP('',(#823,#824,#825,#826));
#1524=EDGE_LOOP('',(#827,#828,#829,#830));
#1525=EDGE_LOOP('',(#831,#832,#833,#834));
#1526=EDGE_LOOP('',(#835,#836,#837,#838));
#1527=EDGE_LOOP('',(#839,#840,#841,#842));
#1528=EDGE_LOOP('',(#843,#844,#845,#846));
#1529=EDGE_LOOP('',(#847,#848,#849,#850));
#1530=EDGE_LOOP('',(#851,#852,#853,#854));
#1531=EDGE_LOOP('',(#855,#856,#857,#858));
#1532=EDGE_LOOP('',(#859,#860,#861,#862));
#1533=EDGE_LOOP('',(#863,#864,#865,#866));
#1534=EDGE_LOOP('',(#867,#868,#869,#870));
#1535=EDGE_LOOP('',(#871,#872,#873,#874));
#1536=EDGE_LOOP('',(#875,#876,#877,#878));
#1537=EDGE_LOOP('',(#879,#880,#881,#882));
#1538=EDGE_LOOP('',(#883,#884,#885,#886,#887,#888,#889));
#1539=EDGE_LOOP('',(#890,#891,#892,#893,#894,#895,#896,#897,#898,#899,#900,
#901,#902,#903,#904,#905,#906,#907,#908,#909,#910,#911,#912,#913,#914,#915,
#916,#917));
#1540=EDGE_LOOP('',(#918,#919,#920,#921,#922,#923,#924));
#1541=FACE_BOUND('',#1443,.T.);
#1542=FACE_BOUND('',#1444,.T.);
#1543=FACE_BOUND('',#1445,.T.);
#1544=FACE_BOUND('',#1446,.T.);
#1545=FACE_BOUND('',#1447,.T.);
#1546=FACE_BOUND('',#1448,.T.);
#1547=FACE_BOUND('',#1449,.T.);
#1548=FACE_BOUND('',#1450,.T.);
#1549=FACE_BOUND('',#1451,.T.);
#1550=FACE_BOUND('',#1452,.T.);
#1551=FACE_BOUND('',#1453,.T.);
#1552=FACE_BOUND('',#1454,.T.);
#1553=FACE_BOUND('',#1455,.T.);
#1554=FACE_BOUND('',#1456,.T.);
#1555=FACE_BOUND('',#1457,.T.);
#1556=FACE_BOUND('',#1458,.T.);
#1557=FACE_BOUND('',#1459,.T.);
#1558=FACE_BOUND('',#1460,.T.);
#1559=FACE_BOUND('',#1461,.T.);
#1560=FACE_BOUND('',#1462,.T.);
#1561=FACE_BOUND('',#1463,.T.);
#1562=FACE_BOUND('',#1464,.T.);
#1563=FACE_BOUND('',#1465,.T.);
#1564=FACE_BOUND('',#1466,.T.);
#1565=FACE_BOUND('',#1467,.T.);
#1566=FACE_BOUND('',#1468,.T.);
#1567=FACE_BOUND('',#1469,.T.);
#1568=FACE_BOUND('',#1470,.T.);
#1569=FACE_BOUND('',#1471,.T.);
#1570=FACE_BOUND('',#1472,.T.);
#1571=FACE_BOUND('',#1473,.T.);
#1572=FACE_BOUND('',#1474,.T.);
#1573=FACE_BOUND('',#1475,.T.);
#1574=FACE_BOUND('',#1476,.T.);
#1575=FACE_BOUND('',#1477,.T.);
#1576=FACE_BOUND('',#1478,.T.);
#1577=FACE_BOUND('',#1479,.T.);
#1578=FACE_BOUND('',#1480,.T.);
#1579=FACE_BOUND('',#1481,.T.);
#1580=FACE_BOUND('',#1482,.T.);
#1581=FACE_BOUND('',#1483,.T.);
#1582=FACE_BOUND('',#1484,.T.);
#1583=FACE_BOUND('',#1485,.T.);
#1584=FACE_BOUND('',#1486,.T.);
#1585=FACE_BOUND('',#1487,.T.);
#1586=FACE_BOUND('',#1488,.T.);
#1587=FACE_BOUND('',#1489,.T.);
#1588=FACE_BOUND('',#1490,.T.);
#1589=FACE_BOUND('',#1491,.T.);
#1590=FACE_BOUND('',#1492,.T.);
#1591=FACE_BOUND('',#1493,.T.);
#1592=FACE_BOUND('',#1494,.T.);
#1593=FACE_BOUND('',#1495,.T.);
#1594=FACE_BOUND('',#1496,.T.);
#1595=FACE_BOUND('',#1497,.T.);
#1596=FACE_BOUND('',#1498,.T.);
#1597=FACE_BOUND('',#1499,.T.);
#1598=FACE_BOUND('',#1500,.T.);
#1599=FACE_BOUND('',#1501,.T.);
#1600=FACE_BOUND('',#1502,.T.);
#1601=FACE_BOUND('',#1503,.T.);
#1602=FACE_BOUND('',#1504,.T.);
#1603=FACE_BOUND('',#1505,.T.);
#1604=FACE_BOUND('',#1506,.T.);
#1605=FACE_BOUND('',#1507,.T.);
#1606=FACE_BOUND('',#1508,.T.);
#1607=FACE_BOUND('',#1509,.T.);
#1608=FACE_BOUND('',#1510,.T.);
#1609=FACE_BOUND('',#1511,.T.);
#1610=FACE_BOUND('',#1512,.T.);
#1611=FACE_BOUND('',#1513,.T.);
#1612=FACE_BOUND('',#1514,.T.);
#1613=FACE_BOUND('',#1515,.T.);
#1614=FACE_BOUND('',#1516,.T.);
#1615=FACE_BOUND('',#1517,.T.);
#1616=FACE_BOUND('',#1518,.T.);
#1617=FACE_BOUND('',#1519,.T.);
#1618=FACE_BOUND('',#1520,.T.);
#1619=FACE_BOUND('',#1521,.T.);
#1620=FACE_BOUND('',#1522,.T.);
#1621=FACE_BOUND('',#1523,.T.);
#1622=FACE_BOUND('',#1524,.T.);
#1623=FACE_BOUND('',#1525,.T.);
#1624=FACE_BOUND('',#1526,.T.);
#1625=FACE_BOUND('',#1527,.T.);
#1626=FACE_BOUND('',#1528,.T.);
#1627=FACE_BOUND('',#1529,.T.);
#1628=FACE_BOUND('',#1530,.T.);
#1629=FACE_BOUND('',#1531,.T.);
#1630=FACE_BOUND('',#1532,.T.);
#1631=FACE_BOUND('',#1533,.T.);
#1632=FACE_BOUND('',#1534,.T.);
#1633=FACE_BOUND('',#1535,.T.);
#1634=FACE_BOUND('',#1536,.T.);
#1635=FACE_BOUND('',#1537,.T.);
#1636=FACE_BOUND('',#1538,.T.);
#1637=FACE_BOUND('',#1539,.T.);
#1638=FACE_BOUND('',#1540,.T.);
#1639=PLANE('',#1775);
#1640=PLANE('',#1813);
#1641=PLANE('',#1814);
#1642=PLANE('',#1815);
#1643=PLANE('',#1816);
#1644=PLANE('',#1817);
#1645=PLANE('',#1824);
#1646=PLANE('',#1835);
#1647=PLANE('',#1840);
#1648=PLANE('',#1843);
#1649=PLANE('',#1844);
#1650=PLANE('',#1849);
#1651=PLANE('',#1854);
#1652=PLANE('',#1855);
#1653=PLANE('',#1860);
#1654=PLANE('',#1865);
#1655=PLANE('',#1870);
#1656=PLANE('',#1873);
#1657=PLANE('',#1876);
#1658=PLANE('',#1881);
#1659=PLANE('',#1884);
#1660=PLANE('',#1885);
#1661=PLANE('',#1890);
#1662=PLANE('',#1895);
#1663=PLANE('',#1908);
#1664=PLANE('',#1909);
#1665=PLANE('',#1916);
#1666=PLANE('',#1919);
#1667=PLANE('',#1920);
#1668=ADVANCED_FACE('',(#1541,#1542,#1543,#1544),#1639,.F.);
#1669=ADVANCED_FACE('',(#1545),#1640,.T.);
#1670=ADVANCED_FACE('',(#1546),#1641,.F.);
#1671=ADVANCED_FACE('',(#1547),#1642,.F.);
#1672=ADVANCED_FACE('',(#1548),#1643,.T.);
#1673=ADVANCED_FACE('',(#1549),#1644,.T.);
#1674=ADVANCED_FACE('',(#1550),#51,.T.);
#1675=ADVANCED_FACE('',(#1551),#52,.T.);
#1676=ADVANCED_FACE('',(#1552),#53,.T.);
#1677=ADVANCED_FACE('',(#1553),#54,.T.);
#1678=ADVANCED_FACE('',(#1554),#12,.T.);
#1679=ADVANCED_FACE('',(#1555),#13,.F.);
#1680=ADVANCED_FACE('',(#1556),#14,.F.);
#1681=ADVANCED_FACE('',(#1557),#1645,.T.);
#1682=ADVANCED_FACE('',(#1558),#15,.F.);
#1683=ADVANCED_FACE('',(#1559),#16,.F.);
#1684=ADVANCED_FACE('',(#1560),#55,.T.);
#1685=ADVANCED_FACE('',(#1561),#56,.T.);
#1686=ADVANCED_FACE('',(#1562),#57,.T.);
#1687=ADVANCED_FACE('',(#1563),#58,.T.);
#1688=ADVANCED_FACE('',(#1564),#59,.T.);
#1689=ADVANCED_FACE('',(#1565),#60,.T.);
#1690=ADVANCED_FACE('',(#1566),#61,.T.);
#1691=ADVANCED_FACE('',(#1567),#17,.T.);
#1692=ADVANCED_FACE('',(#1568),#18,.F.);
#1693=ADVANCED_FACE('',(#1569),#19,.F.);
#1694=ADVANCED_FACE('',(#1570),#1646,.T.);
#1695=ADVANCED_FACE('',(#1571),#20,.F.);
#1696=ADVANCED_FACE('',(#1572),#21,.F.);
#1697=ADVANCED_FACE('',(#1573),#62,.T.);
#1698=ADVANCED_FACE('',(#1574),#63,.T.);
#1699=ADVANCED_FACE('',(#1575),#64,.T.);
#1700=ADVANCED_FACE('',(#1576),#65,.T.);
#1701=ADVANCED_FACE('',(#1577),#1647,.T.);
#1702=ADVANCED_FACE('',(#1578),#22,.F.);
#1703=ADVANCED_FACE('',(#1579),#1648,.T.);
#1704=ADVANCED_FACE('',(#1580),#66,.T.);
#1705=ADVANCED_FACE('',(#1581),#1649,.T.);
#1706=ADVANCED_FACE('',(#1582),#23,.F.);
#1707=ADVANCED_FACE('',(#1583),#24,.F.);
#1708=ADVANCED_FACE('',(#1584),#1650,.T.);
#1709=ADVANCED_FACE('',(#1585),#25,.F.);
#1710=ADVANCED_FACE('',(#1586),#26,.F.);
#1711=ADVANCED_FACE('',(#1587),#1651,.T.);
#1712=ADVANCED_FACE('',(#1588),#67,.T.);
#1713=ADVANCED_FACE('',(#1589),#1652,.T.);
#1714=ADVANCED_FACE('',(#1590),#27,.F.);
#1715=ADVANCED_FACE('',(#1591),#28,.F.);
#1716=ADVANCED_FACE('',(#1592),#1653,.T.);
#1717=ADVANCED_FACE('',(#1593),#29,.F.);
#1718=ADVANCED_FACE('',(#1594),#30,.F.);
#1719=ADVANCED_FACE('',(#1595),#1654,.T.);
#1720=ADVANCED_FACE('',(#1596),#31,.F.);
#1721=ADVANCED_FACE('',(#1597),#32,.F.);
#1722=ADVANCED_FACE('',(#1598),#1655,.T.);
#1723=ADVANCED_FACE('',(#1599),#33,.F.);
#1724=ADVANCED_FACE('',(#1600),#1656,.T.);
#1725=ADVANCED_FACE('',(#1601),#34,.F.);
#1726=ADVANCED_FACE('',(#1602),#1657,.T.);
#1727=ADVANCED_FACE('',(#1603),#35,.F.);
#1728=ADVANCED_FACE('',(#1604),#36,.F.);
#1729=ADVANCED_FACE('',(#1605),#1658,.T.);
#1730=ADVANCED_FACE('',(#1606),#37,.T.);
#1731=ADVANCED_FACE('',(#1607),#1659,.T.);
#1732=ADVANCED_FACE('',(#1608),#68,.T.);
#1733=ADVANCED_FACE('',(#1609),#69,.T.);
#1734=ADVANCED_FACE('',(#1610),#1660,.T.);
#1735=ADVANCED_FACE('',(#1611),#38,.F.);
#1736=ADVANCED_FACE('',(#1612),#39,.F.);
#1737=ADVANCED_FACE('',(#1613),#1661,.T.);
#1738=ADVANCED_FACE('',(#1614),#40,.F.);
#1739=ADVANCED_FACE('',(#1615),#41,.F.);
#1740=ADVANCED_FACE('',(#1616),#1662,.T.);
#1741=ADVANCED_FACE('',(#1617),#70,.T.);
#1742=ADVANCED_FACE('',(#1618),#42,.T.);
#1743=ADVANCED_FACE('',(#1619),#43,.T.);
#1744=ADVANCED_FACE('',(#1620),#44,.F.);
#1745=ADVANCED_FACE('',(#1621),#71,.T.);
#1746=ADVANCED_FACE('',(#1622),#72,.T.);
#1747=ADVANCED_FACE('',(#1623),#73,.T.);
#1748=ADVANCED_FACE('',(#1624),#45,.F.);
#1749=ADVANCED_FACE('',(#1625),#46,.F.);
#1750=ADVANCED_FACE('',(#1626),#47,.F.);
#1751=ADVANCED_FACE('',(#1627),#1663,.T.);
#1752=ADVANCED_FACE('',(#1628),#1664,.T.);
#1753=ADVANCED_FACE('',(#1629),#48,.T.);
#1754=ADVANCED_FACE('',(#1630),#49,.T.);
#1755=ADVANCED_FACE('',(#1631),#74,.T.);
#1756=ADVANCED_FACE('',(#1632),#75,.T.);
#1757=ADVANCED_FACE('',(#1633),#1665,.T.);
#1758=ADVANCED_FACE('',(#1634),#76,.T.);
#1759=ADVANCED_FACE('',(#1635),#50,.F.);
#1760=ADVANCED_FACE('',(#1636,#1637),#1666,.T.);
#1761=ADVANCED_FACE('',(#1638),#1667,.F.);
#1762=CLOSED_SHELL('',(#1668,#1669,#1670,#1671,#1672,#1673,#1674,#1675,
#1676,#1677,#1678,#1679,#1680,#1681,#1682,#1683,#1684,#1685,#1686,#1687,
#1688,#1689,#1690,#1691,#1692,#1693,#1694,#1695,#1696,#1697,#1698,#1699,
#1700,#1701,#1702,#1703,#1704,#1705,#1706,#1707,#1708,#1709,#1710,#1711,
#1712,#1713,#1714,#1715,#1716,#1717,#1718,#1719,#1720,#1721,#1722,#1723,
#1724,#1725,#1726,#1727,#1728,#1729,#1730,#1731,#1732,#1733,#1734,#1735,
#1736,#1737,#1738,#1739,#1740,#1741,#1742,#1743,#1744,#1745,#1746,#1747,
#1748,#1749,#1750,#1751,#1752,#1753,#1754,#1755,#1756,#1757,#1758,#1759,
#1760,#1761));
#1763=STYLED_ITEM('',(#1764),#1771);
#1764=PRESENTATION_STYLE_ASSIGNMENT((#1765));
#1765=SURFACE_STYLE_USAGE(.BOTH.,#1766);
#1766=SURFACE_SIDE_STYLE('',(#1767));
#1767=SURFACE_STYLE_FILL_AREA(#1768);
#1768=FILL_AREA_STYLE('',(#1769));
#1769=FILL_AREA_STYLE_COLOUR('',#1770);
#1770=COLOUR_RGB('',0.615686274509804,0.811764705882353,0.929411764705882);
#1771=MANIFOLD_SOLID_BREP('Part 1',#1762);
#1772=SHAPE_DEFINITION_REPRESENTATION(#3176,#1773);
#1773=SHAPE_REPRESENTATION('Part 1',(#1774),#3171);
#1774=AXIS2_PLACEMENT_3D('',#2349,#1921,#1922);
#1775=AXIS2_PLACEMENT_3D('',#2350,#1923,#1924);
#1776=AXIS2_PLACEMENT_3D('',#2351,#1925,#1926);
#1777=AXIS2_PLACEMENT_3D('',#2354,#1927,#1928);
#1778=AXIS2_PLACEMENT_3D('',#2358,#1930,#1931);
#1779=AXIS2_PLACEMENT_3D('',#2360,#1932,#1933);
#1780=AXIS2_PLACEMENT_3D('',#2364,#1935,#1936);
#1781=AXIS2_PLACEMENT_3D('',#2366,#1937,#1938);
#1782=AXIS2_PLACEMENT_3D('',#2370,#1940,#1941);
#1783=AXIS2_PLACEMENT_3D('',#2372,#1942,#1943);
#1784=AXIS2_PLACEMENT_3D('',#2382,#1946,#1947);
#1785=AXIS2_PLACEMENT_3D('',#2384,#1948,#1949);
#1786=AXIS2_PLACEMENT_3D('',#2388,#1951,#1952);
#1787=AXIS2_PLACEMENT_3D('',#2390,#1953,#1954);
#1788=AXIS2_PLACEMENT_3D('',#2428,#1961,#1962);
#1789=AXIS2_PLACEMENT_3D('',#2430,#1963,#1964);
#1790=AXIS2_PLACEMENT_3D('',#2434,#1966,#1967);
#1791=AXIS2_PLACEMENT_3D('',#2436,#1968,#1969);
#1792=AXIS2_PLACEMENT_3D('',#2438,#1970,#1971);
#1793=AXIS2_PLACEMENT_3D('',#2468,#1972,#1973);
#1794=AXIS2_PLACEMENT_3D('',#2470,#1974,#1975);
#1795=AXIS2_PLACEMENT_3D('',#2474,#1977,#1978);
#1796=AXIS2_PLACEMENT_3D('',#2476,#1979,#1980);
#1797=AXIS2_PLACEMENT_3D('',#2478,#1981,#1982);
#1798=AXIS2_PLACEMENT_3D('',#2491,#1983,#1984);
#1799=AXIS2_PLACEMENT_3D('',#2494,#1985,#1986);
#1800=AXIS2_PLACEMENT_3D('',#2498,#1988,#1989);
#1801=AXIS2_PLACEMENT_3D('',#2500,#1990,#1991);
#1802=AXIS2_PLACEMENT_3D('',#2502,#1992,#1993);
#1803=AXIS2_PLACEMENT_3D('',#2516,#1994,#1995);
#1804=AXIS2_PLACEMENT_3D('',#2518,#1996,#1997);
#1805=AXIS2_PLACEMENT_3D('',#2520,#1998,#1999);
#1806=AXIS2_PLACEMENT_3D('',#2528,#2001,#2002);
#1807=AXIS2_PLACEMENT_3D('',#2530,#2003,#2004);
#1808=AXIS2_PLACEMENT_3D('',#2534,#2006,#2007);
#1809=AXIS2_PLACEMENT_3D('',#2536,#2008,#2009);
#1810=AXIS2_PLACEMENT_3D('',#2550,#2012,#2013);
#1811=AXIS2_PLACEMENT_3D('',#2554,#2015,#2016);
#1812=AXIS2_PLACEMENT_3D('',#2556,#2017,#2018);
#1813=AXIS2_PLACEMENT_3D('',#2559,#2020,#2021);
#1814=AXIS2_PLACEMENT_3D('',#2565,#2025,#2026);
#1815=AXIS2_PLACEMENT_3D('',#2569,#2029,#2030);
#1816=AXIS2_PLACEMENT_3D('',#2573,#2033,#2034);
#1817=AXIS2_PLACEMENT_3D('',#2575,#2036,#2037);
#1818=AXIS2_PLACEMENT_3D('',#2630,#2043,#2044);
#1819=AXIS2_PLACEMENT_3D('',#2633,#2046,#2047);
#1820=AXIS2_PLACEMENT_3D('',#2634,#2048,#2049);
#1821=AXIS2_PLACEMENT_3D('',#2637,#2051,#2052);
#1822=AXIS2_PLACEMENT_3D('',#2638,#2053,#2054);
#1823=AXIS2_PLACEMENT_3D('',#2641,#2056,#2057);
#1824=AXIS2_PLACEMENT_3D('',#2642,#2058,#2059);
#1825=AXIS2_PLACEMENT_3D('',#2646,#2062,#2063);
#1826=AXIS2_PLACEMENT_3D('',#2649,#2065,#2066);
#1827=AXIS2_PLACEMENT_3D('',#2650,#2067,#2068);
#1828=AXIS2_PLACEMENT_3D('',#2653,#2070,#2071);
#1829=AXIS2_PLACEMENT_3D('',#2745,#2079,#2080);
#1830=AXIS2_PLACEMENT_3D('',#2748,#2082,#2083);
#1831=AXIS2_PLACEMENT_3D('',#2749,#2084,#2085);
#1832=AXIS2_PLACEMENT_3D('',#2752,#2087,#2088);
#1833=AXIS2_PLACEMENT_3D('',#2753,#2089,#2090);
#1834=AXIS2_PLACEMENT_3D('',#2756,#2092,#2093);
#1835=AXIS2_PLACEMENT_3D('',#2757,#2094,#2095);
#1836=AXIS2_PLACEMENT_3D('',#2761,#2098,#2099);
#1837=AXIS2_PLACEMENT_3D('',#2764,#2101,#2102);
#1838=AXIS2_PLACEMENT_3D('',#2765,#2103,#2104);
#1839=AXIS2_PLACEMENT_3D('',#2768,#2106,#2107);
#1840=AXIS2_PLACEMENT_3D('',#2819,#2111,#2112);
#1841=AXIS2_PLACEMENT_3D('',#2820,#2113,#2114);
#1842=AXIS2_PLACEMENT_3D('',#2823,#2116,#2117);
#1843=AXIS2_PLACEMENT_3D('',#2826,#2119,#2120);
#1844=AXIS2_PLACEMENT_3D('',#2843,#2124,#2125);
#1845=AXIS2_PLACEMENT_3D('',#2847,#2128,#2129);
#1846=AXIS2_PLACEMENT_3D('',#2850,#2131,#2132);
#1847=AXIS2_PLACEMENT_3D('',#2851,#2133,#2134);
#1848=AXIS2_PLACEMENT_3D('',#2854,#2136,#2137);
#1849=AXIS2_PLACEMENT_3D('',#2855,#2138,#2139);
#1850=AXIS2_PLACEMENT_3D('',#2859,#2142,#2143);
#1851=AXIS2_PLACEMENT_3D('',#2862,#2145,#2146);
#1852=AXIS2_PLACEMENT_3D('',#2863,#2147,#2148);
#1853=AXIS2_PLACEMENT_3D('',#2866,#2150,#2151);
#1854=AXIS2_PLACEMENT_3D('',#2867,#2152,#2153);
#1855=AXIS2_PLACEMENT_3D('',#2884,#2157,#2158);
#1856=AXIS2_PLACEMENT_3D('',#2888,#2161,#2162);
#1857=AXIS2_PLACEMENT_3D('',#2891,#2164,#2165);
#1858=AXIS2_PLACEMENT_3D('',#2892,#2166,#2167);
#1859=AXIS2_PLACEMENT_3D('',#2895,#2169,#2170);
#1860=AXIS2_PLACEMENT_3D('',#2896,#2171,#2172);
#1861=AXIS2_PLACEMENT_3D('',#2900,#2175,#2176);
#1862=AXIS2_PLACEMENT_3D('',#2903,#2178,#2179);
#1863=AXIS2_PLACEMENT_3D('',#2904,#2180,#2181);
#1864=AXIS2_PLACEMENT_3D('',#2907,#2183,#2184);
#1865=AXIS2_PLACEMENT_3D('',#2908,#2185,#2186);
#1866=AXIS2_PLACEMENT_3D('',#2912,#2189,#2190);
#1867=AXIS2_PLACEMENT_3D('',#2915,#2192,#2193);
#1868=AXIS2_PLACEMENT_3D('',#2916,#2194,#2195);
#1869=AXIS2_PLACEMENT_3D('',#2919,#2197,#2198);
#1870=AXIS2_PLACEMENT_3D('',#2920,#2199,#2200);
#1871=AXIS2_PLACEMENT_3D('',#2924,#2203,#2204);
#1872=AXIS2_PLACEMENT_3D('',#2925,#2205,#2206);
#1873=AXIS2_PLACEMENT_3D('',#2926,#2207,#2208);
#1874=AXIS2_PLACEMENT_3D('',#2927,#2209,#2210);
#1875=AXIS2_PLACEMENT_3D('',#2930,#2212,#2213);
#1876=AXIS2_PLACEMENT_3D('',#2933,#2215,#2216);
#1877=AXIS2_PLACEMENT_3D('',#2937,#2219,#2220);
#1878=AXIS2_PLACEMENT_3D('',#2940,#2222,#2223);
#1879=AXIS2_PLACEMENT_3D('',#2941,#2224,#2225);
#1880=AXIS2_PLACEMENT_3D('',#2944,#2227,#2228);
#1881=AXIS2_PLACEMENT_3D('',#2945,#2229,#2230);
#1882=AXIS2_PLACEMENT_3D('',#2949,#2233,#2234);
#1883=AXIS2_PLACEMENT_3D('',#2952,#2236,#2237);
#1884=AXIS2_PLACEMENT_3D('',#2953,#2238,#2239);
#1885=AXIS2_PLACEMENT_3D('',#2983,#2244,#2245);
#1886=AXIS2_PLACEMENT_3D('',#2987,#2248,#2249);
#1887=AXIS2_PLACEMENT_3D('',#2990,#2251,#2252);
#1888=AXIS2_PLACEMENT_3D('',#2991,#2253,#2254);
#1889=AXIS2_PLACEMENT_3D('',#2994,#2256,#2257);
#1890=AXIS2_PLACEMENT_3D('',#2995,#2258,#2259);
#1891=AXIS2_PLACEMENT_3D('',#2999,#2262,#2263);
#1892=AXIS2_PLACEMENT_3D('',#3002,#2265,#2266);
#1893=AXIS2_PLACEMENT_3D('',#3003,#2267,#2268);
#1894=AXIS2_PLACEMENT_3D('',#3006,#2270,#2271);
#1895=AXIS2_PLACEMENT_3D('',#3007,#2272,#2273);
#1896=AXIS2_PLACEMENT_3D('',#3024,#2277,#2278);
#1897=AXIS2_PLACEMENT_3D('',#3027,#2280,#2281);
#1898=AXIS2_PLACEMENT_3D('',#3028,#2282,#2283);
#1899=AXIS2_PLACEMENT_3D('',#3031,#2285,#2286);
#1900=AXIS2_PLACEMENT_3D('',#3032,#2287,#2288);
#1901=AXIS2_PLACEMENT_3D('',#3035,#2290,#2291);
#1902=AXIS2_PLACEMENT_3D('',#3075,#2295,#2296);
#1903=AXIS2_PLACEMENT_3D('',#3078,#2298,#2299);
#1904=AXIS2_PLACEMENT_3D('',#3079,#2300,#2301);
#1905=AXIS2_PLACEMENT_3D('',#3082,#2303,#2304);
#1906=AXIS2_PLACEMENT_3D('',#3083,#2305,#2306);
#1907=AXIS2_PLACEMENT_3D('',#3086,#2308,#2309);
#1908=AXIS2_PLACEMENT_3D('',#3087,#2310,#2311);
#1909=AXIS2_PLACEMENT_3D('',#3091,#2314,#2315);
#1910=AXIS2_PLACEMENT_3D('',#3100,#2320,#2321);
#1911=AXIS2_PLACEMENT_3D('',#3101,#2322,#2323);
#1912=AXIS2_PLACEMENT_3D('',#3105,#2325,#2326);
#1913=AXIS2_PLACEMENT_3D('',#3106,#2327,#2328);
#1914=AXIS2_PLACEMENT_3D('',#3107,#2329,#2330);
#1915=AXIS2_PLACEMENT_3D('',#3111,#2332,#2333);
#1916=AXIS2_PLACEMENT_3D('',#3146,#2336,#2337);
#1917=AXIS2_PLACEMENT_3D('',#3166,#2341,#2342);
#1918=AXIS2_PLACEMENT_3D('',#3167,#2343,#2344);
#1919=AXIS2_PLACEMENT_3D('',#3168,#2345,#2346);
#1920=AXIS2_PLACEMENT_3D('',#3169,#2347,#2348);
#1921=DIRECTION('',(0.,0.,1.));
#1922=DIRECTION('',(1.,0.,0.));
#1923=DIRECTION('',(0.,-1.,0.));
#1924=DIRECTION('',(1.,0.,0.));
#1925=DIRECTION('',(0.,1.,0.));
#1926=DIRECTION('',(0.,0.,1.));
#1927=DIRECTION('',(0.,1.,0.));
#1928=DIRECTION('',(0.,0.,1.));
#1929=DIRECTION('',(0.,0.,1.));
#1930=DIRECTION('',(0.,1.,0.));
#1931=DIRECTION('',(0.,0.,1.));
#1932=DIRECTION('',(0.,1.,0.));
#1933=DIRECTION('',(0.,0.,1.));
#1934=DIRECTION('',(-1.,0.,3.18056252530611E-16));
#1935=DIRECTION('',(0.,1.,0.));
#1936=DIRECTION('',(0.,0.,1.));
#1937=DIRECTION('',(0.,1.,0.));
#1938=DIRECTION('',(0.,0.,1.));
#1939=DIRECTION('',(0.,0.,-1.));
#1940=DIRECTION('',(0.,1.,0.));
#1941=DIRECTION('',(0.,0.,1.));
#1942=DIRECTION('',(0.,1.,0.));
#1943=DIRECTION('',(0.,0.,1.));
#1944=DIRECTION('',(1.,0.,0.));
#1945=DIRECTION('',(0.,0.,-1.));
#1946=DIRECTION('',(0.,1.,0.));
#1947=DIRECTION('',(0.,0.,1.));
#1948=DIRECTION('',(0.,1.,0.));
#1949=DIRECTION('',(0.,0.,1.));
#1950=DIRECTION('',(1.,0.,0.));
#1951=DIRECTION('',(0.,1.,0.));
#1952=DIRECTION('',(0.,0.,1.));
#1953=DIRECTION('',(0.,1.,0.));
#1954=DIRECTION('',(0.,0.,1.));
#1955=DIRECTION('',(2.47316624080688E-16,0.,1.));
#1956=DIRECTION('',(1.,0.,0.));
#1957=DIRECTION('',(1.38777878078145E-16,0.,-1.));
#1958=DIRECTION('',(-1.,0.,0.));
#1959=DIRECTION('',(1.38777878078145E-16,0.,-1.));
#1960=DIRECTION('',(-1.,0.,0.));
#1961=DIRECTION('',(0.,1.,0.));
#1962=DIRECTION('',(0.,0.,1.));
#1963=DIRECTION('',(0.,1.,0.));
#1964=DIRECTION('',(0.,0.,1.));
#1965=DIRECTION('',(0.,0.,-1.));
#1966=DIRECTION('',(0.,1.,0.));
#1967=DIRECTION('',(0.,0.,1.));
#1968=DIRECTION('',(0.,1.,0.));
#1969=DIRECTION('',(0.,0.,1.));
#1970=DIRECTION('',(0.,1.,0.));
#1971=DIRECTION('',(0.,0.,1.));
#1972=DIRECTION('',(0.,1.,0.));
#1973=DIRECTION('',(0.,0.,1.));
#1974=DIRECTION('',(0.,1.,0.));
#1975=DIRECTION('',(0.,0.,1.));
#1976=DIRECTION('',(0.,0.,1.));
#1977=DIRECTION('',(0.,1.,0.));
#1978=DIRECTION('',(0.,0.,1.));
#1979=DIRECTION('',(0.,1.,0.));
#1980=DIRECTION('',(0.,0.,1.));
#1981=DIRECTION('',(0.,1.,0.));
#1982=DIRECTION('',(0.,0.,1.));
#1983=DIRECTION('',(0.,1.,0.));
#1984=DIRECTION('',(0.,0.,1.));
#1985=DIRECTION('',(0.,1.,0.));
#1986=DIRECTION('',(0.,0.,1.));
#1987=DIRECTION('',(0.,0.,1.));
#1988=DIRECTION('',(0.,1.,0.));
#1989=DIRECTION('',(0.,0.,1.));
#1990=DIRECTION('',(0.,1.,0.));
#1991=DIRECTION('',(0.,0.,1.));
#1992=DIRECTION('',(0.,1.,0.));
#1993=DIRECTION('',(0.,0.,1.));
#1994=DIRECTION('',(0.,1.,0.));
#1995=DIRECTION('',(0.,0.,1.));
#1996=DIRECTION('',(0.,1.,0.));
#1997=DIRECTION('',(0.,0.,1.));
#1998=DIRECTION('',(0.,1.,0.));
#1999=DIRECTION('',(0.,0.,1.));
#2000=DIRECTION('',(-0.35692279807725,0.,-0.934133885592802));
#2001=DIRECTION('',(0.,1.,0.));
#2002=DIRECTION('',(0.,0.,1.));
#2003=DIRECTION('',(0.,1.,0.));
#2004=DIRECTION('',(0.,0.,1.));
#2005=DIRECTION('',(1.,0.,0.));
#2006=DIRECTION('',(0.,1.,0.));
#2007=DIRECTION('',(0.,0.,1.));
#2008=DIRECTION('',(0.,1.,0.));
#2009=DIRECTION('',(0.,0.,1.));
#2010=DIRECTION('',(0.341283765084142,0.,0.93996031389096));
#2011=DIRECTION('',(1.,0.,0.));
#2012=DIRECTION('',(0.,1.,0.));
#2013=DIRECTION('',(0.,0.,1.));
#2014=DIRECTION('',(0.,0.,-1.));
#2015=DIRECTION('',(0.,1.,0.));
#2016=DIRECTION('',(0.,0.,1.));
#2017=DIRECTION('',(0.,1.,0.));
#2018=DIRECTION('',(0.,0.,1.));
#2019=DIRECTION('',(1.,0.,0.));
#2020=DIRECTION('',(1.,0.,1.38777878078145E-16));
#2021=DIRECTION('',(1.38777878078145E-16,0.,-1.));
#2022=DIRECTION('',(0.,1.,0.));
#2023=DIRECTION('',(1.38777878078145E-16,0.,-1.));
#2024=DIRECTION('',(0.,1.,0.));
#2025=DIRECTION('',(0.,0.,-1.));
#2026=DIRECTION('',(-1.,0.,0.));
#2027=DIRECTION('',(0.,1.,0.));
#2028=DIRECTION('',(-1.,0.,0.));
#2029=DIRECTION('',(1.,0.,1.38777878078145E-16));
#2030=DIRECTION('',(1.38777878078145E-16,0.,-1.));
#2031=DIRECTION('',(0.,1.,0.));
#2032=DIRECTION('',(1.38777878078145E-16,0.,-1.));
#2033=DIRECTION('',(0.,0.,-1.));
#2034=DIRECTION('',(-1.,0.,0.));
#2035=DIRECTION('',(-1.,0.,0.));
#2036=DIRECTION('',(0.,-1.,0.));
#2037=DIRECTION('',(1.,0.,0.));
#2038=DIRECTION('',(0.,1.,0.));
#2039=DIRECTION('',(0.,1.,0.));
#2040=DIRECTION('',(0.,1.,0.));
#2041=DIRECTION('',(0.,1.,0.));
#2042=DIRECTION('',(0.,1.,0.));
#2043=DIRECTION('',(0.,1.,0.));
#2044=DIRECTION('',(0.230363612554256,0.,-0.973104622335621));
#2045=DIRECTION('',(0.,1.,0.));
#2046=DIRECTION('',(0.,1.,0.));
#2047=DIRECTION('',(0.,0.,1.));
#2048=DIRECTION('',(0.,1.,0.));
#2049=DIRECTION('',(0.0200440241514485,0.,0.999799098367175));
#2050=DIRECTION('',(0.,1.,0.));
#2051=DIRECTION('',(0.,1.,0.));
#2052=DIRECTION('',(0.,0.,1.));
#2053=DIRECTION('',(0.,1.,0.));
#2054=DIRECTION('',(0.860903807393461,0.,0.508767760786238));
#2055=DIRECTION('',(0.,1.,0.));
#2056=DIRECTION('',(0.,1.,0.));
#2057=DIRECTION('',(0.,0.,1.));
#2058=DIRECTION('',(-1.,0.,0.));
#2059=DIRECTION('',(0.,0.,1.));
#2060=DIRECTION('',(0.,1.,0.));
#2061=DIRECTION('',(0.,0.,1.));
#2062=DIRECTION('',(0.,1.,0.));
#2063=DIRECTION('',(0.963351779371609,0.,-0.268241214546821));
#2064=DIRECTION('',(0.,1.,0.));
#2065=DIRECTION('',(0.,1.,0.));
#2066=DIRECTION('',(0.,0.,1.));
#2067=DIRECTION('',(0.,1.,0.));
#2068=DIRECTION('',(0.636425660731879,0.,-0.771338044155733));
#2069=DIRECTION('',(0.,1.,0.));
#2070=DIRECTION('',(0.,1.,0.));
#2071=DIRECTION('',(0.,0.,1.));
#2072=DIRECTION('',(0.,1.,0.));
#2073=DIRECTION('',(0.,1.,0.));
#2074=DIRECTION('',(0.,1.,0.));
#2075=DIRECTION('',(0.,1.,0.));
#2076=DIRECTION('',(0.,1.,0.));
#2077=DIRECTION('',(0.,1.,0.));
#2078=DIRECTION('',(0.,1.,0.));
#2079=DIRECTION('',(0.,1.,0.));
#2080=DIRECTION('',(-0.18555982841338,0.,0.982632968141817));
#2081=DIRECTION('',(0.,1.,0.));
#2082=DIRECTION('',(0.,1.,0.));
#2083=DIRECTION('',(0.,0.,1.));
#2084=DIRECTION('',(0.,1.,0.));
#2085=DIRECTION('',(-0.0990205762021353,0.,-0.995085386029057));
#2086=DIRECTION('',(0.,1.,0.));
#2087=DIRECTION('',(0.,1.,0.));
#2088=DIRECTION('',(0.,0.,1.));
#2089=DIRECTION('',(0.,1.,0.));
#2090=DIRECTION('',(-0.869717040179242,0.,-0.493550676244962));
#2091=DIRECTION('',(0.,1.,0.));
#2092=DIRECTION('',(0.,1.,0.));
#2093=DIRECTION('',(0.,0.,1.));
#2094=DIRECTION('',(1.,0.,0.));
#2095=DIRECTION('',(0.,0.,-1.));
#2096=DIRECTION('',(0.,1.,0.));
#2097=DIRECTION('',(0.,0.,-1.));
#2098=DIRECTION('',(0.,1.,0.));
#2099=DIRECTION('',(-0.956705147770509,0.,0.29105886042072));
#2100=DIRECTION('',(0.,1.,0.));
#2101=DIRECTION('',(0.,1.,0.));
#2102=DIRECTION('',(0.,0.,1.));
#2103=DIRECTION('',(0.,1.,0.));
#2104=DIRECTION('',(-0.593326184529751,0.,0.804962134979881));
#2105=DIRECTION('',(0.,1.,0.));
#2106=DIRECTION('',(0.,1.,0.));
#2107=DIRECTION('',(0.,0.,1.));
#2108=DIRECTION('',(0.,1.,0.));
#2109=DIRECTION('',(0.,1.,0.));
#2110=DIRECTION('',(0.,1.,0.));
#2111=DIRECTION('',(0.,1.,0.));
#2112=DIRECTION('',(-1.,0.,0.));
#2113=DIRECTION('',(0.,1.,0.));
#2114=DIRECTION('',(0.379638725453196,0.,-0.925134821599681));
#2115=DIRECTION('',(0.,1.,0.));
#2116=DIRECTION('',(0.,1.,0.));
#2117=DIRECTION('',(0.,0.,1.));
#2118=DIRECTION('',(0.,1.,0.));
#2119=DIRECTION('',(0.,0.,1.));
#2120=DIRECTION('',(1.,0.,0.));
#2121=DIRECTION('',(0.,1.,0.));
#2122=DIRECTION('',(1.,0.,0.));
#2123=DIRECTION('',(0.,1.,0.));
#2124=DIRECTION('',(-1.,0.,2.47316624080688E-16));
#2125=DIRECTION('',(2.47316624080688E-16,0.,1.));
#2126=DIRECTION('',(0.,1.,0.));
#2127=DIRECTION('',(2.47316624080688E-16,0.,1.));
#2128=DIRECTION('',(0.,1.,0.));
#2129=DIRECTION('',(0.921497576913178,0.,-0.388384108510044));
#2130=DIRECTION('',(0.,1.,0.));
#2131=DIRECTION('',(0.,1.,0.));
#2132=DIRECTION('',(0.,0.,1.));
#2133=DIRECTION('',(0.,1.,0.));
#2134=DIRECTION('',(0.388384108510052,0.,-0.921497576913175));
#2135=DIRECTION('',(0.,1.,0.));
#2136=DIRECTION('',(0.,1.,0.));
#2137=DIRECTION('',(0.,0.,1.));
#2138=DIRECTION('',(0.,0.,1.));
#2139=DIRECTION('',(1.,0.,0.));
#2140=DIRECTION('',(0.,1.,0.));
#2141=DIRECTION('',(1.,0.,0.));
#2142=DIRECTION('',(0.,1.,0.));
#2143=DIRECTION('',(-0.388384108513989,0.,-0.921497576911515));
#2144=DIRECTION('',(0.,1.,0.));
#2145=DIRECTION('',(0.,1.,0.));
#2146=DIRECTION('',(0.,0.,1.));
#2147=DIRECTION('',(0.,1.,0.));
#2148=DIRECTION('',(-0.921497576913171,0.,-0.38838410851006));
#2149=DIRECTION('',(0.,1.,0.));
#2150=DIRECTION('',(0.,1.,0.));
#2151=DIRECTION('',(0.,0.,1.));
#2152=DIRECTION('',(1.,0.,0.));
#2153=DIRECTION('',(0.,0.,-1.));
#2154=DIRECTION('',(0.,1.,0.));
#2155=DIRECTION('',(0.,0.,-1.));
#2156=DIRECTION('',(0.,1.,0.));
#2157=DIRECTION('',(0.,0.,1.));
#2158=DIRECTION('',(1.,0.,0.));
#2159=DIRECTION('',(0.,1.,0.));
#2160=DIRECTION('',(1.,0.,0.));
#2161=DIRECTION('',(0.,1.,0.));
#2162=DIRECTION('',(-0.378845090285552,0.,-0.92546010047248));
#2163=DIRECTION('',(0.,1.,0.));
#2164=DIRECTION('',(0.,1.,0.));
#2165=DIRECTION('',(0.,0.,1.));
#2166=DIRECTION('',(0.,1.,0.));
#2167=DIRECTION('',(-0.919091179594538,0.,-0.394044925854298));
#2168=DIRECTION('',(0.,1.,0.));
#2169=DIRECTION('',(0.,1.,0.));
#2170=DIRECTION('',(0.,0.,1.));
#2171=DIRECTION('',(1.,0.,0.));
#2172=DIRECTION('',(0.,0.,-1.));
#2173=DIRECTION('',(0.,1.,0.));
#2174=DIRECTION('',(0.,0.,-1.));
#2175=DIRECTION('',(0.,1.,0.));
#2176=DIRECTION('',(-0.921497576913177,0.,0.388384108510048));
#2177=DIRECTION('',(0.,1.,0.));
#2178=DIRECTION('',(0.,1.,0.));
#2179=DIRECTION('',(0.,0.,1.));
#2180=DIRECTION('',(0.,1.,0.));
#2181=DIRECTION('',(-0.388384108510049,0.,0.921497576913176));
#2182=DIRECTION('',(0.,1.,0.));
#2183=DIRECTION('',(0.,1.,0.));
#2184=DIRECTION('',(0.,0.,1.));
#2185=DIRECTION('',(-3.18056252530611E-16,0.,-1.));
#2186=DIRECTION('',(-1.,0.,3.18056252530611E-16));
#2187=DIRECTION('',(0.,1.,0.));
#2188=DIRECTION('',(-1.,0.,3.18056252530611E-16));
#2189=DIRECTION('',(0.,1.,0.));
#2190=DIRECTION('',(0.38918343151002,0.,0.921160277388298));
#2191=DIRECTION('',(0.,1.,0.));
#2192=DIRECTION('',(0.,1.,0.));
#2193=DIRECTION('',(0.,0.,1.));
#2194=DIRECTION('',(0.,1.,0.));
#2195=DIRECTION('',(0.92206544420412,0.,0.387033999287736));
#2196=DIRECTION('',(0.,1.,0.));
#2197=DIRECTION('',(0.,1.,0.));
#2198=DIRECTION('',(0.,0.,1.));
#2199=DIRECTION('',(-1.,0.,0.));
#2200=DIRECTION('',(0.,0.,1.));
#2201=DIRECTION('',(0.,1.,0.));
#2202=DIRECTION('',(0.,0.,1.));
#2203=DIRECTION('',(0.,1.,0.));
#2204=DIRECTION('',(0.919670995069244,0.,-0.392689776831975));
#2205=DIRECTION('',(0.,1.,0.));
#2206=DIRECTION('',(0.,0.,1.));
#2207=DIRECTION('',(0.,1.,0.));
#2208=DIRECTION('',(-1.,0.,0.));
#2209=DIRECTION('',(0.,1.,0.));
#2210=DIRECTION('',(0.389183431510015,0.,-0.9211602773883));
#2211=DIRECTION('',(0.,1.,0.));
#2212=DIRECTION('',(0.,1.,0.));
#2213=DIRECTION('',(0.,0.,1.));
#2214=DIRECTION('',(0.,1.,0.));
#2215=DIRECTION('',(0.,0.,1.));
#2216=DIRECTION('',(1.,0.,0.));
#2217=DIRECTION('',(0.,1.,0.));
#2218=DIRECTION('',(1.,0.,0.));
#2219=DIRECTION('',(0.,1.,0.));
#2220=DIRECTION('',(-0.393217759198771,0.,-0.919445372956272));
#2221=DIRECTION('',(0.,1.,0.));
#2222=DIRECTION('',(0.,1.,0.));
#2223=DIRECTION('',(0.,0.,1.));
#2224=DIRECTION('',(0.,1.,0.));
#2225=DIRECTION('',(-0.925460100472155,0.,-0.378845090286345));
#2226=DIRECTION('',(0.,1.,0.));
#2227=DIRECTION('',(0.,1.,0.));
#2228=DIRECTION('',(0.,0.,1.));
#2229=DIRECTION('',(1.,0.,0.));
#2230=DIRECTION('',(0.,0.,-1.));
#2231=DIRECTION('',(0.,1.,0.));
#2232=DIRECTION('',(0.,0.,-1.));
#2233=DIRECTION('',(0.,1.,0.));
#2234=DIRECTION('',(0.709994668274414,0.,0.704207051244095));
#2235=DIRECTION('',(0.,1.,0.));
#2236=DIRECTION('',(0.,1.,0.));
#2237=DIRECTION('',(0.,0.,1.));
#2238=DIRECTION('',(0.,0.,1.));
#2239=DIRECTION('',(1.,0.,0.));
#2240=DIRECTION('',(0.,1.,0.));
#2241=DIRECTION('',(1.,0.,0.));
#2242=DIRECTION('',(0.,1.,0.));
#2243=DIRECTION('',(0.,1.,0.));
#2244=DIRECTION('',(-0.93996031389096,0.,0.341283765084142));
#2245=DIRECTION('',(0.341283765084142,0.,0.93996031389096));
#2246=DIRECTION('',(0.,1.,0.));
#2247=DIRECTION('',(0.341283765084142,0.,0.93996031389096));
#2248=DIRECTION('',(0.,1.,0.));
#2249=DIRECTION('',(0.787517342642255,0.,-0.616292491466252));
#2250=DIRECTION('',(0.,1.,0.));
#2251=DIRECTION('',(0.,1.,0.));
#2252=DIRECTION('',(0.,0.,1.));
#2253=DIRECTION('',(0.,1.,0.));
#2254=DIRECTION('',(0.296443891649392,0.,-0.955050270458976));
#2255=DIRECTION('',(0.,1.,0.));
#2256=DIRECTION('',(0.,1.,0.));
#2257=DIRECTION('',(0.,0.,1.));
#2258=DIRECTION('',(0.,0.,1.));
#2259=DIRECTION('',(1.,0.,0.));
#2260=DIRECTION('',(0.,1.,0.));
#2261=DIRECTION('',(1.,0.,0.));
#2262=DIRECTION('',(0.,1.,0.));
#2263=DIRECTION('',(-0.472211373505349,0.,-0.881485347996319));
#2264=DIRECTION('',(0.,1.,0.));
#2265=DIRECTION('',(0.,1.,0.));
#2266=DIRECTION('',(0.,0.,1.));
#2267=DIRECTION('',(0.,1.,0.));
#2268=DIRECTION('',(-0.992400220306897,0.,-0.123052032631816));
#2269=DIRECTION('',(0.,1.,0.));
#2270=DIRECTION('',(0.,1.,0.));
#2271=DIRECTION('',(0.,0.,1.));
#2272=DIRECTION('',(0.934133885592802,0.,-0.35692279807725));
#2273=DIRECTION('',(-0.35692279807725,0.,-0.934133885592802));
#2274=DIRECTION('',(0.,1.,0.));
#2275=DIRECTION('',(-0.35692279807725,0.,-0.934133885592802));
#2276=DIRECTION('',(0.,1.,0.));
#2277=DIRECTION('',(0.,1.,0.));
#2278=DIRECTION('',(0.844081753435691,0.,-0.536214503269847));
#2279=DIRECTION('',(0.,1.,0.));
#2280=DIRECTION('',(0.,1.,0.));
#2281=DIRECTION('',(0.,0.,1.));
#2282=DIRECTION('',(0.,1.,0.));
#2283=DIRECTION('',(0.707106781186499,0.,0.707106781186596));
#2284=DIRECTION('',(0.,1.,0.));
#2285=DIRECTION('',(0.,1.,0.));
#2286=DIRECTION('',(0.,0.,1.));
#2287=DIRECTION('',(0.,1.,0.));
#2288=DIRECTION('',(-0.593479164730291,0.,-0.804849353004049));
#2289=DIRECTION('',(0.,1.,0.));
#2290=DIRECTION('',(0.,1.,0.));
#2291=DIRECTION('',(0.,0.,1.));
#2292=DIRECTION('',(0.,1.,0.));
#2293=DIRECTION('',(0.,1.,0.));
#2294=DIRECTION('',(0.,1.,0.));
#2295=DIRECTION('',(0.,1.,0.));
#2296=DIRECTION('',(0.0479218634548571,0.,0.998851087501543));
#2297=DIRECTION('',(0.,1.,0.));
#2298=DIRECTION('',(0.,1.,0.));
#2299=DIRECTION('',(0.,0.,1.));
#2300=DIRECTION('',(0.,1.,0.));
#2301=DIRECTION('',(0.463314084519786,0.,0.886194142998921));
#2302=DIRECTION('',(0.,1.,0.));
#2303=DIRECTION('',(0.,1.,0.));
#2304=DIRECTION('',(0.,0.,1.));
#2305=DIRECTION('',(0.,1.,0.));
#2306=DIRECTION('',(0.93846844144694,0.,0.3453650017129));
#2307=DIRECTION('',(0.,1.,0.));
#2308=DIRECTION('',(0.,1.,0.));
#2309=DIRECTION('',(0.,0.,1.));
#2310=DIRECTION('',(-1.,0.,0.));
#2311=DIRECTION('',(0.,0.,1.));
#2312=DIRECTION('',(0.,1.,0.));
#2313=DIRECTION('',(0.,0.,1.));
#2314=DIRECTION('',(1.,0.,0.));
#2315=DIRECTION('',(0.,0.,-1.));
#2316=DIRECTION('',(0.,0.,-1.));
#2317=DIRECTION('',(0.,1.,0.));
#2318=DIRECTION('',(0.,0.,-1.));
#2319=DIRECTION('',(0.,1.,0.));
#2320=DIRECTION('',(0.,1.,0.));
#2321=DIRECTION('',(0.760926581586747,0.,0.648837990129052));
#2322=DIRECTION('',(0.,1.,0.));
#2323=DIRECTION('',(0.,0.,1.));
#2324=DIRECTION('',(0.,1.,0.));
#2325=DIRECTION('',(0.,1.,0.));
#2326=DIRECTION('',(0.,0.,1.));
#2327=DIRECTION('',(0.,1.,0.));
#2328=DIRECTION('',(0.0775971024268066,0.,0.996984799129337));
#2329=DIRECTION('',(0.,1.,0.));
#2330=DIRECTION('',(0.,0.,1.));
#2331=DIRECTION('',(0.,1.,0.));
#2332=DIRECTION('',(0.,1.,0.));
#2333=DIRECTION('',(0.,0.,1.));
#2334=DIRECTION('',(0.,1.,0.));
#2335=DIRECTION('',(0.,1.,0.));
#2336=DIRECTION('',(-3.38804453379287E-16,0.,-1.));
#2337=DIRECTION('',(-1.,0.,3.38804453379287E-16));
#2338=DIRECTION('',(-1.,0.,3.38804453379287E-16));
#2339=DIRECTION('',(0.,1.,0.));
#2340=DIRECTION('',(-1.,0.,3.38804453379287E-16));
#2341=DIRECTION('',(0.,1.,0.));
#2342=DIRECTION('',(0.92206544420412,0.,-0.387033999287736));
#2343=DIRECTION('',(0.,1.,0.));
#2344=DIRECTION('',(0.,0.,1.));
#2345=DIRECTION('',(0.,1.,0.));
#2346=DIRECTION('',(-1.,0.,0.));
#2347=DIRECTION('',(0.,-1.,0.));
#2348=DIRECTION('',(1.,0.,0.));
#2349=CARTESIAN_POINT('',(0.,0.,0.));
#2350=CARTESIAN_POINT('',(0.,0.,0.));
#2351=CARTESIAN_POINT('',(-0.00247561503832129,0.,0.00216076022123834));
#2352=CARTESIAN_POINT('',(-0.00247870437610401,0.,0.00180714958639437));
#2353=CARTESIAN_POINT('',(-0.00222302463586999,0.,0.00191329344185042));
#2354=CARTESIAN_POINT('',(-0.00245364056596361,0.,0.00216166227979839));
#2355=CARTESIAN_POINT('',(-0.00211471382525694,0.,0.0021651468688557));
#2356=CARTESIAN_POINT('',(-0.00211469510430933,0.,0.00217464730599203));
#2357=CARTESIAN_POINT('',(-0.00211466490454907,0.,0.00218414739089557));
#2358=CARTESIAN_POINT('',(-0.00246499290719648,0.,0.00218600064229203));
#2359=CARTESIAN_POINT('',(-0.00222357177633462,0.,0.00243991035543732));
#2360=CARTESIAN_POINT('',(-0.00247678551112644,0.,0.00220128629119416));
#2361=CARTESIAN_POINT('',(-0.00247870464068273,0.,0.00254918631245987));
#2362=CARTESIAN_POINT('',(-0.00384223959410235,0.,0.00254915695081257));
#2363=CARTESIAN_POINT('',(-0.0052057745349009,0.,0.00254919320635548));
#2364=CARTESIAN_POINT('',(-0.00520745775692228,0.,0.00219965244635587));
#2365=CARTESIAN_POINT('',(-0.00546146972376425,0.,0.00243982926790832));
#2366=CARTESIAN_POINT('',(-0.00522127960519252,0.,0.00218583059808563));
#2367=CARTESIAN_POINT('',(-0.00557082036519213,0.,0.00218414737606425));
#2368=CARTESIAN_POINT('',(-0.00557078410964922,0.,0.00217464730599203));
#2369=CARTESIAN_POINT('',(-0.0055707714773978,0.,0.00216514693748737));
#2370=CARTESIAN_POINT('',(-0.00523258728670149,0.,0.0021618314761543));
#2371=CARTESIAN_POINT('',(-0.00546201387203391,0.,0.00191336732110081));
#2372=CARTESIAN_POINT('',(-0.00520862907635712,0.,0.00216244067737654));
#2373=CARTESIAN_POINT('',(-0.00520577470949035,0.,0.00180713784144851));
#2374=CARTESIAN_POINT('',(-0.00477676366108445,0.,0.00180713784144851));
#2375=CARTESIAN_POINT('',(-0.00434775261267854,0.,0.00180713784144851));
#2376=CARTESIAN_POINT('',(-0.00434775261267854,0.,0.00180713784144851));
#2377=CARTESIAN_POINT('',(-0.00429675129923169,0.,0.00180713784144851));
#2378=CARTESIAN_POINT('',(-0.00429675129923169,0.,0.00174913634772463));
#2379=CARTESIAN_POINT('',(-0.00429675129923169,0.,0.00174913634772463));
#2380=CARTESIAN_POINT('',(-0.00429675129923169,0.,-4.40881166873962E-6));
#2381=CARTESIAN_POINT('',(-0.0042967875547746,0.,-0.00175795379647267));
#2382=CARTESIAN_POINT('',(-0.00394724679477498,0.,-0.00175963701849404));
#2383=CARTESIAN_POINT('',(-0.00418742361632721,0.,-0.00201364898533592));
#2384=CARTESIAN_POINT('',(-0.00393342494651141,0.,-0.00177345886678394));
#2385=CARTESIAN_POINT('',(-0.00393174172448336,0.,-0.00212299962676367));
#2386=CARTESIAN_POINT('',(-0.00384223959410235,0.,-0.00212296337122099));
#2387=CARTESIAN_POINT('',(-0.00375273746372133,0.,-0.0021229996267639));
#2388=CARTESIAN_POINT('',(-0.00375105424169995,0.,-0.00177345886676428));
#2389=CARTESIAN_POINT('',(-0.00349704227485798,0.,-0.00201363568831673));
#2390=CARTESIAN_POINT('',(-0.00373723239342973,0.,-0.00175963701849404));
#2391=CARTESIAN_POINT('',(-0.0033876916334301,0.,-0.00175795379647267));
#2392=CARTESIAN_POINT('',(-0.00338772788897302,0.,-4.40881166873962E-6));
#2393=CARTESIAN_POINT('',(-0.00338772788897302,0.,0.00174913634772463));
#2394=CARTESIAN_POINT('',(-0.00338772788897302,0.,0.00174913634772463));
#2395=CARTESIAN_POINT('',(-0.00338772788897302,0.,0.00180713784144851));
#2396=CARTESIAN_POINT('',(-0.00333672657552615,0.,0.00180713784144851));
#2397=CARTESIAN_POINT('',(-0.00333672657552615,0.,0.00180713784144851));
#2398=CARTESIAN_POINT('',(-0.00290771552712025,0.,0.00180713784144851));
#2399=CARTESIAN_POINT('',(0.00625,0.,0.));
#2400=CARTESIAN_POINT('',(0.00625,0.,0.00625));
#2401=CARTESIAN_POINT('',(0.00625,0.,-0.00625));
#2402=CARTESIAN_POINT('',(8.67361737988404E-19,0.,-0.00625));
#2403=CARTESIAN_POINT('',(-0.00625,0.,-0.00625));
#2404=CARTESIAN_POINT('',(-0.00625,0.,0.));
#2405=CARTESIAN_POINT('',(-0.00625,0.,0.00625));
#2406=CARTESIAN_POINT('',(-8.67361737988404E-19,0.,0.00625));
#2407=CARTESIAN_POINT('',(0.000158363434214271,0.,-0.000151912610363079));
#2408=CARTESIAN_POINT('',(0.00092638321317869,0.,0.000104093982625061));
#2409=CARTESIAN_POINT('',(0.00126839202099878,0.,0.000469103382783932));
#2410=CARTESIAN_POINT('',(0.000158363434214271,0.,-0.000151912610363079));
#2411=CARTESIAN_POINT('',(0.00126839202099878,0.,0.000469103382783932));
#2412=CARTESIAN_POINT('',(0.00126839202099878,0.,0.000469103382783932));
#2413=CARTESIAN_POINT('',(0.00161040082881888,0.,0.000834112782942804));
#2414=CARTESIAN_POINT('',(0.00161040082881888,0.,0.00135212612344224));
#2415=CARTESIAN_POINT('',(0.00161040082881888,0.,0.00135212612344224));
#2416=CARTESIAN_POINT('',(0.00161040082881888,0.,0.00135212612344224));
#2417=CARTESIAN_POINT('',(0.00161040082881888,0.,0.00193514113794258));
#2418=CARTESIAN_POINT('',(0.00122039078481351,0.,0.00227414986850109));
#2419=CARTESIAN_POINT('',(0.00122039078481351,0.,0.00227414986850109));
#2420=CARTESIAN_POINT('',(0.00122039078481351,0.,0.00227414986850109));
#2421=CARTESIAN_POINT('',(0.000830380740808139,0.,0.0026131585990596));
#2422=CARTESIAN_POINT('',(0.000126362610090754,0.,0.0026131585990596));
#2423=CARTESIAN_POINT('',(0.000126362610090754,0.,0.0026131585990596));
#2424=CARTESIAN_POINT('',(0.000126362610090754,0.,0.0026131585990596));
#2425=CARTESIAN_POINT('',(-0.00046965273920976,0.,0.0026131585990596));
#2426=CARTESIAN_POINT('',(-0.000910664096661985,0.,0.00247915514804238));
#2427=CARTESIAN_POINT('',(-0.000910664096661985,0.,0.00247915514804238));
#2428=CARTESIAN_POINT('',(-0.00078996876601212,0.,0.00205920518692506));
#2429=CARTESIAN_POINT('',(-0.00115704150969977,0.,0.00229656607163069));
#2430=CARTESIAN_POINT('',(-0.000716580675389698,0.,0.00199662434982075));
#2431=CARTESIAN_POINT('',(-0.00124961110957696,0.,0.00199214312477724));
#2432=CARTESIAN_POINT('',(-0.0012496728272205,0.,0.00196364187192758));
#2433=CARTESIAN_POINT('',(-0.0012496376093831,0.,0.00193514035161057));
#2434=CARTESIAN_POINT('',(-0.00104003615922078,0.,0.00193046044103293));
#2435=CARTESIAN_POINT('',(-0.00114100203989715,0.,0.00174640260791929));
#2436=CARTESIAN_POINT('',(-0.00100724267306545,0.,0.0019460533108917));
#2437=CARTESIAN_POINT('',(-0.000917621382068961,0.,0.00172302435028299));
#2438=CARTESIAN_POINT('',(6.65246260677823E-5,0.,-0.000780751833429405));
#2439=CARTESIAN_POINT('',(6.23609618437184E-5,0.,0.00190914046834222));
#2440=CARTESIAN_POINT('',(6.23609618437184E-5,0.,0.00190914046834222));
#2441=CARTESIAN_POINT('',(0.000382369203078894,0.,0.00190914046834222));
#2442=CARTESIAN_POINT('',(0.000548373478219641,0.,0.00176213668252481));
#2443=CARTESIAN_POINT('',(0.000548373478219641,0.,0.00176213668252481));
#2444=CARTESIAN_POINT('',(0.000548373478219641,0.,0.00176213668252481));
#2445=CARTESIAN_POINT('',(0.000714377753360388,0.,0.0016151328967074));
#2446=CARTESIAN_POINT('',(0.000714377753360388,0.,0.00135212612344224));
#2447=CARTESIAN_POINT('',(0.000714377753360388,0.,0.00135212612344224));
#2448=CARTESIAN_POINT('',(0.000714377753360388,0.,0.00135212612344224));
#2449=CARTESIAN_POINT('',(0.000714377753360388,0.,0.00089111425091282));
#2450=CARTESIAN_POINT('',(0.000113362275290575,0.,0.000693109151648555));
#2451=CARTESIAN_POINT('',(0.000113362275290575,0.,0.000693109151648555));
#2452=CARTESIAN_POINT('',(0.000113362275290575,0.,0.000693109151648555));
#2453=CARTESIAN_POINT('',(-0.000750659976044398,0.,0.000418102069337077));
#2454=CARTESIAN_POINT('',(-0.00108666862934133,0.,6.60930039783842E-5));
#2455=CARTESIAN_POINT('',(-0.00108666862934133,0.,6.60930039783842E-5));
#2456=CARTESIAN_POINT('',(-0.00108666862934133,0.,6.60930039783842E-5));
#2457=CARTESIAN_POINT('',(-0.00142267728263827,0.,-0.000285916061380308));
#2458=CARTESIAN_POINT('',(-0.00142267728263827,0.,-0.000842930406280285));
#2459=CARTESIAN_POINT('',(-0.00142267728263827,0.,-0.000842930406280285));
#2460=CARTESIAN_POINT('',(-0.00142267728263827,0.,-0.000842930406280285));
#2461=CARTESIAN_POINT('',(-0.00142267728263827,0.,-0.00218696501946802));
#2462=CARTESIAN_POINT('',(0.000234365391507624,0.,-0.00218696501946802));
#2463=CARTESIAN_POINT('',(0.000234365391507624,0.,-0.00218696501946802));
#2464=CARTESIAN_POINT('',(0.000234365391507624,0.,-0.00218696501946802));
#2465=CARTESIAN_POINT('',(0.000753378757760924,0.,-0.00218696501946802));
#2466=CARTESIAN_POINT('',(0.00117538962588981,0.,-0.00202696089885044));
#2467=CARTESIAN_POINT('',(0.00117538962588981,0.,-0.00202696089885044));
#2468=CARTESIAN_POINT('',(0.00101423051570655,0.,-0.00158681387196947));
#2469=CARTESIAN_POINT('',(0.00141589073182852,0.,-0.00182845358330504));
#2470=CARTESIAN_POINT('',(0.000916697113881117,0.,-0.00152276256433841));
#2471=CARTESIAN_POINT('',(0.00150226437164089,0.,-0.00151494949647421));
#2472=CARTESIAN_POINT('',(0.00150239804740201,0.,-0.00147644672135055));
#2473=CARTESIAN_POINT('',(0.00150206285374803,0.,-0.00143792578371098));
#2474=CARTESIAN_POINT('',(0.00131865300158855,0.,-0.00142701175196575));
#2475=CARTESIAN_POINT('',(0.00139986469682933,0.,-0.00126250020427627));
#2476=CARTESIAN_POINT('',(0.0012912708522404,0.,-0.0014586202613774));
#2477=CARTESIAN_POINT('',(0.00118844599555353,0.,-0.00125904740188093));
#2478=CARTESIAN_POINT('',(0.000302726678594759,0.,0.000492790982280372));
#2479=CARTESIAN_POINT('',(0.00029836703975466,0.,-0.00146994655395046));
#2480=CARTESIAN_POINT('',(0.00029836703975466,0.,-0.00146994655395046));
#2481=CARTESIAN_POINT('',(-0.000513653872379598,0.,-0.00146994655395046));
#2482=CARTESIAN_POINT('',(-0.000513653872379598,0.,-0.000855930741080464));
#2483=CARTESIAN_POINT('',(-0.000513653872379598,0.,-0.000855930741080464));
#2484=CARTESIAN_POINT('',(-0.000513653872379598,0.,-0.000855930741080464));
#2485=CARTESIAN_POINT('',(-0.000513653872379598,0.,-0.000605924302615484));
#2486=CARTESIAN_POINT('',(-0.000360149919162099,0.,-0.000442920104736316));
#2487=CARTESIAN_POINT('',(-0.000360149919162099,0.,-0.000442920104736316));
#2488=CARTESIAN_POINT('',(-0.000360149919162099,0.,-0.000442920104736316));
#2489=CARTESIAN_POINT('',(-0.000206645965944601,0.,-0.000279915906857149));
#2490=CARTESIAN_POINT('',(0.000158363434214271,0.,-0.000151912610363079));
#2491=CARTESIAN_POINT('',(0.00514641081054775,0.,-0.00177509271160257));
#2492=CARTESIAN_POINT('',(0.00514449168099145,0.,-0.00212299273286828));
#2493=CARTESIAN_POINT('',(0.00539962454533956,0.,-0.00201371677584573));
#2494=CARTESIAN_POINT('',(0.0051582034144777,0.,-0.00175980706270044));
#2495=CARTESIAN_POINT('',(0.00550853141712511,0.,-0.00175795381130398));
#2496=CARTESIAN_POINT('',(0.00550850121736485,0.,0.000197096377734033));
#2497=CARTESIAN_POINT('',(0.00550850121736485,0.,0.00215214672653018));
#2498=CARTESIAN_POINT('',(0.00509246488994825,0.,0.00215430477139196));
#2499=CARTESIAN_POINT('',(0.00540636175981401,0.,0.00242754415329185));
#2500=CARTESIAN_POINT('',(0.00512380053196446,0.,0.00220127602901044));
#2501=CARTESIAN_POINT('',(0.00515048419449706,0.,0.00256207834144387));
#2502=CARTESIAN_POINT('',(0.00407621048774604,0.,-0.00865014751995965));
#2503=CARTESIAN_POINT('',(0.00410046495593009,0.,0.0026131585990596));
#2504=CARTESIAN_POINT('',(0.00410046495593009,0.,0.0026131585990596));
#2505=CARTESIAN_POINT('',(0.00316044074730176,0.,0.0026131585990596));
#2506=CARTESIAN_POINT('',(0.00269292870737225,0.,0.0022641496109625));
#2507=CARTESIAN_POINT('',(0.00269292870737225,0.,0.0022641496109625));
#2508=CARTESIAN_POINT('',(0.00269292870737225,0.,0.0022641496109625));
#2509=CARTESIAN_POINT('',(0.00222541666744273,0.,0.00191514062286538));
#2510=CARTESIAN_POINT('',(0.00222541666744273,0.,0.00128212432067205));
#2511=CARTESIAN_POINT('',(0.00222541666744273,0.,0.00128212432067205));
#2512=CARTESIAN_POINT('',(0.00222541666744273,0.,0.00128212432067205));
#2513=CARTESIAN_POINT('',(0.00222541666744273,0.,0.000827112602665785));
#2514=CARTESIAN_POINT('',(0.0024719230157692,0.,0.000481603704707181));
#2515=CARTESIAN_POINT('',(0.0024719230157692,0.,0.000481603704707181));
#2516=CARTESIAN_POINT('',(0.00353544813398703,0.,0.00123775616442317));
#2517=CARTESIAN_POINT('',(0.00313481185046379,0.,-4.62288088577891E-6));
#2518=CARTESIAN_POINT('',(0.0031352266220045,0.,-1.01224347657284E-5));
#2519=CARTESIAN_POINT('',(0.00314018613126003,0.,-1.17040701672303E-5));
#2520=CARTESIAN_POINT('',(0.00312938331500775,0.,-1.45880920559175E-5));
#2521=CARTESIAN_POINT('',(0.0031344400777014,0.,-2.39093138690097E-5));
#2522=CARTESIAN_POINT('',(0.0031344400777014,0.,-2.39093138690097E-5));
#2523=CARTESIAN_POINT('',(0.00282743217126641,0.,-0.000215914258610114));
#2524=CARTESIAN_POINT('',(0.00260942655692494,0.,-0.00077892875803325));
#2525=CARTESIAN_POINT('',(0.00260942655692494,0.,-0.00077892875803325));
#2526=CARTESIAN_POINT('',(0.00241742161218384,0.,-0.00128144169934786));
#2527=CARTESIAN_POINT('',(0.00222549877467351,-2.16840434497101E-19,-0.00178398744567988));
#2528=CARTESIAN_POINT('',(0.00244720222677463,0.,-0.00187256655785758));
#2529=CARTESIAN_POINT('',(0.00225462893248394,0.,-0.00201382863066159));
#2530=CARTESIAN_POINT('',(0.00245102451979973,0.,-0.00189204470660931));
#2531=CARTESIAN_POINT('',(0.00245642097305203,0.,-0.00212289306453537));
#2532=CARTESIAN_POINT('',(0.00255542516621651,0.,-0.00212296337122099));
#2533=CARTESIAN_POINT('',(0.00265442854292885,0.,-0.0021228825852202));
#2534=CARTESIAN_POINT('',(0.00265970724899945,0.,-0.0016072789667764));
#2535=CARTESIAN_POINT('',(0.00295491006203138,0.,-0.00202992352197306));
#2536=CARTESIAN_POINT('',(0.00266612065593299,0.,-0.00160564646928427));
#2537=CARTESIAN_POINT('',(0.00314739537066848,0.,-0.00178393795460963));
#2538=CARTESIAN_POINT('',(0.0033264450224425,0.,-0.00129094194400953));
#2539=CARTESIAN_POINT('',(0.00350544963238343,0.,-0.000797929247356589));
#2540=CARTESIAN_POINT('',(0.00350544963238343,0.,-0.000797929247356589));
#2541=CARTESIAN_POINT('',(0.00362045259407732,0.,-0.000490921340921593));
#2542=CARTESIAN_POINT('',(0.00376795639277166,0.,-0.000394918868551041));
#2543=CARTESIAN_POINT('',(0.00376795639277166,0.,-0.000394918868551041));
#2544=CARTESIAN_POINT('',(0.00376795639277166,0.,-0.000394918868551041));
#2545=CARTESIAN_POINT('',(0.003915460191466,0.,-0.000298916396180488));
#2546=CARTESIAN_POINT('',(0.00427346941134785,0.,-0.000298916396180489));
#2547=CARTESIAN_POINT('',(0.00427346941134785,0.,-0.000298916396180489));
#2548=CARTESIAN_POINT('',(0.00442097321004219,0.,-0.000298916396180489));
#2549=CARTESIAN_POINT('',(0.00456851478030238,0.,-0.000299185470046562));
#2550=CARTESIAN_POINT('',(0.00457548859638177,0.,-0.000348864947493957));
#2551=CARTESIAN_POINT('',(0.00462511343305319,0.,-0.000356859084492175));
#2552=CARTESIAN_POINT('',(0.00462547847670654,0.,-0.00105743593048324));
#2553=CARTESIAN_POINT('',(0.00462547847670654,0.,-0.00175795397106212));
#2554=CARTESIAN_POINT('',(0.00498078131262462,0.,-0.00176080833793263));
#2555=CARTESIAN_POINT('',(0.00473117441222435,0.,-0.00201366770285547));
#2556=CARTESIAN_POINT('',(0.00498056991665212,0.,-0.00178364677244206));
#2557=CARTESIAN_POINT('',(0.00498448735352044,0.,-0.00212293142799168));
#2558=CARTESIAN_POINT('',(0.00506448978265105,0.,-0.00212296337122099));
#2559=CARTESIAN_POINT('',(0.00625,-0.005,0.));
#2560=CARTESIAN_POINT('',(0.00625,-0.005,0.00625));
#2561=CARTESIAN_POINT('',(0.00625,-0.005,0.00625));
#2562=CARTESIAN_POINT('',(0.00625,-0.005,0.));
#2563=CARTESIAN_POINT('',(0.00625,-0.005,-0.00625));
#2564=CARTESIAN_POINT('',(0.00625,-0.005,-0.00625));
#2565=CARTESIAN_POINT('',(-8.67361737988404E-19,-0.005,0.00625));
#2566=CARTESIAN_POINT('',(-0.00625,-0.005,0.00625));
#2567=CARTESIAN_POINT('',(-0.00625,-0.005,0.00625));
#2568=CARTESIAN_POINT('',(-8.67361737988404E-19,-0.005,0.00625));
#2569=CARTESIAN_POINT('',(-0.00625,-0.005,0.));
#2570=CARTESIAN_POINT('',(-0.00625,-0.005,-0.00625));
#2571=CARTESIAN_POINT('',(-0.00625,-0.005,-0.00625));
#2572=CARTESIAN_POINT('',(-0.00625,-0.005,0.));
#2573=CARTESIAN_POINT('',(8.67361737988404E-19,-0.005,-0.00625));
#2574=CARTESIAN_POINT('',(8.67361737988404E-19,-0.005,-0.00625));
#2575=CARTESIAN_POINT('',(0.,-0.005,0.));
#2576=CARTESIAN_POINT('',(0.000158363434214271,-0.001,-0.000151912610363079));
#2577=CARTESIAN_POINT('',(0.000158363434214271,0.,-0.000151912610363079));
#2578=CARTESIAN_POINT('',(0.00067037662019055,-0.001,1.87584516290141E-5));
#2579=CARTESIAN_POINT('',(0.00067037662019055,0.,1.87584516290141E-5));
#2580=CARTESIAN_POINT('',(0.00104038614911872,-0.001,0.000225763782678018));
#2581=CARTESIAN_POINT('',(0.00104038614911872,0.,0.000225763782678018));
#2582=CARTESIAN_POINT('',(0.00126839202099878,-0.001,0.000469103382783932));
#2583=CARTESIAN_POINT('',(0.00126839202099878,0.,0.000469103382783932));
#2584=CARTESIAN_POINT('',(0.000158363434214271,-0.001,-0.000151912610363079));
#2585=CARTESIAN_POINT('',(0.000158363434214271,-0.001,-0.000151912610363079));
#2586=CARTESIAN_POINT('',(0.000158363434214271,-0.001,-0.000151912610363079));
#2587=CARTESIAN_POINT('',(0.00092638321317869,-0.001,0.000104093982625061));
#2588=CARTESIAN_POINT('',(0.00126839202099878,-0.001,0.000469103382783932));
#2589=CARTESIAN_POINT('',(0.00126839202099878,-0.001,0.000469103382783932));
#2590=CARTESIAN_POINT('',(0.00126839202099878,-0.001,0.000469103382783932));
#2591=CARTESIAN_POINT('',(-0.000360149919162099,-0.001,-0.000442920104736316));
#2592=CARTESIAN_POINT('',(-0.000360149919162099,0.,-0.000442920104736316));
#2593=CARTESIAN_POINT('',(-0.000257813950350434,-0.001,-0.000334250639483538));
#2594=CARTESIAN_POINT('',(-0.000257813950350434,0.,-0.000334250639483538));
#2595=CARTESIAN_POINT('',(-8.49761658916441E-5,-0.001,-0.000237248141359126));
#2596=CARTESIAN_POINT('',(-8.49761658916441E-5,0.,-0.000237248141359126));
#2597=CARTESIAN_POINT('',(0.000158363434214271,-0.001,-0.000151912610363079));
#2598=CARTESIAN_POINT('',(0.000158363434214271,0.,-0.000151912610363079));
#2599=CARTESIAN_POINT('',(-0.000360149919162099,-0.001,-0.000442920104736316));
#2600=CARTESIAN_POINT('',(-0.000360149919162099,-0.001,-0.000442920104736316));
#2601=CARTESIAN_POINT('',(-0.000360149919162099,-0.001,-0.000442920104736316));
#2602=CARTESIAN_POINT('',(-0.000206645965944601,-0.001,-0.000279915906857149));
#2603=CARTESIAN_POINT('',(0.000158363434214271,-0.001,-0.000151912610363079));
#2604=CARTESIAN_POINT('',(-0.000513653872379598,-0.001,-0.000855930741080464));
#2605=CARTESIAN_POINT('',(-0.000513653872379598,0.,-0.000855930741080464));
#2606=CARTESIAN_POINT('',(-0.000513653872379598,-0.001,-0.000689259782103811));
#2607=CARTESIAN_POINT('',(-0.000513653872379598,0.,-0.000689259782103811));
#2608=CARTESIAN_POINT('',(-0.000462485887973765,-0.001,-0.000551589569989095));
#2609=CARTESIAN_POINT('',(-0.000462485887973765,0.,-0.000551589569989095));
#2610=CARTESIAN_POINT('',(-0.000360149919162099,-0.001,-0.000442920104736316));
#2611=CARTESIAN_POINT('',(-0.000360149919162099,0.,-0.000442920104736316));
#2612=CARTESIAN_POINT('',(-0.000513653872379598,-0.001,-0.000855930741080464));
#2613=CARTESIAN_POINT('',(-0.000513653872379598,-0.001,-0.000855930741080464));
#2614=CARTESIAN_POINT('',(-0.000513653872379598,-0.001,-0.000855930741080464));
#2615=CARTESIAN_POINT('',(-0.000513653872379598,-0.001,-0.000605924302615484));
#2616=CARTESIAN_POINT('',(-0.000360149919162099,-0.001,-0.000442920104736316));
#2617=CARTESIAN_POINT('',(0.00029836703975466,-0.001,-0.00146994655395046));
#2618=CARTESIAN_POINT('',(0.00029836703975466,0.,-0.00146994655395046));
#2619=CARTESIAN_POINT('',(-0.000242980235001512,-0.001,-0.00146994655395046));
#2620=CARTESIAN_POINT('',(-0.000242980235001512,0.,-0.00146994655395046));
#2621=CARTESIAN_POINT('',(-0.000513653872379598,-0.001,-0.00126527461632713));
#2622=CARTESIAN_POINT('',(-0.000513653872379598,0.,-0.00126527461632713));
#2623=CARTESIAN_POINT('',(-0.000513653872379598,-0.001,-0.000855930741080464));
#2624=CARTESIAN_POINT('',(-0.000513653872379598,0.,-0.000855930741080464));
#2625=CARTESIAN_POINT('',(0.00029836703975466,-0.001,-0.00146994655395046));
#2626=CARTESIAN_POINT('',(0.00029836703975466,-0.001,-0.00146994655395046));
#2627=CARTESIAN_POINT('',(0.00029836703975466,-0.001,-0.00146994655395046));
#2628=CARTESIAN_POINT('',(-0.000513653872379598,-0.001,-0.00146994655395046));
#2629=CARTESIAN_POINT('',(-0.000513653872379598,-0.001,-0.000855930741080464));
#2630=CARTESIAN_POINT('',(0.000302726678594759,-0.001,0.000492790982280372));
#2631=CARTESIAN_POINT('',(0.00118838996068999,-0.001,-0.00125894111988601));
#2632=CARTESIAN_POINT('',(0.00118844599555353,-0.001,-0.00125904740188093));
#2633=CARTESIAN_POINT('',(0.000302726678594759,-0.001,0.000492790982280372));
#2634=CARTESIAN_POINT('',(0.0012912708522404,-0.001,-0.0014586202613774));
#2635=CARTESIAN_POINT('',(0.00139989540763136,-0.001,-0.00126244121002452));
#2636=CARTESIAN_POINT('',(0.00139986469682933,-0.001,-0.00126250020427627));
#2637=CARTESIAN_POINT('',(0.0012912708522404,-0.001,-0.0014586202613774));
#2638=CARTESIAN_POINT('',(0.00131865300158855,-0.001,-0.00142701175196575));
#2639=CARTESIAN_POINT('',(0.00150239804740201,-0.001,-0.00143794572982694));
#2640=CARTESIAN_POINT('',(0.00150206285374803,-0.00099999975,-0.00143792578371098));
#2641=CARTESIAN_POINT('',(0.00131865300158855,-0.001,-0.00142701175196575));
#2642=CARTESIAN_POINT('',(0.00150239804740201,-0.001,-0.00147644672135055));
#2643=CARTESIAN_POINT('',(0.00150239804740201,-0.001,-0.00151494771287415));
#2644=CARTESIAN_POINT('',(0.00150226437164089,-0.001,-0.00151494949647421));
#2645=CARTESIAN_POINT('',(0.00150239804740201,-0.001,-0.00147644672135055));
#2646=CARTESIAN_POINT('',(0.000916697113881117,-0.001,-0.00152276256433841));
#2647=CARTESIAN_POINT('',(0.00141589581969312,-0.001,-0.00182845578670924));
#2648=CARTESIAN_POINT('',(0.00141589073182852,-0.001,-0.00182845358330504));
#2649=CARTESIAN_POINT('',(0.000916697113881117,-0.001,-0.00152276256433841));
#2650=CARTESIAN_POINT('',(0.00101423051570655,-0.001,-0.00158681387196947));
#2651=CARTESIAN_POINT('',(0.00117538962588981,-0.001,-0.00202696089885044));
#2652=CARTESIAN_POINT('',(0.00117538962588981,-0.001,-0.00202696089885044));
#2653=CARTESIAN_POINT('',(0.00101423051570655,-0.001,-0.00158681387196947));
#2654=CARTESIAN_POINT('',(0.000234365391507624,-0.001,-0.00218696501946802));
#2655=CARTESIAN_POINT('',(0.000234365391507624,0.,-0.00218696501946802));
#2656=CARTESIAN_POINT('',(0.000580374302343157,-0.001,-0.00218696501946802));
#2657=CARTESIAN_POINT('',(0.000580374302343157,0.,-0.00218696501946802));
#2658=CARTESIAN_POINT('',(0.000894049047137219,-0.001,-0.00213363031259549));
#2659=CARTESIAN_POINT('',(0.000894049047137219,0.,-0.00213363031259549));
#2660=CARTESIAN_POINT('',(0.00117538962588981,-0.001,-0.00202696089885044));
#2661=CARTESIAN_POINT('',(0.00117538962588981,0.,-0.00202696089885044));
#2662=CARTESIAN_POINT('',(0.000234365391507624,-0.001,-0.00218696501946802));
#2663=CARTESIAN_POINT('',(0.000234365391507624,-0.001,-0.00218696501946802));
#2664=CARTESIAN_POINT('',(0.000234365391507624,-0.001,-0.00218696501946802));
#2665=CARTESIAN_POINT('',(0.000753378757760924,-0.001,-0.00218696501946802));
#2666=CARTESIAN_POINT('',(0.00117538962588981,-0.001,-0.00202696089885044));
#2667=CARTESIAN_POINT('',(-0.00142267728263827,-0.001,-0.000842930406280285));
#2668=CARTESIAN_POINT('',(-0.00142267728263827,0.,-0.000842930406280285));
#2669=CARTESIAN_POINT('',(-0.00142267728263827,-0.001,-0.00173895348173878));
#2670=CARTESIAN_POINT('',(-0.00142267728263827,0.,-0.00173895348173878));
#2671=CARTESIAN_POINT('',(-0.000870329724589636,-0.001,-0.00218696501946802));
#2672=CARTESIAN_POINT('',(-0.000870329724589636,0.,-0.00218696501946802));
#2673=CARTESIAN_POINT('',(0.000234365391507624,-0.001,-0.00218696501946802));
#2674=CARTESIAN_POINT('',(0.000234365391507624,0.,-0.00218696501946802));
#2675=CARTESIAN_POINT('',(-0.00142267728263827,-0.001,-0.000842930406280285));
#2676=CARTESIAN_POINT('',(-0.00142267728263827,-0.001,-0.000842930406280285));
#2677=CARTESIAN_POINT('',(-0.00142267728263827,-0.001,-0.000842930406280285));
#2678=CARTESIAN_POINT('',(-0.00142267728263827,-0.001,-0.00218696501946802));
#2679=CARTESIAN_POINT('',(0.000234365391507624,-0.001,-0.00218696501946802));
#2680=CARTESIAN_POINT('',(-0.00108666862934133,-0.001,6.60930039783842E-5));
#2681=CARTESIAN_POINT('',(-0.00108666862934133,0.,6.60930039783842E-5));
#2682=CARTESIAN_POINT('',(-0.00131067439820595,-0.001,-0.000168579706260744));
#2683=CARTESIAN_POINT('',(-0.00131067439820595,0.,-0.000168579706260744));
#2684=CARTESIAN_POINT('',(-0.00142267728263827,-0.001,-0.0004715875096803));
#2685=CARTESIAN_POINT('',(-0.00142267728263827,0.,-0.0004715875096803));
#2686=CARTESIAN_POINT('',(-0.00142267728263827,-0.001,-0.000842930406280285));
#2687=CARTESIAN_POINT('',(-0.00142267728263827,0.,-0.000842930406280285));
#2688=CARTESIAN_POINT('',(-0.00108666862934133,-0.001,6.60930039783842E-5));
#2689=CARTESIAN_POINT('',(-0.00108666862934133,-0.001,6.60930039783842E-5));
#2690=CARTESIAN_POINT('',(-0.00108666862934133,-0.001,6.60930039783842E-5));
#2691=CARTESIAN_POINT('',(-0.00142267728263827,-0.001,-0.000285916061380308));
#2692=CARTESIAN_POINT('',(-0.00142267728263827,-0.001,-0.000842930406280285));
#2693=CARTESIAN_POINT('',(0.000113362275290575,-0.001,0.000693109151648555));
#2694=CARTESIAN_POINT('',(0.000113362275290575,0.,0.000693109151648555));
#2695=CARTESIAN_POINT('',(-0.00046265255893274,-0.001,0.000509771096774236));
#2696=CARTESIAN_POINT('',(-0.00046265255893274,0.,0.000509771096774236));
#2697=CARTESIAN_POINT('',(-0.000862662860476709,-0.001,0.000300765714217513));
#2698=CARTESIAN_POINT('',(-0.000862662860476709,0.,0.000300765714217513));
#2699=CARTESIAN_POINT('',(-0.00108666862934133,-0.001,6.60930039783842E-5));
#2700=CARTESIAN_POINT('',(-0.00108666862934133,0.,6.60930039783842E-5));
#2701=CARTESIAN_POINT('',(0.000113362275290575,-0.001,0.000693109151648555));
#2702=CARTESIAN_POINT('',(0.000113362275290575,-0.001,0.000693109151648555));
#2703=CARTESIAN_POINT('',(0.000113362275290575,-0.001,0.000693109151648555));
#2704=CARTESIAN_POINT('',(-0.000750659976044398,-0.001,0.000418102069337077));
#2705=CARTESIAN_POINT('',(-0.00108666862934133,-0.001,6.60930039783842E-5));
#2706=CARTESIAN_POINT('',(0.000714377753360388,-0.001,0.00135212612344224));
#2707=CARTESIAN_POINT('',(0.000714377753360388,0.,0.00135212612344224));
#2708=CARTESIAN_POINT('',(0.000714377753360388,-0.001,0.00104478487508929));
#2709=CARTESIAN_POINT('',(0.000714377753360388,0.,0.00104478487508929));
#2710=CARTESIAN_POINT('',(0.00051403926067045,-0.001,0.000825112551158065));
#2711=CARTESIAN_POINT('',(0.00051403926067045,0.,0.000825112551158065));
#2712=CARTESIAN_POINT('',(0.000113362275290575,-0.001,0.000693109151648555));
#2713=CARTESIAN_POINT('',(0.000113362275290575,0.,0.000693109151648555));
#2714=CARTESIAN_POINT('',(0.000714377753360388,-0.001,0.00135212612344224));
#2715=CARTESIAN_POINT('',(0.000714377753360388,-0.001,0.00135212612344224));
#2716=CARTESIAN_POINT('',(0.000714377753360388,-0.001,0.00135212612344224));
#2717=CARTESIAN_POINT('',(0.000714377753360388,-0.001,0.00089111425091282));
#2718=CARTESIAN_POINT('',(0.000113362275290575,-0.001,0.000693109151648555));
#2719=CARTESIAN_POINT('',(0.000548373478219641,-0.001,0.00176213668252481));
#2720=CARTESIAN_POINT('',(0.000548373478219641,0.,0.00176213668252481));
#2721=CARTESIAN_POINT('',(0.000659042994980139,-0.001,0.00166413415864654));
#2722=CARTESIAN_POINT('',(0.000659042994980139,0.,0.00166413415864654));
#2723=CARTESIAN_POINT('',(0.000714377753360388,-0.001,0.00152746397228568));
#2724=CARTESIAN_POINT('',(0.000714377753360388,0.,0.00152746397228568));
#2725=CARTESIAN_POINT('',(0.000714377753360388,-0.001,0.00135212612344224));
#2726=CARTESIAN_POINT('',(0.000714377753360388,0.,0.00135212612344224));
#2727=CARTESIAN_POINT('',(0.000548373478219641,-0.001,0.00176213668252481));
#2728=CARTESIAN_POINT('',(0.000548373478219641,-0.001,0.00176213668252481));
#2729=CARTESIAN_POINT('',(0.000548373478219641,-0.001,0.00176213668252481));
#2730=CARTESIAN_POINT('',(0.000714377753360388,-0.001,0.0016151328967074));
#2731=CARTESIAN_POINT('',(0.000714377753360388,-0.001,0.00135212612344224));
#2732=CARTESIAN_POINT('',(6.23609618437184E-5,-0.001,0.00190914046834222));
#2733=CARTESIAN_POINT('',(6.23609618437184E-5,0.,0.00190914046834222));
#2734=CARTESIAN_POINT('',(0.000275699789333835,-0.001,0.00190914046834222));
#2735=CARTESIAN_POINT('',(0.000275699789333835,0.,0.00190914046834222));
#2736=CARTESIAN_POINT('',(0.000437703961459143,-0.001,0.00186013920640308));
#2737=CARTESIAN_POINT('',(0.000437703961459143,0.,0.00186013920640308));
#2738=CARTESIAN_POINT('',(0.000548373478219641,-0.001,0.00176213668252481));
#2739=CARTESIAN_POINT('',(0.000548373478219641,0.,0.00176213668252481));
#2740=CARTESIAN_POINT('',(6.23609618437184E-5,-0.001,0.00190914046834222));
#2741=CARTESIAN_POINT('',(6.23609618437184E-5,-0.001,0.00190914046834222));
#2742=CARTESIAN_POINT('',(6.23609618437184E-5,-0.001,0.00190914046834222));
#2743=CARTESIAN_POINT('',(0.000382369203078894,-0.001,0.00190914046834222));
#2744=CARTESIAN_POINT('',(0.000548373478219641,-0.001,0.00176213668252481));
#2745=CARTESIAN_POINT('',(6.65246260677823E-5,-0.001,-0.000780751833429405));
#2746=CARTESIAN_POINT('',(-0.000917664276939005,-0.001,0.00172313567812428));
#2747=CARTESIAN_POINT('',(-0.000917621382068961,-0.001,0.00172302435028299));
#2748=CARTESIAN_POINT('',(6.65246260677823E-5,-0.001,-0.000780751833429405));
#2749=CARTESIAN_POINT('',(-0.00100724267306545,-0.001,0.0019460533108917));
#2750=CARTESIAN_POINT('',(-0.0011411700329267,-0.001,0.00174613627046305));
#2751=CARTESIAN_POINT('',(-0.00114100203989715,-0.001,0.00174640260791929));
#2752=CARTESIAN_POINT('',(-0.00100724267306545,-0.001,0.0019460533108917));
#2753=CARTESIAN_POINT('',(-0.00104003615922078,-0.001,0.00193046044103293));
#2754=CARTESIAN_POINT('',(-0.0012496728272205,-0.001,0.00193514113794258));
#2755=CARTESIAN_POINT('',(-0.0012496376093831,-0.00099999975,0.00193514035161057));
#2756=CARTESIAN_POINT('',(-0.00104003615922078,-0.001,0.00193046044103293));
#2757=CARTESIAN_POINT('',(-0.0012496728272205,-0.001,0.00196364187192758));
#2758=CARTESIAN_POINT('',(-0.0012496728272205,-0.001,0.00199214260591259));
#2759=CARTESIAN_POINT('',(-0.00124961110957696,-0.001,0.00199214312477724));
#2760=CARTESIAN_POINT('',(-0.0012496728272205,-0.001,0.00196364187192758));
#2761=CARTESIAN_POINT('',(-0.000716580675389698,-0.001,0.00199662434982075));
#2762=CARTESIAN_POINT('',(-0.00115717044498846,-0.001,0.00229665044796294));
#2763=CARTESIAN_POINT('',(-0.00115704150969977,-0.001,0.00229656607163069));
#2764=CARTESIAN_POINT('',(-0.000716580675389698,-0.001,0.00199662434982075));
#2765=CARTESIAN_POINT('',(-0.00078996876601212,-0.001,0.00205920518692506));
#2766=CARTESIAN_POINT('',(-0.000910664096661985,-0.001,0.00247915514804238));
#2767=CARTESIAN_POINT('',(-0.000910664096661985,-0.001,0.00247915514804238));
#2768=CARTESIAN_POINT('',(-0.00078996876601212,-0.001,0.00205920518692506));
#2769=CARTESIAN_POINT('',(0.000126362610090754,-0.001,0.0026131585990596));
#2770=CARTESIAN_POINT('',(0.000126362610090754,0.,0.0026131585990596));
#2771=CARTESIAN_POINT('',(-0.000270980956109589,-0.001,0.0026131585990596));
#2772=CARTESIAN_POINT('',(-0.000270980956109589,0.,0.0026131585990596));
#2773=CARTESIAN_POINT('',(-0.000616656525027168,-0.001,0.00256849078205386));
#2774=CARTESIAN_POINT('',(-0.000616656525027168,0.,0.00256849078205386));
#2775=CARTESIAN_POINT('',(-0.000910664096661985,-0.001,0.00247915514804238));
#2776=CARTESIAN_POINT('',(-0.000910664096661985,0.,0.00247915514804238));
#2777=CARTESIAN_POINT('',(0.000126362610090754,-0.001,0.0026131585990596));
#2778=CARTESIAN_POINT('',(0.000126362610090754,-0.001,0.0026131585990596));
#2779=CARTESIAN_POINT('',(0.000126362610090754,-0.001,0.0026131585990596));
#2780=CARTESIAN_POINT('',(-0.00046965273920976,-0.001,0.0026131585990596));
#2781=CARTESIAN_POINT('',(-0.000910664096661985,-0.001,0.00247915514804238));
#2782=CARTESIAN_POINT('',(0.00122039078481351,-0.001,0.00227414986850109));
#2783=CARTESIAN_POINT('',(0.00122039078481351,0.,0.00227414986850109));
#2784=CARTESIAN_POINT('',(0.000960384088809929,-0.001,0.00250015568887343));
#2785=CARTESIAN_POINT('',(0.000960384088809929,0.,0.00250015568887343));
#2786=CARTESIAN_POINT('',(0.000595708030569011,-0.001,0.0026131585990596));
#2787=CARTESIAN_POINT('',(0.000595708030569011,0.,0.0026131585990596));
#2788=CARTESIAN_POINT('',(0.000126362610090754,-0.001,0.0026131585990596));
#2789=CARTESIAN_POINT('',(0.000126362610090754,0.,0.0026131585990596));
#2790=CARTESIAN_POINT('',(0.00122039078481351,-0.001,0.00227414986850109));
#2791=CARTESIAN_POINT('',(0.00122039078481351,-0.001,0.00227414986850109));
#2792=CARTESIAN_POINT('',(0.00122039078481351,-0.001,0.00227414986850109));
#2793=CARTESIAN_POINT('',(0.000830380740808139,-0.001,0.0026131585990596));
#2794=CARTESIAN_POINT('',(0.000126362610090754,-0.001,0.0026131585990596));
#2795=CARTESIAN_POINT('',(0.00161040082881888,-0.001,0.00135212612344224));
#2796=CARTESIAN_POINT('',(0.00161040082881888,0.,0.00135212612344224));
#2797=CARTESIAN_POINT('',(0.00161040082881888,-0.001,0.0017408027997758));
#2798=CARTESIAN_POINT('',(0.00161040082881888,0.,0.0017408027997758));
#2799=CARTESIAN_POINT('',(0.00148039748081709,-0.001,0.00204814404812875));
#2800=CARTESIAN_POINT('',(0.00148039748081709,0.,0.00204814404812875));
#2801=CARTESIAN_POINT('',(0.00122039078481351,-0.001,0.00227414986850109));
#2802=CARTESIAN_POINT('',(0.00122039078481351,0.,0.00227414986850109));
#2803=CARTESIAN_POINT('',(0.00161040082881888,-0.001,0.00135212612344224));
#2804=CARTESIAN_POINT('',(0.00161040082881888,-0.001,0.00135212612344224));
#2805=CARTESIAN_POINT('',(0.00161040082881888,-0.001,0.00135212612344224));
#2806=CARTESIAN_POINT('',(0.00161040082881888,-0.001,0.00193514113794258));
#2807=CARTESIAN_POINT('',(0.00122039078481351,-0.001,0.00227414986850109));
#2808=CARTESIAN_POINT('',(0.00126839202099878,-0.001,0.000469103382783932));
#2809=CARTESIAN_POINT('',(0.00126839202099878,0.,0.000469103382783932));
#2810=CARTESIAN_POINT('',(0.00149639789287885,-0.001,0.000712442982889847));
#2811=CARTESIAN_POINT('',(0.00149639789287885,0.,0.000712442982889847));
#2812=CARTESIAN_POINT('',(0.00161040082881888,-0.001,0.00100678389644262));
#2813=CARTESIAN_POINT('',(0.00161040082881888,0.,0.00100678389644262));
#2814=CARTESIAN_POINT('',(0.00161040082881888,-0.001,0.00135212612344224));
#2815=CARTESIAN_POINT('',(0.00161040082881888,0.,0.00135212612344224));
#2816=CARTESIAN_POINT('',(0.00126839202099878,-0.001,0.000469103382783932));
#2817=CARTESIAN_POINT('',(0.00161040082881888,-0.001,0.000834112782942804));
#2818=CARTESIAN_POINT('',(0.00161040082881888,-0.001,0.00135212612344224));
#2819=CARTESIAN_POINT('',(0.,-0.001,0.));
#2820=CARTESIAN_POINT('',(-0.00247561503832129,-0.001,0.00216076022123834));
#2821=CARTESIAN_POINT('',(-0.00247870447871434,-0.001,0.00180713784144851));
#2822=CARTESIAN_POINT('',(-0.00247870437610401,-0.00099999975,0.00180714958639437));
#2823=CARTESIAN_POINT('',(-0.00247561503832129,-0.001,0.00216076022123834));
#2824=CARTESIAN_POINT('',(-0.00222302463586999,-0.001,0.00191329344185042));
#2825=CARTESIAN_POINT('',(-0.00222302463586998,-0.001,0.00191329344185039));
#2826=CARTESIAN_POINT('',(-0.00290771552712025,-0.001,0.00180713784144851));
#2827=CARTESIAN_POINT('',(-0.00333672657552615,-0.001,0.00180713784144851));
#2828=CARTESIAN_POINT('',(-0.00333672657552615,-0.001,0.00180713784144851));
#2829=CARTESIAN_POINT('',(-0.00290771552712025,-0.001,0.00180713784144851));
#2830=CARTESIAN_POINT('',(-0.00338772788897302,-0.001,0.00174913634772463));
#2831=CARTESIAN_POINT('',(-0.00338772788897302,0.,0.00174913634772463));
#2832=CARTESIAN_POINT('',(-0.00338772788897302,-0.001,0.00178780401020722));
#2833=CARTESIAN_POINT('',(-0.00338772788897302,0.,0.00178780401020722));
#2834=CARTESIAN_POINT('',(-0.0033707274511574,-0.001,0.00180713784144851));
#2835=CARTESIAN_POINT('',(-0.0033707274511574,0.,0.00180713784144851));
#2836=CARTESIAN_POINT('',(-0.00333672657552615,-0.001,0.00180713784144851));
#2837=CARTESIAN_POINT('',(-0.00333672657552615,0.,0.00180713784144851));
#2838=CARTESIAN_POINT('',(-0.00338772788897302,-0.001,0.00174913634772463));
#2839=CARTESIAN_POINT('',(-0.00338772788897302,-0.001,0.00174913634772463));
#2840=CARTESIAN_POINT('',(-0.00338772788897302,-0.001,0.00174913634772463));
#2841=CARTESIAN_POINT('',(-0.00338772788897302,-0.001,0.00180713784144851));
#2842=CARTESIAN_POINT('',(-0.00333672657552615,-0.001,0.00180713784144851));
#2843=CARTESIAN_POINT('',(-0.00338772788897302,-0.001,-4.40881166873962E-6));
#2844=CARTESIAN_POINT('',(-0.00338772788897302,-0.001,-0.00175795397106212));
#2845=CARTESIAN_POINT('',(-0.00338769163343011,-0.001,-0.00175795379647267));
#2846=CARTESIAN_POINT('',(-0.00338772788897302,-0.001,-4.40881166873962E-6));
#2847=CARTESIAN_POINT('',(-0.00373723239342973,-0.001,-0.00175963701849404));
#2848=CARTESIAN_POINT('',(-0.00349704018275214,-0.001,-0.00201363334808281));
#2849=CARTESIAN_POINT('',(-0.00349704227485798,-0.001,-0.00201363568831673));
#2850=CARTESIAN_POINT('',(-0.00373723239342973,-0.001,-0.00175963701849404));
#2851=CARTESIAN_POINT('',(-0.00375105424169995,-0.001,-0.00177345886676428));
#2852=CARTESIAN_POINT('',(-0.00375273728913189,-0.001,-0.00212296337122099));
#2853=CARTESIAN_POINT('',(-0.00375273746372133,-0.00099999975,-0.0021229996267639));
#2854=CARTESIAN_POINT('',(-0.00375105424169995,-0.001,-0.00177345886676428));
#2855=CARTESIAN_POINT('',(-0.00384223959410235,-0.001,-0.00212296337122099));
#2856=CARTESIAN_POINT('',(-0.00393174189907281,-0.001,-0.00212296337122099));
#2857=CARTESIAN_POINT('',(-0.00393174172448336,-0.001,-0.00212299962676367));
#2858=CARTESIAN_POINT('',(-0.00384223959410235,-0.001,-0.00212296337122099));
#2859=CARTESIAN_POINT('',(-0.00393342494651141,-0.001,-0.00177345886678394));
#2860=CARTESIAN_POINT('',(-0.00418742127609343,-0.001,-0.00201365107744193));
#2861=CARTESIAN_POINT('',(-0.00418742361632721,-0.001,-0.00201364898533592));
#2862=CARTESIAN_POINT('',(-0.00393342494651141,-0.001,-0.00177345886678394));
#2863=CARTESIAN_POINT('',(-0.00394724679477498,-0.001,-0.00175963701849404));
#2864=CARTESIAN_POINT('',(-0.00429675129923169,-0.001,-0.00175795397106212));
#2865=CARTESIAN_POINT('',(-0.0042967875547746,-0.00099999975,-0.00175795379647267));
#2866=CARTESIAN_POINT('',(-0.00394724679477498,-0.001,-0.00175963701849404));
#2867=CARTESIAN_POINT('',(-0.00429675129923169,-0.001,-4.40881166873962E-6));
#2868=CARTESIAN_POINT('',(-0.00429675129923169,-0.001,0.00174913634772463));
#2869=CARTESIAN_POINT('',(-0.00429675129923169,-0.001,0.00174913634772463));
#2870=CARTESIAN_POINT('',(-0.00429675129923169,-0.001,-4.40881166873962E-6));
#2871=CARTESIAN_POINT('',(-0.00434775261267854,-0.001,0.00180713784144851));
#2872=CARTESIAN_POINT('',(-0.00434775261267854,0.,0.00180713784144851));
#2873=CARTESIAN_POINT('',(-0.0043137517370473,-0.001,0.00180713784144851));
#2874=CARTESIAN_POINT('',(-0.0043137517370473,0.,0.00180713784144851));
#2875=CARTESIAN_POINT('',(-0.00429675129923169,-0.001,0.00178780401020722));
#2876=CARTESIAN_POINT('',(-0.00429675129923169,0.,0.00178780401020722));
#2877=CARTESIAN_POINT('',(-0.00429675129923169,-0.001,0.00174913634772463));
#2878=CARTESIAN_POINT('',(-0.00429675129923169,0.,0.00174913634772463));
#2879=CARTESIAN_POINT('',(-0.00434775261267854,-0.001,0.00180713784144851));
#2880=CARTESIAN_POINT('',(-0.00434775261267854,-0.001,0.00180713784144851));
#2881=CARTESIAN_POINT('',(-0.00434775261267854,-0.001,0.00180713784144851));
#2882=CARTESIAN_POINT('',(-0.00429675129923169,-0.001,0.00180713784144851));
#2883=CARTESIAN_POINT('',(-0.00429675129923169,-0.001,0.00174913634772463));
#2884=CARTESIAN_POINT('',(-0.00477676366108445,-0.001,0.00180713784144851));
#2885=CARTESIAN_POINT('',(-0.00520577470949035,-0.001,0.00180713784144851));
#2886=CARTESIAN_POINT('',(-0.00520577470949035,-0.001,0.00180713784144851));
#2887=CARTESIAN_POINT('',(-0.00477676366108445,-0.001,0.00180713784144851));
#2888=CARTESIAN_POINT('',(-0.00520862907635712,-0.001,0.00216244067737654));
#2889=CARTESIAN_POINT('',(-0.00546201387203391,-0.001,0.00191336732110077));
#2890=CARTESIAN_POINT('',(-0.00546201387203391,-0.001,0.00191336732110081));
#2891=CARTESIAN_POINT('',(-0.00520862907635712,-0.001,0.00216244067737654));
#2892=CARTESIAN_POINT('',(-0.00523258728670149,-0.001,0.0021618314761543));
#2893=CARTESIAN_POINT('',(-0.00557078410964922,-0.001,0.00216514706133036));
#2894=CARTESIAN_POINT('',(-0.0055707714773978,-0.00099999975,0.00216514693748737));
#2895=CARTESIAN_POINT('',(-0.00523258728670149,-0.001,0.0021618314761543));
#2896=CARTESIAN_POINT('',(-0.00557078410964922,-0.001,0.00217464730599203));
#2897=CARTESIAN_POINT('',(-0.00557078410964922,-0.001,0.0021841475506537));
#2898=CARTESIAN_POINT('',(-0.00557082036519213,-0.001,0.00218414737606425));
#2899=CARTESIAN_POINT('',(-0.00557078410964922,-0.001,0.00217464730599203));
#2900=CARTESIAN_POINT('',(-0.00522127960519252,-0.001,0.00218583059808563));
#2901=CARTESIAN_POINT('',(-0.00546147181587009,-0.001,0.0024398269276744));
#2902=CARTESIAN_POINT('',(-0.00546146972376425,-0.001,0.00243982926790832));
#2903=CARTESIAN_POINT('',(-0.00522127960519252,-0.001,0.00218583059808563));
#2904=CARTESIAN_POINT('',(-0.00520745775692228,-0.001,0.00219965244635587));
#2905=CARTESIAN_POINT('',(-0.00520577470949035,-0.001,0.00254915695081257));
#2906=CARTESIAN_POINT('',(-0.0052057745349009,-0.00099999975,0.00254919320635548));
#2907=CARTESIAN_POINT('',(-0.00520745775692228,-0.001,0.00219965244635587));
#2908=CARTESIAN_POINT('',(-0.00384223959410235,-0.001,0.00254915695081257));
#2909=CARTESIAN_POINT('',(-0.00247870447871434,-0.001,0.00254915695081257));
#2910=CARTESIAN_POINT('',(-0.00247870464068273,-0.001,0.00254918631245987));
#2911=CARTESIAN_POINT('',(-0.00384223959410235,-0.001,0.00254915695081257));
#2912=CARTESIAN_POINT('',(-0.00247678551112644,-0.001,0.00220128629119416));
#2913=CARTESIAN_POINT('',(-0.00222357368704132,-0.001,0.00243991217268597));
#2914=CARTESIAN_POINT('',(-0.00222357177633462,-0.001,0.00243991035543732));
#2915=CARTESIAN_POINT('',(-0.00247678551112644,-0.001,0.00220128629119416));
#2916=CARTESIAN_POINT('',(-0.00246499290719648,-0.001,0.00218600064229203));
#2917=CARTESIAN_POINT('',(-0.00211469510430933,-0.001,0.0021841475506537));
#2918=CARTESIAN_POINT('',(-0.00211466490454907,-0.00099999975,0.00218414739089557));
#2919=CARTESIAN_POINT('',(-0.00246499290719648,-0.001,0.00218600064229203));
#2920=CARTESIAN_POINT('',(-0.00211469510430933,-0.001,0.00217464730599203));
#2921=CARTESIAN_POINT('',(-0.00211469510430933,-0.001,0.00216514706133036));
#2922=CARTESIAN_POINT('',(-0.00211471382525694,-0.001,0.0021651468688557));
#2923=CARTESIAN_POINT('',(-0.00211469510430933,-0.001,0.00217464730599203));
#2924=CARTESIAN_POINT('',(-0.00245364056596361,-0.001,0.00216166227979839));
#2925=CARTESIAN_POINT('',(-0.00245364056596361,-0.001,0.00216166227979839));
#2926=CARTESIAN_POINT('',(0.,-0.001,0.));
#2927=CARTESIAN_POINT('',(0.00514641081054775,-0.001,-0.00177509271160257));
#2928=CARTESIAN_POINT('',(0.00514449184295984,-0.001,-0.00212296337122099));
#2929=CARTESIAN_POINT('',(0.00514449168099145,-0.00099999975,-0.00212299273286828));
#2930=CARTESIAN_POINT('',(0.00514641081054775,-0.001,-0.00177509271160257));
#2931=CARTESIAN_POINT('',(0.00539962454533956,-0.001,-0.00201371677584573));
#2932=CARTESIAN_POINT('',(0.00539962263463287,-0.001,-0.00201371859309438));
#2933=CARTESIAN_POINT('',(0.00506448978265105,-0.001,-0.00212296337122099));
#2934=CARTESIAN_POINT('',(0.00498448772234226,-0.001,-0.00212296337122099));
#2935=CARTESIAN_POINT('',(0.00498448735352044,-0.001,-0.00212293142799168));
#2936=CARTESIAN_POINT('',(0.00506448978265105,-0.001,-0.00212296337122099));
#2937=CARTESIAN_POINT('',(0.00498056991665212,-0.001,-0.00178364677244206));
#2938=CARTESIAN_POINT('',(0.00473117294838368,-0.001,-0.00201366611610104));
#2939=CARTESIAN_POINT('',(0.00473117441222435,-0.001,-0.00201366770285547));
#2940=CARTESIAN_POINT('',(0.00498056991665212,-0.001,-0.00178364677244206));
#2941=CARTESIAN_POINT('',(0.00498078131262462,-0.001,-0.00176080833793263));
#2942=CARTESIAN_POINT('',(0.00462547847670654,-0.001,-0.00175795397106212));
#2943=CARTESIAN_POINT('',(0.00462547847670654,-0.001,-0.00175795397106212));
#2944=CARTESIAN_POINT('',(0.00498078131262462,-0.001,-0.00176080833793263));
#2945=CARTESIAN_POINT('',(0.00462547847670654,-0.001,-0.00105743593048324));
#2946=CARTESIAN_POINT('',(0.00462547847670654,-0.001,-0.000356917889904364));
#2947=CARTESIAN_POINT('',(0.00462511343305319,-0.001,-0.000356859084492175));
#2948=CARTESIAN_POINT('',(0.00462547847670654,-0.001,-0.00105743593048324));
#2949=CARTESIAN_POINT('',(0.00457548859638177,-0.001,-0.000348864947493957));
#2950=CARTESIAN_POINT('',(0.00456847700873653,-0.001,-0.000298916396180489));
#2951=CARTESIAN_POINT('',(0.00456851932453535,-0.00099999988,-0.000299131656090993));
#2952=CARTESIAN_POINT('',(0.00457548859638177,-0.001,-0.000348864947493957));
#2953=CARTESIAN_POINT('',(0.00442097321004219,-0.001,-0.000298916396180489));
#2954=CARTESIAN_POINT('',(0.00427346941134785,-0.001,-0.000298916396180489));
#2955=CARTESIAN_POINT('',(0.00427346941134785,-0.001,-0.000298916396180489));
#2956=CARTESIAN_POINT('',(0.00442097321004219,-0.001,-0.000298916396180489));
#2957=CARTESIAN_POINT('',(0.00376795639277166,-0.001,-0.000394918868551041));
#2958=CARTESIAN_POINT('',(0.00376795639277166,0.,-0.000394918868551041));
#2959=CARTESIAN_POINT('',(0.00386629225856789,-0.001,-0.000330917220304006));
#2960=CARTESIAN_POINT('',(0.00386629225856789,0.,-0.000330917220304006));
#2961=CARTESIAN_POINT('',(0.00403479659809328,-0.001,-0.000298916396180488));
#2962=CARTESIAN_POINT('',(0.00403479659809328,0.,-0.000298916396180488));
#2963=CARTESIAN_POINT('',(0.00427346941134785,-0.001,-0.000298916396180489));
#2964=CARTESIAN_POINT('',(0.00427346941134785,0.,-0.000298916396180489));
#2965=CARTESIAN_POINT('',(0.00376795639277166,-0.001,-0.000394918868551041));
#2966=CARTESIAN_POINT('',(0.00376795639277166,-0.001,-0.000394918868551041));
#2967=CARTESIAN_POINT('',(0.00376795639277166,-0.001,-0.000394918868551041));
#2968=CARTESIAN_POINT('',(0.003915460191466,-0.001,-0.000298916396180488));
#2969=CARTESIAN_POINT('',(0.00427346941134785,-0.001,-0.000298916396180489));
#2970=CARTESIAN_POINT('',(0.00350544963238343,-0.001,-0.000797929247356589));
#2971=CARTESIAN_POINT('',(0.00350544963238343,0.,-0.000797929247356589));
#2972=CARTESIAN_POINT('',(0.00358211827351269,-0.001,-0.000593257309733258));
#2973=CARTESIAN_POINT('',(0.00358211827351269,0.,-0.000593257309733258));
#2974=CARTESIAN_POINT('',(0.00366962052697543,-0.001,-0.000458920516798076));
#2975=CARTESIAN_POINT('',(0.00366962052697543,0.,-0.000458920516798076));
#2976=CARTESIAN_POINT('',(0.00376795639277166,-0.001,-0.000394918868551041));
#2977=CARTESIAN_POINT('',(0.00376795639277166,0.,-0.000394918868551041));
#2978=CARTESIAN_POINT('',(0.00350544963238343,-0.001,-0.000797929247356589));
#2979=CARTESIAN_POINT('',(0.00350544963238343,-0.001,-0.000797929247356589));
#2980=CARTESIAN_POINT('',(0.00350544963238343,-0.001,-0.000797929247356589));
#2981=CARTESIAN_POINT('',(0.00362045259407732,-0.001,-0.000490921340921593));
#2982=CARTESIAN_POINT('',(0.00376795639277166,-0.001,-0.000394918868551041));
#2983=CARTESIAN_POINT('',(0.0033264450224425,-0.001,-0.00129094194400953));
#2984=CARTESIAN_POINT('',(0.00314744041250158,-0.001,-0.00178395464066248));
#2985=CARTESIAN_POINT('',(0.00314739537066848,-0.001,-0.00178393795460963));
#2986=CARTESIAN_POINT('',(0.0033264450224425,-0.001,-0.00129094194400953));
#2987=CARTESIAN_POINT('',(0.00266612065593299,-0.001,-0.00160564646928427));
#2988=CARTESIAN_POINT('',(0.00295493545488355,-0.001,-0.00202996097611201));
#2989=CARTESIAN_POINT('',(0.00295491006203138,-0.001,-0.00202992352197306));
#2990=CARTESIAN_POINT('',(0.00266612065593299,-0.001,-0.00160564646928427));
#2991=CARTESIAN_POINT('',(0.00265970724899945,-0.001,-0.0016072789667764));
#2992=CARTESIAN_POINT('',(0.00265442771584864,-0.001,-0.00212296337122099));
#2993=CARTESIAN_POINT('',(0.00265442854292885,-0.00099999975,-0.0021228825852202));
#2994=CARTESIAN_POINT('',(0.00265970724899945,-0.001,-0.0016072789667764));
#2995=CARTESIAN_POINT('',(0.00255542516621651,-0.001,-0.00212296337122099));
#2996=CARTESIAN_POINT('',(0.00245642261658437,-0.001,-0.00212296337122099));
#2997=CARTESIAN_POINT('',(0.00245642097305203,-0.001,-0.00212289306453537));
#2998=CARTESIAN_POINT('',(0.00255542516621651,-0.001,-0.00212296337122099));
#2999=CARTESIAN_POINT('',(0.00245102451979973,-0.001,-0.00189204470660931));
#3000=CARTESIAN_POINT('',(0.00225441741430467,-0.001,-0.00201396056405025));
#3001=CARTESIAN_POINT('',(0.00225462893248394,-0.001,-0.00201382863066159));
#3002=CARTESIAN_POINT('',(0.00245102451979973,-0.001,-0.00189204470660931));
#3003=CARTESIAN_POINT('',(0.00244720222677463,-0.001,-0.00187256655785758));
#3004=CARTESIAN_POINT('',(0.00222541666744273,-0.001,-0.00178395464066247));
#3005=CARTESIAN_POINT('',(0.00222549877467351,-0.00099999975,-0.00178398744567988));
#3006=CARTESIAN_POINT('',(0.00244720222677463,-0.001,-0.00187256655785758));
#3007=CARTESIAN_POINT('',(0.00241742161218384,-0.001,-0.00128144169934786));
#3008=CARTESIAN_POINT('',(0.00260942655692494,-0.001,-0.00077892875803325));
#3009=CARTESIAN_POINT('',(0.00260942655692494,-0.001,-0.00077892875803325));
#3010=CARTESIAN_POINT('',(0.00241742161218384,-0.001,-0.00128144169934786));
#3011=CARTESIAN_POINT('',(0.0031344400777014,-0.001,-2.39093138690097E-5));
#3012=CARTESIAN_POINT('',(0.0031344400777014,0.,-2.39093138690097E-5));
#3013=CARTESIAN_POINT('',(0.00292976814007807,-0.001,-0.00015191261036308));
#3014=CARTESIAN_POINT('',(0.00292976814007807,0.,-0.00015191261036308));
#3015=CARTESIAN_POINT('',(0.00275476363315258,-0.001,-0.000403585758417826));
#3016=CARTESIAN_POINT('',(0.00275476363315258,0.,-0.000403585758417826));
#3017=CARTESIAN_POINT('',(0.00260942655692494,-0.001,-0.00077892875803325));
#3018=CARTESIAN_POINT('',(0.00260942655692494,0.,-0.00077892875803325));
#3019=CARTESIAN_POINT('',(0.0031344400777014,-0.001,-2.39093138690097E-5));
#3020=CARTESIAN_POINT('',(0.0031344400777014,-0.001,-2.39093138690097E-5));
#3021=CARTESIAN_POINT('',(0.0031344400777014,-0.001,-2.39093138690097E-5));
#3022=CARTESIAN_POINT('',(0.00282743217126641,-0.001,-0.000215914258610114));
#3023=CARTESIAN_POINT('',(0.00260942655692494,-0.001,-0.00077892875803325));
#3024=CARTESIAN_POINT('',(0.00312938331500775,-0.001,-1.45880920559175E-5));
#3025=CARTESIAN_POINT('',(0.00314018613126003,-0.001,-1.17040701672303E-5));
#3026=CARTESIAN_POINT('',(0.00314018613126003,-0.001,-1.17040701672303E-5));
#3027=CARTESIAN_POINT('',(0.00312938331500775,-0.001,-1.45880920559175E-5));
#3028=CARTESIAN_POINT('',(0.0031352266220045,-0.001,-1.01224347657284E-5));
#3029=CARTESIAN_POINT('',(0.0031344400777014,-0.001,-4.90882454567097E-6));
#3030=CARTESIAN_POINT('',(0.00313481185046379,-0.001,-4.62288088577891E-6));
#3031=CARTESIAN_POINT('',(0.0031352266220045,-0.001,-1.01224347657284E-5));
#3032=CARTESIAN_POINT('',(0.00353544813398703,-0.001,0.00123775616442317));
#3033=CARTESIAN_POINT('',(0.0024719230157692,-0.001,0.000481603704707181));
#3034=CARTESIAN_POINT('',(0.0024719230157692,-0.001,0.000481603704707181));
#3035=CARTESIAN_POINT('',(0.00353544813398703,-0.001,0.00123775616442317));
#3036=CARTESIAN_POINT('',(0.00222541666744273,-0.001,0.00128212432067205));
#3037=CARTESIAN_POINT('',(0.00222541666744273,0.,0.00128212432067205));
#3038=CARTESIAN_POINT('',(0.00222541666744273,-0.001,0.00097878317533454));
#3039=CARTESIAN_POINT('',(0.00222541666744273,0.,0.00097878317533454));
#3040=CARTESIAN_POINT('',(0.00230758545021822,-0.001,0.000711942970012917));
#3041=CARTESIAN_POINT('',(0.00230758545021822,0.,0.000711942970012917));
#3042=CARTESIAN_POINT('',(0.0024719230157692,-0.001,0.000481603704707181));
#3043=CARTESIAN_POINT('',(0.0024719230157692,0.,0.000481603704707181));
#3044=CARTESIAN_POINT('',(0.00222541666744273,-0.001,0.00128212432067205));
#3045=CARTESIAN_POINT('',(0.00222541666744273,-0.001,0.00128212432067205));
#3046=CARTESIAN_POINT('',(0.00222541666744273,-0.001,0.00128212432067205));
#3047=CARTESIAN_POINT('',(0.00222541666744273,-0.001,0.000827112602665785));
#3048=CARTESIAN_POINT('',(0.0024719230157692,-0.001,0.000481603704707181));
#3049=CARTESIAN_POINT('',(0.00269292870737225,-0.001,0.0022641496109625));
#3050=CARTESIAN_POINT('',(0.00269292870737225,0.,0.0022641496109625));
#3051=CARTESIAN_POINT('',(0.0023812540140859,-0.001,0.00203147695223109));
#3052=CARTESIAN_POINT('',(0.0023812540140859,0.,0.00203147695223109));
#3053=CARTESIAN_POINT('',(0.00222541666744273,-0.001,0.00170413518880094));
#3054=CARTESIAN_POINT('',(0.00222541666744273,0.,0.00170413518880094));
#3055=CARTESIAN_POINT('',(0.00222541666744273,-0.001,0.00128212432067205));
#3056=CARTESIAN_POINT('',(0.00222541666744273,0.,0.00128212432067205));
#3057=CARTESIAN_POINT('',(0.00269292870737225,-0.001,0.0022641496109625));
#3058=CARTESIAN_POINT('',(0.00269292870737225,-0.001,0.0022641496109625));
#3059=CARTESIAN_POINT('',(0.00269292870737225,-0.001,0.0022641496109625));
#3060=CARTESIAN_POINT('',(0.00222541666744273,-0.001,0.00191514062286538));
#3061=CARTESIAN_POINT('',(0.00222541666744273,-0.001,0.00128212432067205));
#3062=CARTESIAN_POINT('',(0.00410046495593009,-0.001,0.0026131585990596));
#3063=CARTESIAN_POINT('',(0.00410046495593009,0.,0.0026131585990596));
#3064=CARTESIAN_POINT('',(0.00347378215017787,-0.001,0.0026131585990596));
#3065=CARTESIAN_POINT('',(0.00347378215017787,0.,0.0026131585990596));
#3066=CARTESIAN_POINT('',(0.00300460340065859,-0.001,0.0024968222696939));
#3067=CARTESIAN_POINT('',(0.00300460340065859,0.,0.0024968222696939));
#3068=CARTESIAN_POINT('',(0.00269292870737225,-0.001,0.0022641496109625));
#3069=CARTESIAN_POINT('',(0.00269292870737225,0.,0.0022641496109625));
#3070=CARTESIAN_POINT('',(0.00410046495593009,-0.001,0.0026131585990596));
#3071=CARTESIAN_POINT('',(0.00410046495593009,-0.001,0.0026131585990596));
#3072=CARTESIAN_POINT('',(0.00410046495593009,-0.001,0.0026131585990596));
#3073=CARTESIAN_POINT('',(0.00316044074730176,-0.001,0.0026131585990596));
#3074=CARTESIAN_POINT('',(0.00269292870737225,-0.001,0.0022641496109625));
#3075=CARTESIAN_POINT('',(0.00407621048774604,-0.001,-0.00865014751995965));
#3076=CARTESIAN_POINT('',(0.005150491997483,-0.001,0.00256215728561275));
#3077=CARTESIAN_POINT('',(0.00515048419449706,-0.001,0.00256207834144387));
#3078=CARTESIAN_POINT('',(0.00407621048774604,-0.001,-0.00865014751995965));
#3079=CARTESIAN_POINT('',(0.00512380053196446,-0.001,0.00220127602901044));
#3080=CARTESIAN_POINT('',(0.00540649859047114,-0.001,0.00242765382171859));
#3081=CARTESIAN_POINT('',(0.00540636175981401,-0.001,0.00242754415329185));
#3082=CARTESIAN_POINT('',(0.00512380053196446,-0.001,0.00220127602901044));
#3083=CARTESIAN_POINT('',(0.00509246488994825,-0.001,0.00215430477139196));
#3084=CARTESIAN_POINT('',(0.00550850121736485,-0.001,0.00215214672653018));
#3085=CARTESIAN_POINT('',(0.00550850121736485,-0.001,0.00215214672653018));
#3086=CARTESIAN_POINT('',(0.00509246488994825,-0.001,0.00215430477139196));
#3087=CARTESIAN_POINT('',(0.00550850121736485,-0.001,0.000197096377734033));
#3088=CARTESIAN_POINT('',(0.00550850121736485,-0.001,-0.00175795397106212));
#3089=CARTESIAN_POINT('',(0.00550853141712511,-0.001,-0.00175795381130398));
#3090=CARTESIAN_POINT('',(0.00550850121736485,-0.001,0.000197096377734033));
#3091=CARTESIAN_POINT('',(0.00462547847670654,-0.001,0.00112512027731604));
#3092=CARTESIAN_POINT('',(0.00462547847670654,0.,0.00112512027731604));
#3093=CARTESIAN_POINT('',(0.00462553219662537,0.,0.0018191362224273));
#3094=CARTESIAN_POINT('',(0.00462547847670654,0.,0.000431102404137255));
#3095=CARTESIAN_POINT('',(0.00462547847670654,-0.001,0.00181913815049483));
#3096=CARTESIAN_POINT('',(0.00462553219662537,-0.001,0.0018191362224273));
#3097=CARTESIAN_POINT('',(0.00462547847670654,-0.001,0.00112512027731604));
#3098=CARTESIAN_POINT('',(0.00462547847670654,-0.001,0.000431102404137255));
#3099=CARTESIAN_POINT('',(0.00462547847670654,-0.001,0.000431102404137255));
#3100=CARTESIAN_POINT('',(0.0045645363617954,-0.001,0.00182132543065725));
#3101=CARTESIAN_POINT('',(0.0045645363617954,0.,0.00182132543065725));
#3102=CARTESIAN_POINT('',(0.00456847585729584,0.,0.00188271318738864));
#3103=CARTESIAN_POINT('',(0.00456847700873653,-0.001,0.00188313979874186));
#3104=CARTESIAN_POINT('',(0.00456847585729584,-0.001,0.00188271318738864));
#3105=CARTESIAN_POINT('',(0.0045645363617954,-0.001,0.00182132543065725));
#3106=CARTESIAN_POINT('',(0.00415091076076842,-0.001,-0.000798192989874797));
#3107=CARTESIAN_POINT('',(0.00415091076076842,0.,-0.000798192989874797));
#3108=CARTESIAN_POINT('',(0.00416446660417712,0.,0.00191514062286538));
#3109=CARTESIAN_POINT('',(0.00416446660417712,-0.001,0.00191514062286538));
#3110=CARTESIAN_POINT('',(0.00416446660417712,-0.001,0.00191514062286538));
#3111=CARTESIAN_POINT('',(0.00415091076076842,-0.001,-0.000798192989874797));
#3112=CARTESIAN_POINT('',(0.00310843940810104,-0.001,0.00119212200282466));
#3113=CARTESIAN_POINT('',(0.00310843940810104,0.,0.00119212200282466));
#3114=CARTESIAN_POINT('',(0.00310843940810104,-0.001,0.00167413441618514));
#3115=CARTESIAN_POINT('',(0.00310843940810104,0.,0.00167413441618514));
#3116=CARTESIAN_POINT('',(0.00346044847345973,-0.001,0.00191514062286538));
#3117=CARTESIAN_POINT('',(0.00346044847345973,0.,0.00191514062286538));
#3118=CARTESIAN_POINT('',(0.00416446660417712,-0.001,0.00191514062286538));
#3119=CARTESIAN_POINT('',(0.00416446660417712,0.,0.00191514062286538));
#3120=CARTESIAN_POINT('',(0.00310843940810104,0.,0.00119212200282466));
#3121=CARTESIAN_POINT('',(0.00310843940810104,0.,0.00191514062286538));
#3122=CARTESIAN_POINT('',(0.00416446660417712,0.,0.00191514062286538));
#3123=CARTESIAN_POINT('',(0.00310843940810104,0.,0.00119212200282466));
#3124=CARTESIAN_POINT('',(0.00310843940810104,-0.001,0.00119212200282466));
#3125=CARTESIAN_POINT('',(0.00310843940810104,-0.001,0.00119212200282466));
#3126=CARTESIAN_POINT('',(0.00310843940810104,-0.001,0.00119212200282466));
#3127=CARTESIAN_POINT('',(0.00310843940810104,-0.001,0.00191514062286538));
#3128=CARTESIAN_POINT('',(0.00416446660417712,-0.001,0.00191514062286538));
#3129=CARTESIAN_POINT('',(0.00424846876750135,-0.001,0.000379101064936539));
#3130=CARTESIAN_POINT('',(0.00424846876750135,0.,0.000379101064936539));
#3131=CARTESIAN_POINT('',(0.00348844919456781,-0.001,0.000379101064936539));
#3132=CARTESIAN_POINT('',(0.00348844919456781,0.,0.000379101064936539));
#3133=CARTESIAN_POINT('',(0.00310843940810104,-0.001,0.000650108044232578));
#3134=CARTESIAN_POINT('',(0.00310843940810104,0.,0.000650108044232578));
#3135=CARTESIAN_POINT('',(0.00310843940810104,-0.001,0.00119212200282466));
#3136=CARTESIAN_POINT('',(0.00310843940810104,0.,0.00119212200282466));
#3137=CARTESIAN_POINT('',(0.00424846876750135,0.,0.000379101064936539));
#3138=CARTESIAN_POINT('',(0.00310843940810104,0.,0.000379101064936539));
#3139=CARTESIAN_POINT('',(0.00310843940810104,0.,0.00119212200282466));
#3140=CARTESIAN_POINT('',(0.00424846876750135,0.,0.000379101064936539));
#3141=CARTESIAN_POINT('',(0.00424846876750135,-0.001,0.000379101064936539));
#3142=CARTESIAN_POINT('',(0.00424846876750135,-0.001,0.000379101064936539));
#3143=CARTESIAN_POINT('',(0.00424846876750135,-0.001,0.000379101064936539));
#3144=CARTESIAN_POINT('',(0.00310843940810104,-0.001,0.000379101064936539));
#3145=CARTESIAN_POINT('',(0.00310843940810104,-0.001,0.00119212200282466));
#3146=CARTESIAN_POINT('',(0.00440847288811894,-0.001,0.000379101064936539));
#3147=CARTESIAN_POINT('',(0.00440847288811894,0.,0.000379101064936539));
#3148=CARTESIAN_POINT('',(0.00456847700873653,0.,0.000379101064936539));
#3149=CARTESIAN_POINT('',(0.00456847700873653,-0.001,0.000379101064936539));
#3150=CARTESIAN_POINT('',(0.00456847700873653,-0.001,0.000379101064936539));
#3151=CARTESIAN_POINT('',(0.00440847288811894,-0.001,0.000379101064936539));
#3152=CARTESIAN_POINT('',(0.00462547847670654,-0.001,0.000431102404137255));
#3153=CARTESIAN_POINT('',(0.00462547847670654,0.,0.000431102404137255));
#3154=CARTESIAN_POINT('',(0.00462547847670654,-0.001,0.000396434844670111));
#3155=CARTESIAN_POINT('',(0.00462547847670654,0.,0.000396434844670111));
#3156=CARTESIAN_POINT('',(0.0046064779873832,-0.001,0.000379101064936539));
#3157=CARTESIAN_POINT('',(0.0046064779873832,0.,0.000379101064936539));
#3158=CARTESIAN_POINT('',(0.00456847700873653,-0.001,0.000379101064936539));
#3159=CARTESIAN_POINT('',(0.00456847700873653,0.,0.000379101064936539));
#3160=CARTESIAN_POINT('',(0.00462547847670654,0.,0.000431102404137255));
#3161=CARTESIAN_POINT('',(0.00462547847670654,0.,0.000379101064936539));
#3162=CARTESIAN_POINT('',(0.00456847700873653,0.,0.000379101064936539));
#3163=CARTESIAN_POINT('',(0.00462547847670654,-0.001,0.000431102404137255));
#3164=CARTESIAN_POINT('',(0.00462547847670654,-0.001,0.000379101064936539));
#3165=CARTESIAN_POINT('',(0.00456847700873653,-0.001,0.000379101064936539));
#3166=CARTESIAN_POINT('',(0.0051582034144777,-0.001,-0.00175980706270044));
#3167=CARTESIAN_POINT('',(0.0051582034144777,-0.001,-0.00175980706270044));
#3168=CARTESIAN_POINT('',(0.,-0.001,0.));
#3169=CARTESIAN_POINT('',(0.,0.,0.));
#3170=MECHANICAL_DESIGN_GEOMETRIC_PRESENTATION_REPRESENTATION('',(#1763),
#3171);
#3171=(
GEOMETRIC_REPRESENTATION_CONTEXT(3)
GLOBAL_UNCERTAINTY_ASSIGNED_CONTEXT((#3172))
GLOBAL_UNIT_ASSIGNED_CONTEXT((#3175,#3174,#3173))
REPRESENTATION_CONTEXT('Part 1','TOP_LEVEL_ASSEMBLY_PART')
);
#3172=UNCERTAINTY_MEASURE_WITH_UNIT(LENGTH_MEASURE(2.E-5),#3175,
'DISTANCE_ACCURACY_VALUE','Maximum Tolerance applied to model');
#3173=(
NAMED_UNIT(*)
SI_UNIT($,.STERADIAN.)
SOLID_ANGLE_UNIT()
);
#3174=(
NAMED_UNIT(*)
PLANE_ANGLE_UNIT()
SI_UNIT($,.RADIAN.)
);
#3175=(
LENGTH_UNIT()
NAMED_UNIT(*)
SI_UNIT($,.METRE.)
);
#3176=PRODUCT_DEFINITION_SHAPE('','',#3177);
#3177=PRODUCT_DEFINITION('','',#3179,#3178);
#3178=PRODUCT_DEFINITION_CONTEXT('',#3185,'design');
#3179=PRODUCT_DEFINITION_FORMATION_WITH_SPECIFIED_SOURCE('','',#3181,
 .NOT_KNOWN.);
#3180=PRODUCT_RELATED_PRODUCT_CATEGORY('','',(#3181));
#3181=PRODUCT('Part 1','Part 1','Part 1',(#3183));
#3182=PRODUCT_CATEGORY('','');
#3183=PRODUCT_CONTEXT('',#3185,'mechanical');
#3184=APPLICATION_PROTOCOL_DEFINITION('international standard',
'ap242_managed_model_based_3d_engineering',2020,#3185);
#3185=APPLICATION_CONTEXT('managed model based 3d engineering');
ENDSEC;
END-ISO-10303-21;
